hog	genes
N1.HOG0000000	CG10472
N1.HOG0000002	CG7542
N1.HOG0000003	Jon74E
N1.HOG0000008	Jon65Aiv
N1.HOG0000017	Jon25Bi
N1.HOG0000018	Jon44E
N1.HOG0000019	Jon25Bii,Jon65Ai,Jon65Aii
N1.HOG0000023	Jon99Cii,Jon99Ci,Jon25Biii,Jon66Cii,Jon99Fii,Jon99Fi,Jon66Ci,Jon99Ciii
N1.HOG0000025	CG3088
N1.HOG0000026	CG8329,CG18179,CG18180
N1.HOG0000031	Jon65Aiii
N1.HOG0000034	yip7
N1.HOG0000036	CG10477
N1.HOG0000413	CG17361
N1.HOG0000420	CG8319
N1.HOG0000421	CG2678
N1.HOG0000424	Meics
N1.HOG0000425	CG4318,CG44002,Paris,CG17359,Neu2
N1.HOG0000428	CG33725,CG33796,CG33795,CG33927,CG13589,CG13590,CG14518,CG33454,CG33453
N1.HOG0000429	lectin-22C,lectin-37Db,CG15358,CG7763,lectin-21Cb,CG15818,lectin-30A,lectin-24A,lectin-29Ca,lectin-24Db,lectin-21Ca
N1.HOG0000446	lambdaTry
N1.HOG0000449	thetaTry
N1.HOG0000450	CG17571
N1.HOG0000452	CG17239,Ser12
N1.HOG0000454	Send1
N1.HOG0000455	CG31681
N1.HOG0000456	iotaTry
N1.HOG0000462	epsilonTry
N1.HOG0000468	alphaTry,deltaTry,betaTry,gammaTry,CG30031,CG30025
N1.HOG0000470	Ser8
N1.HOG0000473	CG33687,CG33688,CG33689,dls
N1.HOG0000478	CG12849
N1.HOG0000483	CG33764,CG33777,CG33912,CG33654,CG33658,CG33773,CG33920,CG33923,CG33922,CG33723,CG33648,CG33928,CG33798,CG33721,CG33483,CG33463
N1.HOG0000485	TwdlR
N1.HOG0000486	Tb
N1.HOG0000489	TwdlD
N1.HOG0000490	TwdlQ
N1.HOG0000491	TwdlP
N1.HOG0000493	TwdlM,TwdlB,TwdlK,TwdlJ,TwdlL,TwdlN
N1.HOG0000494	TwdlH
N1.HOG0000495	TwdlO
N1.HOG0000521	Or42a
N1.HOG0000522	Or59b
N1.HOG0000523	Or59c
N1.HOG0000524	Or42b
N1.HOG0000525	Or22b,Or22a,Or98a
N1.HOG0000526	His3.3B,His3.3A
N1.HOG0000541	His3:CG33803,His3:CG33806,His3:CG33809,His3:CG33812,His3:CG33815,His3:CG33818,His3:CG33821,His3:CG33824,His3:CG33827,His3:CG33830,His3:CG33833,His3:CG33836,His3:CG33839,His3:CG33842,His3:CG33845,His3:CG33848,His3:CG33851,His3:CG33854,His3:CG33857,His3:CG33860,His3:CG33863,His3:CG33866,His3:CG31613
N1.HOG0000560	His2Av
N1.HOG0000590	His2A:CG33808,His2A:CG33814,His2A:CG33817,His2A:CG33820,His2A:CG33823,His2A:CG33826,His2A:CG33829,His2A:CG33832,His2A:CG33835,His2A:CG33838,His2A:CG33841,His2A:CG33844,His2A:CG33847,His2A:CG33850,His2A:CG33862,His2A:CG33865,His2A:CG31618
N1.HOG0000595	His2A:CG33853,His2A:CG33856,His2A:CG33859
N1.HOG0000792	His4:CG33881,His4:CG33879,His4:CG33877,His4:CG33869
N1.HOG0000796	His4:CG33909,His4:CG33907,His4:CG33905,His4:CG33903,His4:CG33901,His4:CG33899,His4:CG33897,His4:CG33895,His4:CG33893,His4:CG33891,His4:CG33889,His4:CG33887,His4:CG33885,His4:CG33883,His4:CG33875,His4:CG33873,His4:CG33871,His4:CG31611,His4r
N1.HOG0000802	His1:CG33801,His1:CG33804,His1:CG33807,His1:CG33810,His1:CG33813,His1:CG33816,His1:CG33819,His1:CG33822,His1:CG33825,His1:CG33828,His1:CG33831,His1:CG33834,His1:CG33837,His1:CG33840,His1:CG33843,His1:CG33846,His1:CG33849,His1:CG33852,His1:CG33855,His1:CG33858,His1:CG33861,His1:CG33864,His1:CG31617
N1.HOG0000811	His2B:CG33910,His2B:CG33908,His2B:CG33906,His2B:CG33904,His2B:CG33902,His2B:CG33900,His2B:CG33898,His2B:CG33896,His2B:CG33894,His2B:CG33892,His2B:CG33890,His2B:CG33888,His2B:CG33886,His2B:CG33884,His2B:CG33882,His2B:CG33880,His2B:CG33878,His2B:CG33876,His2B:CG33874,His2B:CG33872,His2B:CG33870,His2B:CG33868,His2B:CG17949
N1.HOG0000826	Lcp65Ad
N1.HOG0000828	Lcp65Aa
N1.HOG0000830	Lcp65Ac
N1.HOG0000839	Cpr65Ax1,Cpr65Ax2
N1.HOG0000847	Lcp65Ab1,Lcp65Ab2
N1.HOG0000871	Lcp65Ae
N1.HOG0000880	Lcp65Ag2,Lcp65Ag1,Lcp65Ag3
N1.HOG0000884	Lcp65Af
N1.HOG0000890	Mal-B2
N1.HOG0000891	Mal-B1
N1.HOG0000893	Mal-A1
N1.HOG0000894	Mal-A2
N1.HOG0000896	Mal-A5
N1.HOG0000897	Mal-A3
N1.HOG0000898	Mal-A4
N1.HOG0000901	Mal-A6
N1.HOG0000903	Mal-A8
N1.HOG0000904	Mal-A7
N1.HOG0000905	CG5550,CG9500,CG30280,CG30281
N1.HOG0000918	Pp1-87B
N1.HOG0000922	Pp1alpha-96A
N1.HOG0000927	flw
N1.HOG0000929	PpD6
N1.HOG0000930	PpN58A
N1.HOG0000931	PpD5
N1.HOG0000932	PpY-55A
N1.HOG0000933	Pp1-Y2
N1.HOG0000935	Pp1-13C
N1.HOG0000940	LysP
N1.HOG0000950	LysX
N1.HOG0000951	LysS
N1.HOG0000952	LysD,LysE,LysB
N1.HOG0000954	CG6788,CG31832
N1.HOG0000957	CG13068
N1.HOG0000962	CG14095
N1.HOG0000963	CG14096,CG12519,CG18294,CG32214,825-Oak,CG32213,CG32212
N1.HOG0000965	CG14839
N1.HOG0000966	CG11694,CG14354
N1.HOG0000967	CG34459
N1.HOG0000968	CG12985
N1.HOG0000969	CG11698
N1.HOG0000970	CG14841
N1.HOG0000971	CG14840
N1.HOG0000972	TwdlF
N1.HOG0000973	TwdlG
N1.HOG0000974	TwdlW
N1.HOG0000975	TwdlX
N1.HOG0000976	TwdlZ
N1.HOG0000977	TwdlY
N1.HOG0000979	Twdlalpha
N1.HOG0000980	TwdlV
N1.HOG0000983	GstD2,GstD4,GstD6,GstD8,GstD7,GstD3
N1.HOG0000986	GstD9
N1.HOG0000988	GstD10
N1.HOG0000989	GstD1
N1.HOG0000990	CG18609,CG8534,eloF,CG16904,CG9459,CG17821,CG9458,CG31141
N1.HOG0001018	CG11961
N1.HOG0001019	CG10051
N1.HOG0001020	CG9416
N1.HOG0001021	CG10062
N1.HOG0001022	CG13160,CG30047,CG30049,CG30043,CG33012
N1.HOG0001023	Act87E
N1.HOG0001024	Act57B
N1.HOG0001028	Act79B
N1.HOG0001032	Act88F
N1.HOG0001034	Act5C
N1.HOG0001038	Arp53D
N1.HOG0001042	Act42A
N1.HOG0001044	PH4alphaPV
N1.HOG0001047	CG15539,CG31016,CG11828,PH4alphaNE3,PH4alphaNE2,CG31524
N1.HOG0001049	CG18234
N1.HOG0001051	CG18749,CG15864
N1.HOG0001141	Ugt37E1
N1.HOG0001142	Ugt37C1,Ugt37C2
N1.HOG0001143	Ugt37A1,Ugt37B1,Ugt37A2,Ugt37A3,Ugt37D1
N1.HOG0001149	CG31300,CG13658,CG11893,CG13659,CG31104,CG31370,CG31436
N1.HOG0001151	CG33702,CG33700,CG33783,CG33784,CG33679,CG33752
N1.HOG0001152	CG33775
N1.HOG0001157	azot,CG31960
N1.HOG0001158	CG13526,CG30378
N1.HOG0001159	CG13898
N1.HOG0001160	Acam
N1.HOG0001163	CG6296
N1.HOG0001165	CG6295
N1.HOG0001166	CG6277,CG6271
N1.HOG0001175	CG17192,CG17191,CG6283
N1.HOG0001177	CG13325,CG14204,CG14219,CG14205,CG5892,CG10182,CG16723,CG10183,CG33337
N1.HOG0001179	Tak1
N1.HOG0001180	Takl1
N1.HOG0001181	Takl2
N1.HOG0001260	MFS1
N1.HOG0001261	CG2003
N1.HOG0001262	CG7881
N1.HOG0001263	CG3649
N1.HOG0001264	CG9826
N1.HOG0001265	CG30265,CG12490,CG9825
N1.HOG0001266	CG34056,CG34057
N1.HOG0001267	CG2975
N1.HOG0001269	tgy
N1.HOG0001270	C1GalTA,CG8708
N1.HOG0001272	Ccp84Ae
N1.HOG0001273	Ccp84Ac
N1.HOG0001276	Cpr5C,Ccp84Af,Ccp84Ad
N1.HOG0001289	Ccp84Ab,Ccp84Aa
N1.HOG0001294	CG13716
N1.HOG0001295	CG34266
N1.HOG0001297	SNCF
N1.HOG0001298	CG13711
N1.HOG0001303	CG13713
N1.HOG0001305	CG15876
N1.HOG0001306	Hsc70-2
N1.HOG0001322	Hsp70Ab,Hsp70Bb,Hsp70Bc,Hsp70Aa,Hsp70Ba,Hsp70Bbb
N1.HOG0001325	Hsp68
N1.HOG0001326	CG4259,CG18557,CG3117,CG18477,CG18478,SPH93,CG14990,CG31780,CG31827,CG4793
N1.HOG0001327	CG5390
N1.HOG0001329	CheB53a,CheB53b,CheB74a,CheB38c,CheB93a,CheB98a,CheB93b,CheB38b,CheB38a,CheB42b,CheB42c,CheB42a
N1.HOG0001330	Vm32E
N1.HOG0001331	Vm26Aa
N1.HOG0001333	Vm26Ac
N1.HOG0001334	Vm34Ca
N1.HOG0001335	Vml
N1.HOG0001336	Vm26Ab
N1.HOG0001337	S-Lap5
N1.HOG0001338	S-Lap8,loopin-1
N1.HOG0001339	S-Lap7,S-Lap4
N1.HOG0001340	S-Lap3
N1.HOG0001341	CG10073,CG10081
N1.HOG0001343	CG5568,CG18586,Acsx1L,Acsx1R,Acsx3
N1.HOG0001345	CG31793,CG9270
N1.HOG0001346	Mrp4
N1.HOG0001347	CG7627,l(2)03659,CG31792
N1.HOG0001373	CG42537,CG42713
N1.HOG0001376	CG42717
N1.HOG0001382	CG42716
N1.HOG0001383	CG42538
N1.HOG0001442	CG14502,CG18536,CG18537,CG18538,CG18539,CG18540
N1.HOG0001448	CG10553,CG10560
N1.HOG0001449	CHKov1,CG10562
N1.HOG0001450	CG10559
N1.HOG0001453	CG12857
N1.HOG0001454	CG30357
N1.HOG0001458	CG10752
N1.HOG0001461	CG12147
N1.HOG0001462	CG2577,CG9962,CG7094
N1.HOG0001466	CkIalpha
N1.HOG0001467	CG6465
N1.HOG0001470	CG6726
N1.HOG0001471	CG17110,CG17109,CG6733,CG6738
N1.HOG0001472	CG30288,CG30082,CG30187,CG43335,CG43336,CG42694,CG43110,CG33225,CG14227,CG4650,CG10764,CG30283,CG30414,CG30090,CG30088,CG30087,CG30083,CG30098,CG30289,CG30286,CG30287,CG18636,CG18420,CG33461,CG33462,CG33458,CG33459,CG33226
N1.HOG0001473	CG13135,CG14850,CG14851,CG8087
N1.HOG0001474	Cyp6a21
N1.HOG0001478	Cyp6a8,Cyp6a18
N1.HOG0001479	Cyp6a2
N1.HOG0001503	alpha-Est5
N1.HOG0001504	alpha-Est6
N1.HOG0001505	alpha-Est1,gas
N1.HOG0001506	alpha-Est2
N1.HOG0001637	Gr59d,Gr36a,Gr36b,Gr36c,Gr59c
N1.HOG0001638	AOX1
N1.HOG0001639	AOX2
N1.HOG0001640	AOX3,AOX4
N1.HOG0001641	betaTub60D
N1.HOG0001643	betaTub65B
N1.HOG0001644	betaTub97EF
N1.HOG0001645	betaTub56D
N1.HOG0001648	betaTub85D
N1.HOG0001651	CG42464,CG43165,IM33
N1.HOG0001653	Acp24A4
N1.HOG0001655	CG16713
N1.HOG0001663	CG11470,CG10911,CG7567,CG31041
N1.HOG0001664	Lectin-galC1,lectin-37Da
N1.HOG0001666	Sfp24F,CG43055
N1.HOG0001670	Lcp3,Lcp4
N1.HOG0001676	Lcp1,Lcp2
N1.HOG0001678	CG10096,CG10097,Sgp,CG17562,CG17560,CG14893
N1.HOG0001679	Eb1
N1.HOG0001686	Mst27D
N1.HOG0001688	CG15306
N1.HOG0001690	CG32371
N1.HOG0001694	Vha16-1
N1.HOG0001695	Vha16-4
N1.HOG0001696	Vha16-5
N1.HOG0001697	Vha16-3,Vha16-2
N1.HOG0001705	vers
N1.HOG0001708	Sid
N1.HOG0001709	CG14062,CG12917
N1.HOG0001801	mthl3,mth,mthl11,mthl4,mthl2,mthl6
N1.HOG0001803	CG8834,CG4830
N1.HOG0001805	Cys,CG8066,CG31313
N1.HOG0001809	CG15369
N1.HOG0001814	ACXD
N1.HOG0001815	ACXC,ACXB,ACXA,ACXE
N1.HOG0001816	CG32301,CG32305
N1.HOG0001818	CG5506,CG16775
N1.HOG0001819	CG33768
N1.HOG0001820	CG33770
N1.HOG0001821	CG33769
N1.HOG0001823	CG33767,CG33771
N1.HOG0001824	CG30002,CG1773,grass
N1.HOG0001825	eIF4E6,eIF4E7
N1.HOG0001829	eIF4E4
N1.HOG0001834	eIF4E5
N1.HOG0001835	eIF4E1
N1.HOG0001836	alpha4GT1,alpha4GT2
N1.HOG0001837	CG34161,CG11052,CG18371
N1.HOG0001838	Acyp
N1.HOG0001840	Acyp2
N1.HOG0001847	CG17801,Odj,CG1792,CG18764
N1.HOG0001877	CG30495,CG2070,CG2065,Rdh1
N1.HOG0001878	CG30491
N1.HOG0001881	CG7824
N1.HOG0001908	pip
N1.HOG0001914	CG10274,D19B,D19A
N1.HOG0001917	promL
N1.HOG0001923	CG14355,CG31533,CG31327
N1.HOG0001979	CG31189
N1.HOG0001980	CG7079,CG31207
N1.HOG0001985	CG15254
N1.HOG0001986	CG15253
N1.HOG0001987	CG7631
N1.HOG0001990	Semp1
N1.HOG0001995	CG9514
N1.HOG0002003	CG9503
N1.HOG0002007	CG45065
N1.HOG0002008	CG45064
N1.HOG0002010	CG9518
N1.HOG0002011	Cyp6d2
N1.HOG0002013	Cyp6d5
N1.HOG0002015	Cyp6d4
N1.HOG0002018	Cyp6a13
N1.HOG0002020	veil,CG30103
N1.HOG0002021	NT5E-2
N1.HOG0002022	CG3285,CG15408
N1.HOG0002024	CG9360,CG3301
N1.HOG0002025	Diedel3,Diedel2,Diedel
N1.HOG0002026	CG16719
N1.HOG0002028	CG12395
N1.HOG0002029	Toll-4
N1.HOG0002032	GstE4,GstE5,GstE6,GstE7,GstE8
N1.HOG0002033	CG2444
N1.HOG0002036	CG34177
N1.HOG0002040	CG34215
N1.HOG0002041	CG7794
N1.HOG0002042	alphaTub67C
N1.HOG0002047	alphaTub84B
N1.HOG0002049	alphaTub84D
N1.HOG0002051	alphaTub85E
N1.HOG0002052	sut1
N1.HOG0002053	sut2
N1.HOG0002054	sut3
N1.HOG0002056	CG7882
N1.HOG0002057	Ugt49C1
N1.HOG0002058	Ugt49B2,Ugt49B1
N1.HOG0002059	Cyp313a5,Cyp313a2,Cyp313a3,Cyp313a1
N1.HOG0002060	Cyp313a4
N1.HOG0002061	CG15056,CG14891
N1.HOG0002062	CG13088
N1.HOG0002064	CG31633
N1.HOG0002065	Ir47a,Ir94a,Ir94b,Ir94c
N1.HOG0002066	CG5707
N1.HOG0002068	CG5704,CG15879,CG15820
N1.HOG0002070	CG11475
N1.HOG0002071	CG11474
N1.HOG0002072	CG4161
N1.HOG0002073	CG2921
N1.HOG0002075	Cyp12a5,Cyp12a4
N1.HOG0002077	Cyp12c1
N1.HOG0002126	BomS3,BomS1,BomS5,BomS4,BomS2,BomS6
N1.HOG0002127	CG7255
N1.HOG0002128	CG13248
N1.HOG0002129	CG5535
N1.HOG0002134	slif
N1.HOG0002137	CG6421
N1.HOG0002138	CG6429,CG6435
N1.HOG0002139	CG6426
N1.HOG0002141	CG43308
N1.HOG0002142	CG11018
N1.HOG0002144	Cyp6a22
N1.HOG0002146	Cyp6a23,Cyp6a17
N1.HOG0002147	Cyp6a19
N1.HOG0002149	CG33234
N1.HOG0002150	CG33233
N1.HOG0002151	CG31106
N1.HOG0002152	CG31103
N1.HOG0002153	Ugt35B1,Ugt35D1,Ugt35E1,Ugt35E2
N1.HOG0002155	Ugt35A1
N1.HOG0002161	elfless
N1.HOG0002166	dgrn
N1.HOG0002172	CG44271
N1.HOG0002173	Lfg
N1.HOG0002174	CG33673,Recs1,Nmda1
N1.HOG0002176	tomboy20
N1.HOG0002177	Tom20
N1.HOG0002178	Fum4
N1.HOG0002179	Fum3
N1.HOG0002181	Fum2
N1.HOG0002182	Fum1
N1.HOG0002185	SkpB
N1.HOG0002189	SkpF
N1.HOG0002204	SkpA
N1.HOG0002207	wa-cup
N1.HOG0002208	CG15128,CG7634
N1.HOG0002209	CG16995
N1.HOG0002210	CG31482
N1.HOG0002211	CG4270
N1.HOG0002214	CecA1,CecA2,CecB,CecC
N1.HOG0002258	Cyp4p1,Cyp4p2,Cyp4p3
N1.HOG0002259	CG32473
N1.HOG0002260	CG8773
N1.HOG0002261	CG8774
N1.HOG0002262	Obp56a
N1.HOG0002263	Obp56f
N1.HOG0002264	Obp56d,Obp56e
N1.HOG0002271	CG31664,orion
N1.HOG0002279	CG43755
N1.HOG0002280	CG31921,CG31797
N1.HOG0002287	Hsp60B
N1.HOG0002288	Hsp60D
N1.HOG0002291	Hsp60C
N1.HOG0002292	Hsp60A
N1.HOG0002293	LManII
N1.HOG0002294	LManIII,LManV,LManIV,LManVI,LManI
N1.HOG0002295	CG33552,CG13481,CG17329,CG14983,CG31807
N1.HOG0002297	CG14744,CG12376,CG14743,CG5348
N1.HOG0002312	CheA84a,CheA86a
N1.HOG0002313	CheA75a
N1.HOG0002314	CG12209
N1.HOG0002315	CG34315,CG42571,CG42570
N1.HOG0002316	CG18088,CG9988,CG32985,CG32984
N1.HOG0002317	CG10730,CG9168
N1.HOG0002318	AANATL3,AANATL4
N1.HOG0002320	CG11598,CG11600,CG11608,CG18530
N1.HOG0002321	CG31091,CG31089
N1.HOG0002322	CG40486
N1.HOG0002323	CG40485
N1.HOG0002324	Antdh
N1.HOG0002327	CG10953,CG30457
N1.HOG0002329	CG17290,CG30458
N1.HOG0002330	Est-6,Est-P
N1.HOG0002331	CG42565,CG13510
N1.HOG0002332	Dcp-1
N1.HOG0002333	Drice
N1.HOG0002334	CG31358,CG14736,Mec2
N1.HOG0002337	CG43120
N1.HOG0002338	CG11714
N1.HOG0002343	CG10748,CG10749
N1.HOG0002345	Mdh2
N1.HOG0002346	Idgf3
N1.HOG0002347	Idgf1
N1.HOG0002350	Idgf2
N1.HOG0002352	CG13801,CG11262,CG31693
N1.HOG0002354	hoe1
N1.HOG0002355	Roc1a
N1.HOG0002375	CG18063,CG13544,CG31735,CG12448
N1.HOG0002376	Smvt
N1.HOG0002377	CG2187,salt
N1.HOG0002378	lolal
N1.HOG0002381	CG8924
N1.HOG0002386	lola
N1.HOG0002388	GstE1,GstE2
N1.HOG0002389	CG33640
N1.HOG0002392	CG33641,CG33642,CG33643,CG33645
N1.HOG0002395	CG13042
N1.HOG0002398	CG13043
N1.HOG0002399	CG34447
N1.HOG0002400	CG34448,CG14034
N1.HOG0002402	CG42302,Tim13
N1.HOG0002403	CG34132
N1.HOG0002404	Ir94g
N1.HOG0002405	Ir94f
N1.HOG0002406	Ir20a,Ir94h
N1.HOG0002407	CG43294
N1.HOG0002408	CG42397,CG14125,Muc68E
N1.HOG0002409	CG11570
N1.HOG0002410	CG31548
N1.HOG0002411	CG12171,CG31549
N1.HOG0002413	Cpr67Fa1,Cpr67Fa2
N1.HOG0002414	Cpr65Ec
N1.HOG0002415	Cpr65Eb
N1.HOG0002417	CG11843,CG11841,CG11842
N1.HOG0002418	CG9747
N1.HOG0002421	Desat2
N1.HOG0002422	Desat1
N1.HOG0002424	CG33792
N1.HOG0002425	CG33919,CG33467,CG33137
N1.HOG0002426	Gr92a,Gr93b,Gr93c,Gr93d
N1.HOG0002428	CG31205
N1.HOG0002430	CG31199
N1.HOG0002431	CG13308,CG13309,CG32024
N1.HOG0002432	CG13312
N1.HOG0002433	CG42561,CG42562
N1.HOG0002435	Gpo2
N1.HOG0002436	Gpo3
N1.HOG0002438	Gpo1
N1.HOG0002439	CG6052
N1.HOG0002442	CG8908
N1.HOG0002443	CG42816,CG31213
N1.HOG0002444	Abca3
N1.HOG0002477	nAChRalpha7
N1.HOG0002485	nAChRalpha6
N1.HOG0002491	Eglp3,Eglp2
N1.HOG0002492	Eglp4
N1.HOG0002494	Spn42Da
N1.HOG0002495	Spn42Db
N1.HOG0002496	CG7768
N1.HOG0002500	Cyp1
N1.HOG0002501	scpr-C,scpr-B,scpr-A
N1.HOG0002502	CG34274,CG31294
N1.HOG0002503	CG34297
N1.HOG0002505	CG11286
N1.HOG0002506	CG42650,CG10919
N1.HOG0002528	Naa20B,CG31730
N1.HOG0002530	Naa20A
N1.HOG0002531	MtnB,MtnE,MtnC
N1.HOG0002533	HP1b
N1.HOG0002534	rhi
N1.HOG0002538	HP6
N1.HOG0002539	Inx6
N1.HOG0002540	zpg
N1.HOG0002541	Inx5
N1.HOG0002542	CG4631
N1.HOG0002545	CG11629
N1.HOG0002546	CG31815
N1.HOG0002547	CG5316
N1.HOG0002548	ssx,maca
N1.HOG0002552	Prtl99C
N1.HOG0002559	CG46192
N1.HOG0002560	ProtA,ProtB
N1.HOG0002564	CG18493
N1.HOG0002565	CG3739
N1.HOG0002566	CG5653,CG7460,CG6034
N1.HOG0002567	CG13771,CG1774
N1.HOG0002568	CG1638,CG1635
N1.HOG0002570	CG14689,CG31391,CG31467
N1.HOG0002572	PGRP-SC1a,PGRP-SC1b,PGRP-SC2
N1.HOG0002574	Dd
N1.HOG0002583	CG8584
N1.HOG0002584	CG12078
N1.HOG0002587	Ir52a,Ir52d,Ir52b,Ir52c
N1.HOG0002588	CG12289,CG7551,CG7328
N1.HOG0002589	brv3,brv2,brv1
N1.HOG0002591	CG30270
N1.HOG0002592	CG34234
N1.HOG0002593	CG31523
N1.HOG0002594	CG31522
N1.HOG0002595	Elovl7
N1.HOG0002596	Vha68-2,Vha68-3
N1.HOG0002597	Vha68-1
N1.HOG0002599	Cpr66Cb
N1.HOG0002600	CG34461
N1.HOG0002601	Cpr62Bc
N1.HOG0002602	CG14609
N1.HOG0002603	Prosbeta2,Prosbeta2R1,Prosbeta2R2
N1.HOG0002604	CG2964
N1.HOG0002605	CG7069
N1.HOG0002606	PyK
N1.HOG0002607	CG42854,CG12112
N1.HOG0002617	Doc1
N1.HOG0002618	Doc3
N1.HOG0002619	Doc2
N1.HOG0002652	CG15155,CG5783
N1.HOG0002654	CG17681
N1.HOG0002655	Yp2
N1.HOG0002656	Yp3
N1.HOG0002657	Yp1
N1.HOG0002658	CG13473
N1.HOG0002659	TrxT
N1.HOG0002660	Trx-2
N1.HOG0002662	COX6AL2
N1.HOG0002664	COX6AL
N1.HOG0002666	levy
N1.HOG0002669	Tim17b1
N1.HOG0002670	Tim17b,Tim17b2,CG1724
N1.HOG0002671	Pgm2a,Pgm2b
N1.HOG0002673	CG6901,CG17929,CG17930
N1.HOG0002674	et
N1.HOG0002675	dome
N1.HOG0002676	Argp
N1.HOG0002678	primo-2
N1.HOG0002679	primo-1
N1.HOG0002680	CG9452
N1.HOG0002681	CG9451
N1.HOG0002682	CG9449
N1.HOG0002721	Gs1l
N1.HOG0002722	CG5565,CG31924
N1.HOG0002723	Lsp1gamma
N1.HOG0002724	Lsp1beta,Lsp1alpha
N1.HOG0002728	CG34283,CG32625
N1.HOG0002733	CG9294
N1.HOG0002734	CG18735
N1.HOG0002735	tpr
N1.HOG0002738	CG42780
N1.HOG0002740	Ag5r2
N1.HOG0002741	Ag5r
N1.HOG0002742	CG15035,fig
N1.HOG0002743	CG12091
N1.HOG0002744	Ugt303B3,Ugt303B1,Ugt303B2,Ugt303A1
N1.HOG0002745	CG44005,CG44006,CG44004
N1.HOG0002746	CG14500
N1.HOG0002747	beat-Ic
N1.HOG0002748	beat-Ia
N1.HOG0002749	beat-Ib
N1.HOG0002750	Glyat,CG12560
N1.HOG0002751	tbrd-2
N1.HOG0002763	CG34227
N1.HOG0002764	CanA1
N1.HOG0002765	Pp2B-14D
N1.HOG0002766	CanA-14F
N1.HOG0002768	kl-5
N1.HOG0002769	CG3339
N1.HOG0002770	Dhc93AB
N1.HOG0002773	CG7465
N1.HOG0002780	CG13705
N1.HOG0002781	CG32237
N1.HOG0002783	CAH6
N1.HOG0002784	CAH5
N1.HOG0002785	CAH16
N1.HOG0002786	Acp65Aa
N1.HOG0002788	Cpr65Aw
N1.HOG0002789	Cpr65Av
N1.HOG0002792	CG10029
N1.HOG0002794	ERp44
N1.HOG0002797	CG4712,CG4714,CG31231
N1.HOG0002798	CG15096
N1.HOG0002799	Acox57D-d
N1.HOG0002801	Acox57D-p
N1.HOG0002802	CG9391
N1.HOG0002806	CG9389
N1.HOG0002809	CG31933
N1.HOG0002810	CG3123,CG11630,CG1428,CG14731
N1.HOG0002815	Ir67c
N1.HOG0002816	Ir67b
N1.HOG0002834	CG15098
N1.HOG0002835	CG14693,CG12698,CG8958
N1.HOG0002836	ND-51L2
N1.HOG0002837	ND-51L1
N1.HOG0002838	ND-51
N1.HOG0002840	CG9568,CG13102
N1.HOG0002841	CG42362,CG42363
N1.HOG0002842	CG34345,CG18233,CG18231,CG32201,CG32199
N1.HOG0002845	CG5715
N1.HOG0002847	CG6763
N1.HOG0002850	CG3502
N1.HOG0002851	CG31445,SP1029
N1.HOG0002854	Or74a
N1.HOG0002855	Or35a
N1.HOG0002856	AttA,AttB
N1.HOG0002857	VhaM9.7-a
N1.HOG0002858	VhaM9.7-c,VhaM9.7-b
N1.HOG0002859	CG10469
N1.HOG0002860	CG15556,CG11318
N1.HOG0002863	rdx
N1.HOG0002870	CG33966
N1.HOG0002872	CG33514
N1.HOG0002873	Lip4,CG18301,CG18284,CG17097,CG31872
N1.HOG0002874	CG13334
N1.HOG0002879	Ldh
N1.HOG0002880	CG12520
N1.HOG0002883	CG3625
N1.HOG0002884	CG11601,CG6149
N1.HOG0002885	CG15717,CG11634,CG12516,CG2336
N1.HOG0002886	CG5787,Pih1D1
N1.HOG0002896	CG15459
N1.HOG0002898	Neb-cGP
N1.HOG0002901	CG15458
N1.HOG0002906	CG5440
N1.HOG0002907	CG2574
N1.HOG0002915	rumpel
N1.HOG0002916	Gr59b,Gr59a
N1.HOG0002918	CG18585
N1.HOG0002920	CG7025
N1.HOG0002921	Adgf-E,Adgf-B
N1.HOG0002922	Adgf-A
N1.HOG0002923	Pgant6
N1.HOG0002924	CG31776,Pgant4
N1.HOG0002926	CG14402,CG32462
N1.HOG0002928	CG32436
N1.HOG0002930	dpr8
N1.HOG0002933	dpr21
N1.HOG0002935	dpr6
N1.HOG0002937	Ugt302E1,Ugt302C1
N1.HOG0002938	Ugt302K1
N1.HOG0002939	Ir75a
N1.HOG0002941	Ir75b
N1.HOG0002942	Ir75c
N1.HOG0002943	CG34300,CG42531,CG43198
N1.HOG0002944	CG34230
N1.HOG0002946	CG7024
N1.HOG0002948	Pdha
N1.HOG0002949	Amyrel
N1.HOG0002950	Amy-p,Amy-d
N1.HOG0002951	Cyp9c1,Cyp9h1
N1.HOG0002952	CG44013,CG44014
N1.HOG0002956	sofe,feo
N1.HOG0002960	CG4598,CG4594
N1.HOG0002961	CG4592
N1.HOG0002963	DptB
N1.HOG0002964	DptA
N1.HOG0002965	CG31816
N1.HOG0002966	CG14658,CG14659
N1.HOG0002970	e(r)
N1.HOG0002974	CG42828,CG42827
N1.HOG0002976	CG4927,CG3700
N1.HOG0002979	Ser6,CG1304
N1.HOG0002980	BTBD9
N1.HOG0002983	Spn28Da,Spn42Dd,Spn28B,Spn38F,Spn28F
N1.HOG0002984	Menl-2,Menl-1
N1.HOG0002985	Men-b
N1.HOG0002986	CG7402
N1.HOG0002987	CG7408
N1.HOG0002988	CG32191
N1.HOG0002989	CG8343
N1.HOG0002990	Or47a
N1.HOG0002991	Or9a
N1.HOG0002992	CG2901,CG10481
N1.HOG0002993	CG10154,CG10140
N1.HOG0002994	CG10725
N1.HOG0002995	Cht4
N1.HOG0002996	Cht9
N1.HOG0002998	RpS14a,RpS14b
N1.HOG0003001	CG31388
N1.HOG0003003	CG1137,CG13168
N1.HOG0003040	Prosbeta5R1,Prosbeta5,Prosbeta5R2
N1.HOG0003042	NimB3
N1.HOG0003044	eater
N1.HOG0003047	Prosalpha4T2,Prosalpha4,Prosalpha4T1
N1.HOG0003050	CG3568
N1.HOG0003051	CG2909
N1.HOG0003052	CG42798
N1.HOG0003053	CG44090
N1.HOG0003054	CG34280
N1.HOG0003075	CG30428
N1.HOG0003076	Eig71Eb,Eig71Ec
N1.HOG0003077	CG43082,Eig71Eg,Eig71Ei,Eig71Ek
N1.HOG0003078	Oatp58Da,Oatp58Db
N1.HOG0003079	Cpr76Bb
N1.HOG0003080	Cpr76Ba
N1.HOG0003081	Arts,Apl
N1.HOG0003088	Prx2540-2,CG12896,Prx2540-1
N1.HOG0003093	CG9254
N1.HOG0003094	dmGlut
N1.HOG0003095	CG44008
N1.HOG0003096	Sfp33A3
N1.HOG0003097	CG45011,CG45012,CG31704
N1.HOG0003101	CG13678
N1.HOG0003110	Gr22f,Gr22e,Gr22c,Gr22a
N1.HOG0003111	CG1698
N1.HOG0003112	CG4476
N1.HOG0003113	CG8850
N1.HOG0003115	Ran
N1.HOG0003127	Ran-like
N1.HOG0003130	polyph,CG32081
N1.HOG0003131	Trf4-2
N1.HOG0003133	Trf4-1
N1.HOG0003135	RpS28a
N1.HOG0003136	RpS28-like
N1.HOG0003137	RpS28b
N1.HOG0003138	CG33286,CG12983,CG33287
N1.HOG0003152	Or85f
N1.HOG0003153	Or49a
N1.HOG0003154	Lcp9
N1.HOG0003157	Cpr47Eg
N1.HOG0003173	CG18596
N1.HOG0003175	GNBP2
N1.HOG0003176	CG7194
N1.HOG0003177	CG4017
N1.HOG0003178	CG17633
N1.HOG0003179	CG43796,CG13110,CG14391,CG31347
N1.HOG0003180	Ucp4C
N1.HOG0003181	Ucp4B
N1.HOG0003183	sut4,Glut3
N1.HOG0003229	CG12898,CG33477,CG33476
N1.HOG0003230	CG33475
N1.HOG0003231	Mst36Fb,CG43339,Mst36Fa,CG33322
N1.HOG0003235	CG16957
N1.HOG0003237	t-cup
N1.HOG0003238	MSBP
N1.HOG0003239	Mtch,CG10920
N1.HOG0003240	CG30148,CG12780,GNBP-like3
N1.HOG0003241	CG3491
N1.HOG0003242	sno
N1.HOG0003243	CG12766,CG10863
N1.HOG0003246	CG10638
N1.HOG0003247	CG34303
N1.HOG0003251	CG33758,CG33757
N1.HOG0003256	Nup93-1,Nup93-2
N1.HOG0003259	CG10550
N1.HOG0003260	CG17189
N1.HOG0003261	CG14259
N1.HOG0003265	CG32026
N1.HOG0003267	Idh3a
N1.HOG0003268	Or65a,Or65b,Or65c
N1.HOG0003269	Or47b
N1.HOG0003270	Or59a
N1.HOG0003271	Nepl6,Nepl8
N1.HOG0003272	PIG-N,CG4907,CG13978
N1.HOG0003273	CG1299
N1.HOG0003276	cag
N1.HOG0003319	Sgs3
N1.HOG0003320	CG11835
N1.HOG0003323	bic
N1.HOG0003325	Bace
N1.HOG0003330	scramb1
N1.HOG0003332	scramb2
N1.HOG0003334	Cyp4e2,Cyp4e3,Cyp4e1
N1.HOG0003335	CG15046
N1.HOG0003336	CG4367,CG4362
N1.HOG0003337	CG18417
N1.HOG0003341	CG8562
N1.HOG0003348	CG16985
N1.HOG0003349	CG16986
N1.HOG0003350	p38a,p38b,p38c
N1.HOG0003352	Ank
N1.HOG0003353	Ank2
N1.HOG0003354	CG9336,CG9338
N1.HOG0003355	CG4415,Nacalpha
N1.HOG0003357	CycB
N1.HOG0003358	Cdk2
N1.HOG0003359	Cdk1
N1.HOG0003360	CG17048,CG46383
N1.HOG0003361	CG4306
N1.HOG0003362	CG32196
N1.HOG0003364	CG13527,CG4477,CG18223
N1.HOG0003365	CG32055
N1.HOG0003366	CG6749
N1.HOG0003367	Pka-C2
N1.HOG0003368	CG12069
N1.HOG0003369	CG11398
N1.HOG0003370	CG15336
N1.HOG0003375	S-Lap1,S-Lap2
N1.HOG0003387	Arf4
N1.HOG0003404	vrs
N1.HOG0003407	Den1
N1.HOG0003408	CG16781,CG9855
N1.HOG0003409	Eig71Ea,Eig71Ed,Eig71Ef,Eig71Eh,Eig71Ej
N1.HOG0003418	CG9010
N1.HOG0003419	Gapdh1,Gapdh2
N1.HOG0003421	Alp7
N1.HOG0003422	Alp8,Alp2
N1.HOG0003423	Mur11Da
N1.HOG0003424	CG32642,CG12716
N1.HOG0003425	AstA-R2
N1.HOG0003430	AstA-R1
N1.HOG0003437	CG34181,CG12439
N1.HOG0003438	CG42592
N1.HOG0003439	CG32483
N1.HOG0003442	hiro
N1.HOG0003443	Rab5
N1.HOG0003445	Pkcdelta
N1.HOG0003451	Pkc98E
N1.HOG0003453	zuc
N1.HOG0003454	colt
N1.HOG0003455	MME1
N1.HOG0003456	CCKLR-17D1
N1.HOG0003457	CCKLR-17D3
N1.HOG0003461	Got1
N1.HOG0003467	Ca-alpha1D
N1.HOG0003468	nom,ouib
N1.HOG0003469	CG8159
N1.HOG0003472	Svil
N1.HOG0003473	ranshi,M1BP
N1.HOG0003474	Dic2
N1.HOG0003475	Dic1
N1.HOG0003476	CG4438,CG11444
N1.HOG0003485	CG4004
N1.HOG0003489	eIF3g2
N1.HOG0003492	eIF3g1
N1.HOG0003493	CG10459
N1.HOG0003494	wmd
N1.HOG0003496	Obp83a
N1.HOG0003497	Obp83b
N1.HOG0003498	CG3107
N1.HOG0003502	CG43328
N1.HOG0003503	CG15296
N1.HOG0003504	QIL1
N1.HOG0003505	Ir48c
N1.HOG0003506	Ir48b
N1.HOG0003507	Argk2
N1.HOG0003510	Argk1
N1.HOG0003513	wrd
N1.HOG0003515	CG34432,CG34433
N1.HOG0003516	CG14315
N1.HOG0003517	CG8138
N1.HOG0003518	PIG-Wa,PIG-Wb
N1.HOG0003519	CG15767
N1.HOG0003523	CG30350
N1.HOG0003532	hll
N1.HOG0003533	bgm
N1.HOG0003534	CG17636
N1.HOG0003535	Ggt-1
N1.HOG0003536	betaGlu
N1.HOG0003537	CG15117
N1.HOG0003538	Mst98Cb,Mst98Ca
N1.HOG0003540	CG6330
N1.HOG0003541	CG3788
N1.HOG0003542	NetA
N1.HOG0003544	NetB
N1.HOG0003545	CG14694,CG6574
N1.HOG0003546	term,CG7271,CG6885
N1.HOG0003548	CG14352
N1.HOG0003551	eEF1alpha2
N1.HOG0003556	eEF1alpha1
N1.HOG0003559	Obp58b,Obp58c
N1.HOG0003561	mael
N1.HOG0003564	CG13051
N1.HOG0003565	CG13069
N1.HOG0003578	CG8132
N1.HOG0003584	Obp99b
N1.HOG0003585	Obp99a
N1.HOG0003586	CG1339,CG31750
N1.HOG0003587	Ilp3
N1.HOG0003588	Ilp1
N1.HOG0003589	hbs
N1.HOG0003594	sns
N1.HOG0003596	CG31097,CG31288
N1.HOG0003597	CG30054,CG17760,Galphaq
N1.HOG0003599	CG6830,CG6834
N1.HOG0003600	CG8586,CG8738
N1.HOG0003601	CG4563
N1.HOG0003602	SdhBL
N1.HOG0003603	SdhB
N1.HOG0003604	Try29F
N1.HOG0003605	CG31954
N1.HOG0003606	CG3085
N1.HOG0003607	CG34443
N1.HOG0003608	CG34184,CG34442
N1.HOG0003609	CG7366,CG8006
N1.HOG0003611	CadN2
N1.HOG0003620	CadN
N1.HOG0003623	CG7907,Cbp80
N1.HOG0003632	Jupiter
N1.HOG0003633	CG32413,QC
N1.HOG0003634	gammaTub37C
N1.HOG0003638	gammaTub23C
N1.HOG0003641	CG7251,CG14011
N1.HOG0003642	CG9582,CG5254
N1.HOG0003643	gskt
N1.HOG0003645	sgg
N1.HOG0003648	CG34324
N1.HOG0003649	CG34220
N1.HOG0003650	Cyp28a5
N1.HOG0003651	Abcd1
N1.HOG0003652	Abcd3
N1.HOG0003654	DIP-epsilon
N1.HOG0003660	DIP-zeta
N1.HOG0003662	Or67d
N1.HOG0003668	CG10147
N1.HOG0003669	mAcon1,mAcon2
N1.HOG0003670	CG17564,CG10750
N1.HOG0003671	GstZ1,GstZ2
N1.HOG0003674	Ulp1
N1.HOG0003676	Ae2
N1.HOG0003677	Ndae1
N1.HOG0003681	Cpr78Cc
N1.HOG0003684	Edg78E
N1.HOG0003685	Mov10
N1.HOG0003687	CG17237
N1.HOG0003690	Mlc-c
N1.HOG0003691	CG8093
N1.HOG0003693	Lip3
N1.HOG0003694	CG17919
N1.HOG0003695	CG10298
N1.HOG0003698	ScpX,CG17597
N1.HOG0003699	Alp5
N1.HOG0003700	Alp9
N1.HOG0003701	CG31245
N1.HOG0003702	CG3581,CG31404
N1.HOG0003703	mrva
N1.HOG0003704	CG12194
N1.HOG0003705	Orct2
N1.HOG0003706	Orct
N1.HOG0003707	Ppm1,CG17746
N1.HOG0003708	CG10104
N1.HOG0003709	cathD
N1.HOG0003710	U2af50,LS2
N1.HOG0003711	Best4
N1.HOG0003712	Best3
N1.HOG0003714	Rpt4
N1.HOG0003715	Rpt4R
N1.HOG0003716	CG31624,CG31988
N1.HOG0003717	CG34325
N1.HOG0003720	sesB
N1.HOG0003722	Ant2
N1.HOG0003725	CRAT,CG5122,CG5265
N1.HOG0003728	fred
N1.HOG0003731	ed
N1.HOG0003732	CG5945
N1.HOG0003733	CG5867
N1.HOG0003734	ttm2
N1.HOG0003735	ttm50
N1.HOG0003736	ATPsynbetaL
N1.HOG0003737	ATPsynbeta
N1.HOG0003738	CG34334,RnpS1
N1.HOG0003740	eEF5
N1.HOG0003744	wek,CG17568
N1.HOG0003746	Rac1
N1.HOG0003747	Rac2
N1.HOG0003749	ms(3)76Cc
N1.HOG0003750	CG4669
N1.HOG0003751	CG6262,Treh
N1.HOG0003766	Sumo
N1.HOG0003770	AANATL2
N1.HOG0003774	Atg8a
N1.HOG0003775	Atg8b
N1.HOG0003776	CG13380
N1.HOG0003777	NKCC
N1.HOG0003778	Ncc69
N1.HOG0003779	CG8800
N1.HOG0003780	CG10839
N1.HOG0003781	CG33269,CG33500,CG33272,CG33271,CG33270
N1.HOG0003782	Ect3
N1.HOG0003783	Gal
N1.HOG0003784	CG5111,CG15445
N1.HOG0003794	Hsc70-1
N1.HOG0003795	Hsc70-4
N1.HOG0003796	CG4456
N1.HOG0003797	CG12279
N1.HOG0003798	Bug22
N1.HOG0003799	CG17118
N1.HOG0003801	tomboy40
N1.HOG0003802	Tom40
N1.HOG0003803	CG12679
N1.HOG0003804	CG14269
N1.HOG0003805	pcm
N1.HOG0003806	Rat1
N1.HOG0003809	Ance-2
N1.HOG0003810	Ance
N1.HOG0003811	Taf6,mia
N1.HOG0003812	CG33340
N1.HOG0003813	CG2127
N1.HOG0003814	CG3544
N1.HOG0003815	CG3534
N1.HOG0003816	CG9289
N1.HOG0003817	CG9287
N1.HOG0003818	CG8664,CG5107
N1.HOG0003819	ND-49L
N1.HOG0003820	ND-49
N1.HOG0003821	CG4408
N1.HOG0003822	CG2915
N1.HOG0003823	Grx1,Grx1t
N1.HOG0003826	CG12493,blanks
N1.HOG0003827	DIP1
N1.HOG0003828	CalpA
N1.HOG0003829	CalpB
N1.HOG0003830	CG17754
N1.HOG0003831	Cyp309a1,Cyp309a2
N1.HOG0003832	CG8008,CG15553
N1.HOG0003833	CG16758,CG18128
N1.HOG0003834	Adh
N1.HOG0003837	Galphao
N1.HOG0003839	Galphai
N1.HOG0003840	CG10996,CG4988,CG32444
N1.HOG0003841	CG4820,CG17806,Nnk
N1.HOG0003844	Or67a
N1.HOG0003845	CG33791
N1.HOG0003846	Ogdh
N1.HOG0003847	18w
N1.HOG0003848	Toll-7
N1.HOG0003849	CG7054,Pebp1
N1.HOG0003850	CG9649,CG31326
N1.HOG0003851	Crtp
N1.HOG0003853	Vsx2
N1.HOG0003860	Vsx1
N1.HOG0003862	Ctr1C
N1.HOG0003864	Ctr1A
N1.HOG0003865	CG31343
N1.HOG0003866	CG31233
N1.HOG0003870	Sodh-1,Sodh-2
N1.HOG0003873	CG11560,ssp
N1.HOG0003875	CG34116
N1.HOG0003876	CG9314
N1.HOG0003877	Cat
N1.HOG0003878	Alp1
N1.HOG0003879	phu
N1.HOG0003880	Gs2
N1.HOG0003881	Gs1
N1.HOG0003883	d-cup
N1.HOG0003884	sowi,CG15177,sunz
N1.HOG0003885	Ubc84D
N1.HOG0003886	Ubc10
N1.HOG0003887	Pen
N1.HOG0003889	Pde11
N1.HOG0003891	CG30384
N1.HOG0003892	CG33140
N1.HOG0003893	Rh4
N1.HOG0003894	Rh3
N1.HOG0003902	CG44422
N1.HOG0003909	Ddr
N1.HOG0003913	DIP-beta
N1.HOG0003922	DIP-alpha
N1.HOG0003923	GstO3
N1.HOG0003924	se
N1.HOG0003925	Prat
N1.HOG0003926	Prat2
N1.HOG0003927	CG17974
N1.HOG0003928	CG9822
N1.HOG0003929	CG18130
N1.HOG0003930	CG14221
N1.HOG0003931	Swip-1,CG14861
N1.HOG0003932	AhcyL1
N1.HOG0003933	AhcyL2
N1.HOG0003934	LpR2,LpR1
N1.HOG0003936	Rpn13R
N1.HOG0003938	Rpn13
N1.HOG0003941	Pkc53E
N1.HOG0003942	inaC
N1.HOG0003944	Ptp4E
N1.HOG0003947	Vha36-1
N1.HOG0003948	Vha36-3
N1.HOG0003950	CG13029,CG17198,CG17197,CG17196,CG17195,CG4956
N1.HOG0003951	Taf5
N1.HOG0003953	can
N1.HOG0003955	CG31345
N1.HOG0003956	CG10126
N1.HOG0003960	CG7458
N1.HOG0003962	Rpt3R
N1.HOG0003964	Rpt3
N1.HOG0003965	alpha-Est8
N1.HOG0003966	alpha-Est9
N1.HOG0003967	CG14196
N1.HOG0003968	out
N1.HOG0003969	eIF4H1,eIF4H2
N1.HOG0003971	RluA-2
N1.HOG0003975	RluA-1
N1.HOG0003979	Vha100-4
N1.HOG0003980	Vha100-2
N1.HOG0003982	CG3819
N1.HOG0003983	CG6839
N1.HOG0003984	Hrb98DE
N1.HOG0003985	Hrb87F
N1.HOG0003986	CG11889,CG11878
N1.HOG0003987	CG32054,CG42825
N1.HOG0003990	CG3092
N1.HOG0003991	CG30412
N1.HOG0003994	CG42505
N1.HOG0003995	CG13970
N1.HOG0003996	Nsf2
N1.HOG0003997	comt
N1.HOG0003998	Cyp6w1
N1.HOG0003999	CG9961
N1.HOG0004000	Pgk
N1.HOG0004001	CG9733
N1.HOG0004002	CG9737
N1.HOG0004003	Trxr-2
N1.HOG0004004	Trxr-1
N1.HOG0004005	JhI-26
N1.HOG0004006	tld
N1.HOG0004007	tok
N1.HOG0004008	Sry-alpha
N1.HOG0004009	Spt
N1.HOG0004010	ND-20,ND-20L
N1.HOG0004011	CG31802
N1.HOG0004013	CG17493
N1.HOG0004017	HisCl1
N1.HOG0004018	ort
N1.HOG0004020	CRMP
N1.HOG0004021	CG6888
N1.HOG0004022	Jafrac1
N1.HOG0004023	Bro
N1.HOG0004024	Fit2
N1.HOG0004025	Fit1
N1.HOG0004026	beat-Vb
N1.HOG0004027	beat-Va
N1.HOG0004028	CG17003
N1.HOG0004029	Atat
N1.HOG0004031	CG7900
N1.HOG0004032	CG7910
N1.HOG0004034	Mdr65,CG10226
N1.HOG0004035	Arpc3B,Arpc3A
N1.HOG0004036	CG9522
N1.HOG0004037	CG12539
N1.HOG0004039	CG2811
N1.HOG0004040	Tina-1
N1.HOG0004041	H15
N1.HOG0004042	mid
N1.HOG0004043	Pld3,CG43345
N1.HOG0004044	CG5326
N1.HOG0004045	sit
N1.HOG0004047	dnt
N1.HOG0004048	FASN2
N1.HOG0004049	FASN1
N1.HOG0004050	CG32087
N1.HOG0004051	Tango5
N1.HOG0004052	Cpr47Ec
N1.HOG0004053	Cpr47Eb
N1.HOG0004055	ATPsynG
N1.HOG0004056	ATPsynGL
N1.HOG0004057	Cpr30B
N1.HOG0004058	Cpr30F
N1.HOG0004059	blp,CG1409
N1.HOG0004060	SdhCL
N1.HOG0004061	SdhC
N1.HOG0004062	GluRIA
N1.HOG0004064	CG34261
N1.HOG0004065	CG33054
N1.HOG0004066	ey
N1.HOG0004068	Rab8
N1.HOG0004069	Rab10
N1.HOG0004071	Nepl12,Nep7
N1.HOG0004072	Ald1,Ald2
N1.HOG0004073	VhaPPA1-2
N1.HOG0004074	VhaPPA1-1
N1.HOG0004076	ppk5
N1.HOG0004077	ppk12
N1.HOG0004078	Cpr56F
N1.HOG0004079	resilin
N1.HOG0004080	CG17826,CG31077
N1.HOG0004081	Ubi-p63E
N1.HOG0004084	Ubi-p5E
N1.HOG0004098	PCNA2,PCNA
N1.HOG0004100	Frq1
N1.HOG0004101	Frq2
N1.HOG0004102	kirre
N1.HOG0004103	rst
N1.HOG0004104	robo3
N1.HOG0004112	TkR86C
N1.HOG0004114	Pepck2
N1.HOG0004115	Pepck1
N1.HOG0004117	CG12464
N1.HOG0004118	CG11815
N1.HOG0004119	CG17380,CG31609,CG31515
N1.HOG0004123	CG30275
N1.HOG0004124	CG30268
N1.HOG0004125	Cpr47Ef,Cpr49Ae
N1.HOG0004126	CG34169,CG34106,CG3611
N1.HOG0004127	B-H2
N1.HOG0004128	B-H1
N1.HOG0004129	mey
N1.HOG0004130	nyo
N1.HOG0004132	Sirup,CG15283
N1.HOG0004134	CG1231
N1.HOG0004135	dbf
N1.HOG0004139	stai,CG31642
N1.HOG0004141	Pglym78,Pglym87
N1.HOG0004142	Hez
N1.HOG0004143	Lsm12a
N1.HOG0004144	CG34130,CG34129
N1.HOG0004145	Agpat3,Agpat4
N1.HOG0004146	Rcd2
N1.HOG0004147	CG13252
N1.HOG0004148	Hou,CG18467
N1.HOG0004149	Dpy-30L2
N1.HOG0004150	Dpy-30L1
N1.HOG0004151	CG4766
N1.HOG0004152	mab-21
N1.HOG0004154	beta-Man
N1.HOG0004155	Sfp38D,CG43090,CG43074,CG17472,CG31680,CG33325
N1.HOG0004157	CG16756
N1.HOG0004158	CG16799
N1.HOG0004159	Tep2,Tep1
N1.HOG0004160	CG13280
N1.HOG0004161	CG3609
N1.HOG0004163	Piezo
N1.HOG0004165	ND-B14.5A
N1.HOG0004166	ND-B14.5AL
N1.HOG0004168	disco
N1.HOG0004169	disco-r
N1.HOG0004170	CG16813,CG16815
N1.HOG0004172	CG14340
N1.HOG0004173	Fatp2
N1.HOG0004175	Gfat2
N1.HOG0004176	Gfat1
N1.HOG0004177	CG34021,CG34012
N1.HOG0004178	CG4465
N1.HOG0004179	CG4462
N1.HOG0004180	CG18745,CG18746
N1.HOG0004181	CG17027,CG17026
N1.HOG0004182	CG1889
N1.HOG0004183	CG1791
N1.HOG0004185	CG6628
N1.HOG0004187	trv
N1.HOG0004188	CG41128,CG13564,CG12479
N1.HOG0004189	I-3
N1.HOG0004190	CG13994
N1.HOG0004191	TpnC73F
N1.HOG0004192	TpnC47D
N1.HOG0004193	fne
N1.HOG0004197	stw
N1.HOG0004206	CG31559
N1.HOG0004207	CG12206
N1.HOG0004208	Naa30A
N1.HOG0004209	Naa30B
N1.HOG0004211	Sema2a
N1.HOG0004213	beat-IIb
N1.HOG0004214	beat-IIa
N1.HOG0004215	CG32107
N1.HOG0004216	CG11374
N1.HOG0004217	galectin
N1.HOG0004218	CG13614,CG33341
N1.HOG0004219	Hao
N1.HOG0004221	Rpt6R
N1.HOG0004222	Rpt6
N1.HOG0004223	CG30471,CG11353
N1.HOG0004224	CanB,CanB2
N1.HOG0004225	CG12895,CG14757
N1.HOG0004226	CG4483,CG5196
N1.HOG0004227	Cpr49Aa
N1.HOG0004229	Cpr65Az
N1.HOG0004230	janB,ocn,CG18662
N1.HOG0004231	CG31373
N1.HOG0004232	CG31278
N1.HOG0004233	CG13067
N1.HOG0004235	CG32266
N1.HOG0004236	CG31974,CG31975
N1.HOG0004237	CG10814
N1.HOG0004238	CG5321
N1.HOG0004240	cid
N1.HOG0004241	Prosbeta1
N1.HOG0004242	CG33296,CG13795,CG13793,CG13794
N1.HOG0004243	CG11162
N1.HOG0004244	CG1998
N1.HOG0004245	Cyt-c1L
N1.HOG0004246	Cyt-c1
N1.HOG0004247	CG32269
N1.HOG0004248	CG33160
N1.HOG0004249	az2
N1.HOG0004250	CG1602
N1.HOG0004251	CG14377,CG45069,CG14374
N1.HOG0004252	tbc
N1.HOG0004253	CG1695
N1.HOG0004254	Gyc89Da,Gyc89Db
N1.HOG0004255	CG12868,CG33469,CG33468
N1.HOG0004257	CG8517
N1.HOG0004258	CG8993
N1.HOG0004259	CG34423
N1.HOG0004260	CG13551
N1.HOG0004261	CG15646,CG12708
N1.HOG0004262	Prosalpha6,Prosalpha6T
N1.HOG0004265	CG44250
N1.HOG0004268	CG13321
N1.HOG0004269	CG9130,Bfc
N1.HOG0004270	NADK
N1.HOG0004271	CG33156
N1.HOG0004274	CG31086,CG32633
N1.HOG0004276	beat-IIIa
N1.HOG0004277	CG15756
N1.HOG0004278	Cpr12A
N1.HOG0004279	CG17999,CG9993
N1.HOG0004281	AsnS
N1.HOG0004282	ZnT33D
N1.HOG0004283	ZnT35C
N1.HOG0004284	EMC7
N1.HOG0004285	nmd,CG4701
N1.HOG0004286	CG13369,CG17010
N1.HOG0004287	phm
N1.HOG0004288	Cyp18a1
N1.HOG0004289	Trf5
N1.HOG0004290	Trf4
N1.HOG0004291	CG18547,CG3397
N1.HOG0004292	CG42814
N1.HOG0004293	CG42813
N1.HOG0004294	CG33258,CG13075
N1.HOG0004295	CG34015,CG15362
N1.HOG0004296	CG2104,Ptpa
N1.HOG0004297	Sbat
N1.HOG0004299	ea
N1.HOG0004300	CG11898
N1.HOG0004301	CG10505
N1.HOG0004302	pain
N1.HOG0004303	CG42402
N1.HOG0004306	CCT6
N1.HOG0004307	CG18469,CG12699
N1.HOG0004308	Ir76a
N1.HOG0004309	Ir41a
N1.HOG0004310	Cpr64Ab
N1.HOG0004311	Cpr64Ad
N1.HOG0004312	Edg84A
N1.HOG0004313	Ccp84Ag
N1.HOG0004314	PRY
N1.HOG0004315	CG42685
N1.HOG0004316	CG30048
N1.HOG0004317	CG6041,CG32755
N1.HOG0004320	CG34460
N1.HOG0004323	tsr
N1.HOG0004329	CG6873
N1.HOG0004332	CG33985,obst-H
N1.HOG0004346	Taf7
N1.HOG0004347	GluRIIE
N1.HOG0004348	GluRIID
N1.HOG0004349	CG3592,CG10337
N1.HOG0004352	Rab7
N1.HOG0004356	Rab1
N1.HOG0004359	Rab9Fb
N1.HOG0004361	Ekar
N1.HOG0004362	CG11155
N1.HOG0004365	RpS5a
N1.HOG0004366	RpS5b
N1.HOG0004368	CG31789
N1.HOG0004371	CG13323,CG13324
N1.HOG0004381	sick
N1.HOG0004384	Vha14-1
N1.HOG0004388	Vha14-2
N1.HOG0004389	Shawn,CG2616
N1.HOG0004390	CARPA
N1.HOG0004391	CARPB
N1.HOG0004392	Ir94d
N1.HOG0004393	Ir94e
N1.HOG0004394	robls54B
N1.HOG0004395	CG10822
N1.HOG0004396	CG14717
N1.HOG0004398	CG2059
N1.HOG0004399	CG13137
N1.HOG0004400	Aladin
N1.HOG0004412	CG4835,CG7248
N1.HOG0004413	nonA-l,nonA
N1.HOG0004414	Tsp3A
N1.HOG0004418	eIF1
N1.HOG0004419	Acbp3
N1.HOG0004428	Acbp4
N1.HOG0004430	CG17819,dnd
N1.HOG0004431	Or94a,Or94b
N1.HOG0004434	CG15143,CG15144,CG15145
N1.HOG0004437	CG32298
N1.HOG0004438	CG32299
N1.HOG0004439	ND-24
N1.HOG0004441	ND-24L
N1.HOG0004443	CG2233
N1.HOG0004444	Zip42C.1
N1.HOG0004445	Zip42C.2
N1.HOG0004447	CG1139
N1.HOG0004448	CG32079
N1.HOG0004449	CG14443
N1.HOG0004450	Rm62
N1.HOG0004451	CG4854
N1.HOG0004453	CG4936
N1.HOG0004454	CG32182,CG32181
N1.HOG0004455	CG7130,CG32640,CG32641
N1.HOG0004457	Mics1
N1.HOG0004458	CG2076
N1.HOG0004463	dnc
N1.HOG0004466	MICU1,CG4704
N1.HOG0004470	CG11041,CG9406
N1.HOG0004473	Muc96D
N1.HOG0004477	Muc26B
N1.HOG0004479	barr
N1.HOG0004487	Asciz,CG14451
N1.HOG0004488	fd96Cb
N1.HOG0004489	fd96Ca
N1.HOG0004491	Gpdh3
N1.HOG0004492	Gpdh1
N1.HOG0004493	CG11929,CG15631
N1.HOG0004496	Jasper
N1.HOG0004497	Efr
N1.HOG0004498	cuff
N1.HOG0004501	CG42494,CG14957,CG32284
N1.HOG0004504	AGO2
N1.HOG0004505	CG31690
N1.HOG0004506	CG4341
N1.HOG0004507	CG34040
N1.HOG0004508	CG4363
N1.HOG0004509	dpr3
N1.HOG0004510	dpr2
N1.HOG0004511	Fkbp39
N1.HOG0004512	CG43350,CG16704
N1.HOG0004513	pyr
N1.HOG0004514	ths
N1.HOG0004516	P32
N1.HOG0004518	Ir56a
N1.HOG0004519	CG33965,CG31636
N1.HOG0004520	otu,CG3251
N1.HOG0004521	CG7120
N1.HOG0004525	nAChRalpha4
N1.HOG0004529	CG3795
N1.HOG0004530	CG17028,CG17029
N1.HOG0004531	CG31296
N1.HOG0004532	zetaTry
N1.HOG0004533	etaTry
N1.HOG0004534	CG44247
N1.HOG0004535	Atf-2
N1.HOG0004536	CG34260
N1.HOG0004537	NimC1
N1.HOG0004540	CG40045
N1.HOG0004541	Ubc87F
N1.HOG0004542	CG15450
N1.HOG0004543	Gpat4
N1.HOG0004544	CG12645,CG13516
N1.HOG0004545	Gr98a
N1.HOG0004546	Nepl20,Nepl21
N1.HOG0004553	BoYb
N1.HOG0004554	Cyp9b1,Cyp9b2
N1.HOG0004560	Snap25
N1.HOG0004561	Snap24
N1.HOG0004562	CG5676
N1.HOG0004563	CG12511
N1.HOG0004564	RNASEK
N1.HOG0004565	CG11269
N1.HOG0004567	CG7166
N1.HOG0004568	klg
N1.HOG0004569	CG43773,CG43774
N1.HOG0004573	CG7694
N1.HOG0004574	aub
N1.HOG0004576	sov
N1.HOG0004579	Ugt36D1,Ugt36E1
N1.HOG0004580	CG3473
N1.HOG0004587	ben
N1.HOG0004591	boil
N1.HOG0004592	CG15472
N1.HOG0004593	Ubc4
N1.HOG0004594	SdhAL
N1.HOG0004595	SdhA
N1.HOG0004596	CG5897,CG6933
N1.HOG0004597	r2d2
N1.HOG0004598	Prosbeta7
N1.HOG0004599	PPYR1,vig2
N1.HOG0004603	CG3526
N1.HOG0004604	CG8673,CG8668
N1.HOG0004605	CG44153
N1.HOG0004610	CG13116
N1.HOG0004611	CG9521
N1.HOG0004612	CG9519
N1.HOG0004614	Snmp1
N1.HOG0004615	CG34291,CG6503
N1.HOG0004618	pum
N1.HOG0004622	Strica
N1.HOG0004625	CG34178
N1.HOG0004628	CG34211,CG34212,CG44142,CG45080
N1.HOG0004629	Ir11a
N1.HOG0004630	Ir7a
N1.HOG0004632	CG15395
N1.HOG0004633	mei-38
N1.HOG0004634	Fib,CG10909
N1.HOG0004635	CG6428,CG8526
N1.HOG0004640	alpha-Man-Ic
N1.HOG0004642	alpha-Man-Ia
N1.HOG0004643	Surf4
N1.HOG0004646	Gr39a
N1.HOG0004648	kl-3,Dhc1
N1.HOG0004649	CG15515
N1.HOG0004650	GC1
N1.HOG0004651	GC2
N1.HOG0004652	Cp1
N1.HOG0004653	CG45072
N1.HOG0004654	CG45073
N1.HOG0004655	lovit
N1.HOG0004656	Slc45-1
N1.HOG0004657	Tip60
N1.HOG0004658	CG7222,CG12231
N1.HOG0004661	CG7860
N1.HOG0004662	CG32320,CG6845
N1.HOG0004663	CG32036
N1.HOG0004664	CG32037
N1.HOG0004666	CG14778
N1.HOG0004667	CG14777
N1.HOG0004668	CG15208,CG14995
N1.HOG0004669	CG1827,CG10474,CG4372
N1.HOG0004671	eEF2
N1.HOG0004672	Osbp
N1.HOG0004675	Iyd,CG46439
N1.HOG0004676	BaraA2,BaraA1
N1.HOG0004679	RhoGEF3
N1.HOG0004682	Cpr72Ea
N1.HOG0004683	Cpr72Eb
N1.HOG0004686	Or33a,Or33b
N1.HOG0004687	Or33c
N1.HOG0004688	Ir7e
N1.HOG0004689	CG2641
N1.HOG0004693	CG14050
N1.HOG0004694	CG34167,CG31820
N1.HOG0004695	Roe1
N1.HOG0004696	CG16848
N1.HOG0004697	CG4407
N1.HOG0004698	Trf2
N1.HOG0004699	CG8323,CG18327,CG18324
N1.HOG0004700	her
N1.HOG0004702	CG5592
N1.HOG0004703	CG42269
N1.HOG0004704	hyx,CG6220
N1.HOG0004705	Cftr
N1.HOG0004707	CG15695
N1.HOG0004709	CG13084,CG4066
N1.HOG0004710	CG45050
N1.HOG0004711	CG15368
N1.HOG0004712	Ir60b,Ir60d
N1.HOG0004713	CG7730
N1.HOG0004715	mtgo
N1.HOG0004718	Lime
N1.HOG0004719	CG12744
N1.HOG0004724	HP1Lcsd
N1.HOG0004727	Su(var)205
N1.HOG0004731	Cyp4d2
N1.HOG0004735	Cyp4d14
N1.HOG0004736	Gr58a
N1.HOG0004737	Gr58b
N1.HOG0004740	kdn
N1.HOG0004744	CG14740
N1.HOG0004751	Arc1
N1.HOG0004752	CG13613,CG42811
N1.HOG0004753	UQCR-6.4L,UQCR-6.4
N1.HOG0004754	ms(3)K81,HipHop
N1.HOG0004756	neo
N1.HOG0004757	CG33710,CG43880,CG31128
N1.HOG0004759	CG33181
N1.HOG0004762	CG7423,CG31715
N1.HOG0004763	RpS19b
N1.HOG0004769	RpS19a
N1.HOG0004793	CG32987,CG32988,CG32983
N1.HOG0004796	tbrd-1
N1.HOG0004802	cher
N1.HOG0004804	Cyp6g1
N1.HOG0004805	CG42821,CG42822
N1.HOG0004806	Rho1
N1.HOG0004808	lin-52
N1.HOG0004809	CG7668
N1.HOG0004827	RpS13
N1.HOG0004829	CG9171,CG15483
N1.HOG0004830	CG18171,CG15580
N1.HOG0004832	CG33626,CG33627
N1.HOG0004834	MED1
N1.HOG0004835	CG46301
N1.HOG0004838	spok,spo
N1.HOG0004840	Rbp1-like,Rbp1
N1.HOG0004861	CG2924
N1.HOG0004862	bmm
N1.HOG0004863	CG10587,Sems,CG11037
N1.HOG0004864	CG34173,CG32267
N1.HOG0004865	CG5346,CG33099,CG33093
N1.HOG0004866	Indy-2
N1.HOG0004867	CG33934
N1.HOG0004872	CG34393
N1.HOG0004896	mei-218
N1.HOG0004897	CG13245,CG43816
N1.HOG0004898	CG34171,CG30323
N1.HOG0004899	CG15873
N1.HOG0004900	Drl-2
N1.HOG0004901	CG1737
N1.HOG0004907	prtp
N1.HOG0004909	CG13896
N1.HOG0004910	Prosalpha1,Prosalpha1R
N1.HOG0004911	Gr98c,Gr98b,Gr98d
N1.HOG0004912	CG14448
N1.HOG0004915	Kots
N1.HOG0004917	CG9702
N1.HOG0004918	retinin,CG13056
N1.HOG0004919	scb,ItgaPS4,ItgaPS5
N1.HOG0004921	Or85b,Or85c
N1.HOG0004923	Rae1,CG12782
N1.HOG0004924	Dera
N1.HOG0004925	CG6602
N1.HOG0004926	CG11322,CG2694
N1.HOG0004928	CG6357
N1.HOG0004930	cer
N1.HOG0004931	CG31752
N1.HOG0004932	CG34189,Acp62F,CG5267,CG33259
N1.HOG0004934	lectin-46Ca
N1.HOG0004935	lectin-46Cb
N1.HOG0004936	CG8237
N1.HOG0004939	Or46a
N1.HOG0004944	Gr28b
N1.HOG0004945	CG11357
N1.HOG0004946	CG10344
N1.HOG0004951	Prosbeta6
N1.HOG0004953	CG11158,CG5418
N1.HOG0004954	CG12177
N1.HOG0004955	CG12123
N1.HOG0004956	CG15219
N1.HOG0004957	CG5214
N1.HOG0004960	CG2662
N1.HOG0004962	Prosalpha2
N1.HOG0004963	ATP6AP2
N1.HOG0004965	sbr
N1.HOG0004966	Thor
N1.HOG0004968	CG14763
N1.HOG0004969	CG30271,CG42284,CG30274
N1.HOG0004971	CG6484
N1.HOG0004972	Nha1
N1.HOG0004973	CG31198
N1.HOG0004975	CG45060,CG45061
N1.HOG0004978	CG5662
N1.HOG0004979	CG8004
N1.HOG0004980	Aldh
N1.HOG0004982	CG6048
N1.HOG0004983	CG14316,CG31819
N1.HOG0004984	DnaJ-1
N1.HOG0004985	Tctp
N1.HOG0004986	CG13438
N1.HOG0004987	CG32847
N1.HOG0004988	sordd1,sordd2
N1.HOG0004991	CCY,CG31161
N1.HOG0004992	Usp10
N1.HOG0004993	NELF-B
N1.HOG0004995	CG11911
N1.HOG0004999	Tep4
N1.HOG0005000	CG33489,CG32086,CG33490
N1.HOG0005001	CG15484,squ
N1.HOG0005003	CG1941,Dgat2,CG1946
N1.HOG0005004	to
N1.HOG0005005	CG15711
N1.HOG0005006	FucTD
N1.HOG0005010	sea
N1.HOG0005011	CG17140,CG17139
N1.HOG0005012	Gr85a
N1.HOG0005013	TotM,TotF,TotX,Victoria
N1.HOG0005014	CG13744
N1.HOG0005018	CG8172
N1.HOG0005019	Set2
N1.HOG0005020	Grip84
N1.HOG0005021	CG14262
N1.HOG0005022	CG14260
N1.HOG0005023	CG2767
N1.HOG0005024	cav
N1.HOG0005025	Snoo
N1.HOG0005027	JYalpha
N1.HOG0005028	Atpalpha
N1.HOG0005038	bun
N1.HOG0005042	Sccpdh2,Sccpdh1
N1.HOG0005043	CG6441
N1.HOG0005059	CG14931
N1.HOG0005061	Osi10a
N1.HOG0005062	Osi10b
N1.HOG0005079	l(1)10Bb
N1.HOG0005087	CG9555,CG17906
N1.HOG0005089	CG15147
N1.HOG0005090	CG30344,CG30345
N1.HOG0005091	CG7208,CG31948
N1.HOG0005092	Klp3A
N1.HOG0005093	Irp-1A,Irp-1B
N1.HOG0005095	CG6978
N1.HOG0005096	Picot
N1.HOG0005098	Muc68D
N1.HOG0005099	CG8860
N1.HOG0005102	shu
N1.HOG0005103	Ino80
N1.HOG0005106	CG9641
N1.HOG0005109	CG33281
N1.HOG0005112	PpV
N1.HOG0005115	CG6770
N1.HOG0005120	CG11768
N1.HOG0005124	CAH2
N1.HOG0005125	CG44837
N1.HOG0005133	FASN3
N1.HOG0005134	CG3847
N1.HOG0005138	CG15710
N1.HOG0005143	salto
N1.HOG0005144	CG14720
N1.HOG0005148	toc
N1.HOG0005149	Cenp-C
N1.HOG0005150	ksh
N1.HOG0005152	bbg
N1.HOG0005153	polo
N1.HOG0005154	CG4968
N1.HOG0005156	CG6204
N1.HOG0005157	CG10252
N1.HOG0005159	tea
N1.HOG0005160	NO66
N1.HOG0005161	Nxt1
N1.HOG0005162	Tret1-1,Tret1-2
N1.HOG0005163	bb8
N1.HOG0005164	Skeletor
N1.HOG0005165	smp-30,regucalcin
N1.HOG0005168	CG31380
N1.HOG0005169	CG10514
N1.HOG0005170	ClC-a
N1.HOG0005171	St3
N1.HOG0005174	Smr
N1.HOG0005176	Cyp4ac1,Cyp4ac2,Cyp4ac3
N1.HOG0005177	CG16898
N1.HOG0005178	Drs,Drsl5,Drsl2,Drsl3,Drsl4,Drsl1,Drsl6
N1.HOG0005179	Tm1
N1.HOG0005180	alpha-Est4
N1.HOG0005182	CG16998
N1.HOG0005183	CG32374,CG32376
N1.HOG0005184	CG34301,CG42446
N1.HOG0005186	Rcc1
N1.HOG0005188	Ssl
N1.HOG0005189	CG6178
N1.HOG0005195	shakB
N1.HOG0005200	CG6689,CG17803
N1.HOG0005201	AsnRS
N1.HOG0005202	Hers
N1.HOG0005203	CG43064
N1.HOG0005204	CG14930
N1.HOG0005205	CG17376,CG17377
N1.HOG0005206	Gcn5
N1.HOG0005207	CG16782
N1.HOG0005213	Uro
N1.HOG0005216	CG42674
N1.HOG0005217	Taldo
N1.HOG0005218	e(y)2b
N1.HOG0005219	Prosbeta3
N1.HOG0005225	CG9014
N1.HOG0005226	CG8539
N1.HOG0005237	mh
N1.HOG0005238	CG46025
N1.HOG0005242	CG32548
N1.HOG0005244	glob2
N1.HOG0005246	glob3
N1.HOG0005249	GstT1,GstT2
N1.HOG0005255	RhoGEF64C
N1.HOG0005256	CG14305
N1.HOG0005257	Ntf-2,Ntf-2r
N1.HOG0005258	ssp5
N1.HOG0005259	CG9861
N1.HOG0005260	Sap-r
N1.HOG0005261	Pcyt1,Pcyt2
N1.HOG0005263	CG3650
N1.HOG0005264	CG32271
N1.HOG0005265	UQCR-14,UQCR-14L
N1.HOG0005266	CG43658
N1.HOG0005270	Mgat2
N1.HOG0005271	Obp50c,Obp50d
N1.HOG0005274	Peritrophin-15b,Peritrophin-15a
N1.HOG0005275	CG31668,CG33124,CG31262,SLC5A11
N1.HOG0005276	CG6567
N1.HOG0005277	Art2,Art1
N1.HOG0005278	Cyp9f3,Cyp9f2
N1.HOG0005279	ORY
N1.HOG0005280	CG6059
N1.HOG0005281	Marc
N1.HOG0005282	CG44249,Snp
N1.HOG0005283	CG42536,CG42535
N1.HOG0005284	Septin5
N1.HOG0005285	Septin2
N1.HOG0005286	Strn-Mlck
N1.HOG0005287	Obp57c
N1.HOG0005288	CG14014
N1.HOG0005289	baf
N1.HOG0005290	CG32751,vanin-like
N1.HOG0005291	mud
N1.HOG0005292	Uros1,Uros2
N1.HOG0005293	ana3
N1.HOG0005295	CycA
N1.HOG0005299	CG7560
N1.HOG0005300	dhd
N1.HOG0005301	CG46388
N1.HOG0005303	EMC3
N1.HOG0005305	Usp7
N1.HOG0005306	RpL22,RpL22-like
N1.HOG0005307	CG30036,CG30037,GalT1
N1.HOG0005308	CG14229,CG44158
N1.HOG0005309	btv
N1.HOG0005310	CG43106,CG14384
N1.HOG0005311	Swt1
N1.HOG0005313	CG5355,CG2528
N1.HOG0005314	kek4
N1.HOG0005315	kek5
N1.HOG0005316	CG11905
N1.HOG0005317	Cth
N1.HOG0005319	pst
N1.HOG0005320	Meltrin
N1.HOG0005321	cerv,qjt,CG42300,CG42299
N1.HOG0005324	mwh
N1.HOG0005326	Ankle2
N1.HOG0005327	qin
N1.HOG0005328	CG11670
N1.HOG0005329	CG14642
N1.HOG0005330	mei-S332
N1.HOG0005331	Def
N1.HOG0005332	CG9903
N1.HOG0005334	CG11655
N1.HOG0005335	Nep2
N1.HOG0005336	CG4887,CG4896
N1.HOG0005337	cnn
N1.HOG0005338	CG9119,meep
N1.HOG0005339	achi,vis
N1.HOG0005340	CG42699
N1.HOG0005342	CycB3
N1.HOG0005343	mof,CG1894
N1.HOG0005344	PCB
N1.HOG0005345	CG4250
N1.HOG0005346	CG43312
N1.HOG0005347	CG43331,CG43330
N1.HOG0005348	CG9030
N1.HOG0005349	CG12535
N1.HOG0005350	CG34245
N1.HOG0005351	CG15357
N1.HOG0005353	CG18476
N1.HOG0005356	CG7298
N1.HOG0005357	Kap-alpha3
N1.HOG0005358	CG6813
N1.HOG0005359	CG14667
N1.HOG0005362	sei
N1.HOG0005365	eag
N1.HOG0005369	cGlr2,cGlr1
N1.HOG0005374	Doa
N1.HOG0005379	CG30460
N1.HOG0005381	ms(3)76Ba
N1.HOG0005384	Cnep1r1
N1.HOG0005385	Cnep1r2
N1.HOG0005389	CG3347
N1.HOG0005390	CG17440,Cfp1
N1.HOG0005393	Hex-t2
N1.HOG0005394	CG12951,CG16749
N1.HOG0005396	Ugt50B3
N1.HOG0005397	Sr-CI,Sr-CII,Sr-CIII,Sr-CIV
N1.HOG0005398	Alg-2
N1.HOG0005407	sima
N1.HOG0005410	Parp16
N1.HOG0005411	CG12035
N1.HOG0005412	CG4572
N1.HOG0005416	CG12831,CG8065
N1.HOG0005418	sowah
N1.HOG0005420	CG1888
N1.HOG0005421	CG31099,CG31087
N1.HOG0005422	CG6012
N1.HOG0005428	TfIIA-S,TfIIA-S-2
N1.HOG0005429	CG43136,CG43115
N1.HOG0005430	Nap1
N1.HOG0005445	Pvr
N1.HOG0005468	Dys
N1.HOG0005470	PI31
N1.HOG0005474	hts
N1.HOG0005476	Obp83ef,Obp83g
N1.HOG0005477	Lint-1
N1.HOG0005478	CG7065
N1.HOG0005482	CG42748
N1.HOG0005483	CG2217
N1.HOG0005491	trol
N1.HOG0005498	RpL10Ab
N1.HOG0005500	RpL10Aa
N1.HOG0005502	CG14135
N1.HOG0005504	CG42564
N1.HOG0005506	CG17575
N1.HOG0005511	px
N1.HOG0005515	Sh
N1.HOG0005517	CG12672
N1.HOG0005518	CG31269
N1.HOG0005519	CG31265
N1.HOG0005520	ball
N1.HOG0005521	CG34179
N1.HOG0005522	slpr
N1.HOG0005523	CG16826,CG33109
N1.HOG0005529	CG18249,CG7800
N1.HOG0005532	CG43894
N1.HOG0005533	CG15140
N1.HOG0005536	CG42529,ms(3)76Ca
N1.HOG0005537	mus304
N1.HOG0005538	wam
N1.HOG0005539	ATPsynCF6,ATPsynCF6L
N1.HOG0005540	CG6337
N1.HOG0005541	CG5126
N1.HOG0005542	CG42830,akirin
N1.HOG0005543	CG18259,CG6961
N1.HOG0005545	BigH1
N1.HOG0005546	CG18302
N1.HOG0005548	Mlp60A
N1.HOG0005549	Mlp84B
N1.HOG0005550	CG10916
N1.HOG0005553	lwr
N1.HOG0005558	RpL34a,RpL34b
N1.HOG0005559	CG31272
N1.HOG0005560	Grip91
N1.HOG0005561	Sol1
N1.HOG0005562	Acsl
N1.HOG0005564	CG7295
N1.HOG0005568	Odc1,Odc2
N1.HOG0005569	Prps
N1.HOG0005574	endos
N1.HOG0005575	CG10970
N1.HOG0005576	Phae1,Phae2
N1.HOG0005577	CG11723,CG8119
N1.HOG0005578	robl62A,CG31275
N1.HOG0005582	yellow-e2
N1.HOG0005583	yellow-d2
N1.HOG0005584	CG15642
N1.HOG0005585	MFS3
N1.HOG0005586	CG15653,CG31913
N1.HOG0005587	CG8501
N1.HOG0005589	msk
N1.HOG0005590	CG17292
N1.HOG0005597	mip40
N1.HOG0005607	fzr2
N1.HOG0005612	fzr
N1.HOG0005615	CG10859,CG1571
N1.HOG0005617	sub
N1.HOG0005620	cv-c
N1.HOG0005621	igl
N1.HOG0005624	CG34259
N1.HOG0005625	CG42356
N1.HOG0005626	CG5614
N1.HOG0005627	CG42346
N1.HOG0005628	CG14246,CG3348
N1.HOG0005629	CG15676,mgr
N1.HOG0005630	CG2955,CG18190
N1.HOG0005631	Qsox3,Qsox2,Qsox4
N1.HOG0005632	Prosalpha3,Prosalpha3T
N1.HOG0005633	CG46298,CG12902
N1.HOG0005635	CG14492,CG14491
N1.HOG0005636	CG3734
N1.HOG0005648	pdm3
N1.HOG0005653	CG14818,CG13838
N1.HOG0005654	Pkd2
N1.HOG0005655	CG4951
N1.HOG0005656	Acsx2
N1.HOG0005657	CG17344
N1.HOG0005658	MRG15
N1.HOG0005659	lds
N1.HOG0005660	CG5509
N1.HOG0005661	I-t
N1.HOG0005664	Tim8
N1.HOG0005668	PolE1
N1.HOG0005669	Cyp12d1-p,Cyp12d1-d
N1.HOG0005671	bol
N1.HOG0005672	CG9396,CG9399
N1.HOG0005682	CG32488,CG11291
N1.HOG0005685	spirit
N1.HOG0005686	Obp56g
N1.HOG0005687	Nil,alph
N1.HOG0005690	CG43736
N1.HOG0005691	Hsp26
N1.HOG0005692	PH4alphaSG2
N1.HOG0005693	Hmr
N1.HOG0005695	CG32944
N1.HOG0005697	CG4691,boly
N1.HOG0005700	awd
N1.HOG0005705	CG43776,CG43777,CG43775
N1.HOG0005706	CG3565
N1.HOG0005707	CG6168,isoQC
N1.HOG0005708	Mgat4a
N1.HOG0005710	unc-13
N1.HOG0005711	CG3740,Nazo
N1.HOG0005712	CG33342,CG17784
N1.HOG0005713	Gart
N1.HOG0005714	CG13386,CG13727
N1.HOG0005715	CG12684,CG15708
N1.HOG0005719	CG14820
N1.HOG0005720	Hayan,psh
N1.HOG0005721	Tsp
N1.HOG0005722	CG7296
N1.HOG0005737	Pp4-19C
N1.HOG0005742	CG1637
N1.HOG0005744	CG43867
N1.HOG0005747	CG5863
N1.HOG0005748	CG5860
N1.HOG0005749	Uch-L5,Uch-L5R
N1.HOG0005750	Or69a
N1.HOG0005751	CG11384
N1.HOG0005752	CG43710,CG43711,CG44666
N1.HOG0005755	klar
N1.HOG0005756	CG14606,CG14605
N1.HOG0005758	RpL37b
N1.HOG0005759	RpL37a
N1.HOG0005764	bru1
N1.HOG0005767	Tfb4
N1.HOG0005769	vlc
N1.HOG0005772	CG10513
N1.HOG0005773	CG3781
N1.HOG0005774	Nemp
N1.HOG0005775	CG13615
N1.HOG0005776	Phf7
N1.HOG0005783	CG9926
N1.HOG0005784	Rcd5
N1.HOG0005785	CG17068
N1.HOG0005786	CHKov2
N1.HOG0005787	Rnp4F
N1.HOG0005788	CG5909
N1.HOG0005789	CG31200
N1.HOG0005790	CG14130
N1.HOG0005791	loqs
N1.HOG0005793	CG14785
N1.HOG0005794	CG11263
N1.HOG0005795	CG4842,CG18814
N1.HOG0005796	CG9631
N1.HOG0005797	CG31139
N1.HOG0005798	rumi
N1.HOG0005802	pnt
N1.HOG0005807	CG9997
N1.HOG0005809	CG11686
N1.HOG0005811	CG15930
N1.HOG0005812	Pop2
N1.HOG0005815	ovo
N1.HOG0005816	Tim17a2,Tim17a1
N1.HOG0005817	bumpel,kumpel
N1.HOG0005818	borr
N1.HOG0005819	cana,cmet
N1.HOG0005820	CG3842
N1.HOG0005821	Sfxn1-3
N1.HOG0005822	Hmu,Ssl2
N1.HOG0005823	CG15533
N1.HOG0005824	CG11726
N1.HOG0005825	eIF4B
N1.HOG0005826	Ilp2
N1.HOG0005827	CG14505
N1.HOG0005828	CG11523
N1.HOG0005830	CG8086
N1.HOG0005843	fan
N1.HOG0005844	Cad86C
N1.HOG0005846	CG8388
N1.HOG0005847	Xbp1
N1.HOG0005849	btsz
N1.HOG0005850	Setd3
N1.HOG0005851	Iswi
N1.HOG0005855	mbl
N1.HOG0005857	Tsp42Eb,CG30160
N1.HOG0005858	yellow-d
N1.HOG0005859	CG12883
N1.HOG0005860	hiw
N1.HOG0005869	Hml
N1.HOG0005873	CG2772
N1.HOG0005874	CG10602
N1.HOG0005877	CG34002
N1.HOG0005878	Sas10
N1.HOG0005879	Tsp42Ed
N1.HOG0005881	CG2061
N1.HOG0005882	Cyp4d1
N1.HOG0005883	Adgf-C
N1.HOG0005884	CG13876
N1.HOG0005885	CG31109
N1.HOG0005886	CG6244
N1.HOG0005887	AcCoAS
N1.HOG0005888	ph-p,ph-d
N1.HOG0005889	RpS10a,RpS10b
N1.HOG0005890	smash
N1.HOG0005892	timeout
N1.HOG0005898	Or88a
N1.HOG0005902	CG42339
N1.HOG0005905	JIL-1
N1.HOG0005906	CG31321
N1.HOG0005907	CG15025
N1.HOG0005908	nxf4
N1.HOG0005909	CG7394,CG32727
N1.HOG0005910	CG32195
N1.HOG0005911	CG34287,CG14676
N1.HOG0005912	Grip71
N1.HOG0005913	twe
N1.HOG0005914	CG32762
N1.HOG0005915	Pka-R1
N1.HOG0005916	armi
N1.HOG0005917	Xpc
N1.HOG0005918	ftz-f1
N1.HOG0005919	pdm2
N1.HOG0005920	Rop
N1.HOG0005921	CG6000
N1.HOG0005925	Hsp23
N1.HOG0005934	CG7294
N1.HOG0005935	ppk18
N1.HOG0005936	Cbs
N1.HOG0005937	Mzt1,CG46427
N1.HOG0005939	MP1
N1.HOG0005940	CG30278
N1.HOG0005941	CG34200,CG15461
N1.HOG0005942	CG13215
N1.HOG0005943	CG43999,CG43998
N1.HOG0005944	Sgf11
N1.HOG0005945	Polr2A
N1.HOG0005946	Ir51b
N1.HOG0005947	CG4151
N1.HOG0005948	NT1
N1.HOG0005949	Fs(2)Ket
N1.HOG0005951	SmydA-8
N1.HOG0005952	Hira
N1.HOG0005953	anchor
N1.HOG0005955	Tet
N1.HOG0005956	Taf2
N1.HOG0005957	CG9331,CG31674
N1.HOG0005958	Spn
N1.HOG0005959	CG15406
N1.HOG0005964	cal1
N1.HOG0005966	esn
N1.HOG0005967	Cyp304a1
N1.HOG0005968	Or23a
N1.HOG0005969	CG33107
N1.HOG0005970	CG4970,CG31784
N1.HOG0005982	Alr
N1.HOG0005983	wb
N1.HOG0005985	Pvf3
N1.HOG0005986	CG31454,CG31259
N1.HOG0005989	fest
N1.HOG0005990	CG14439
N1.HOG0005991	CG11077
N1.HOG0005993	wake
N1.HOG0005995	Or82a
N1.HOG0005996	Spt6
N1.HOG0005997	Cdc37
N1.HOG0005998	pie
N1.HOG0006000	Mmp2
N1.HOG0006001	CG15625
N1.HOG0006002	spn-E
N1.HOG0006003	Torsin
N1.HOG0006005	Rack1
N1.HOG0006011	CG14043
N1.HOG0006012	RPA3
N1.HOG0006013	Hecw
N1.HOG0006014	CG2247
N1.HOG0006015	Or19a,Or19b
N1.HOG0006016	Nlp
N1.HOG0006019	d
N1.HOG0006020	mkg-p
N1.HOG0006021	Gr64d,Gr64c
N1.HOG0006022	wls
N1.HOG0006023	Cadps
N1.HOG0006026	CG17261
N1.HOG0006027	CG4757
N1.HOG0006028	Spn88Ea,Spn88Eb
N1.HOG0006029	nw
N1.HOG0006031	CG7326
N1.HOG0006032	Pomp
N1.HOG0006033	Elba3
N1.HOG0006034	Su(var)2-10
N1.HOG0006035	Dhod
N1.HOG0006036	RpS6
N1.HOG0006041	Ak3
N1.HOG0006042	Fbp1
N1.HOG0006043	CG7656
N1.HOG0006044	CG6693
N1.HOG0006045	CG12129
N1.HOG0006046	cu
N1.HOG0006047	CG43795
N1.HOG0006048	Mhcl
N1.HOG0006056	CenG1A
N1.HOG0006063	La
N1.HOG0006064	tefu
N1.HOG0006065	CG12945
N1.HOG0006066	CG13465,BobA
N1.HOG0006067	CG8915
N1.HOG0006068	CG11125
N1.HOG0006072	rad
N1.HOG0006077	CG17601
N1.HOG0006078	Jhe
N1.HOG0006080	inv
N1.HOG0006081	CG14692
N1.HOG0006084	CG42823
N1.HOG0006085	goe
N1.HOG0006086	ppk
N1.HOG0006087	ETHR
N1.HOG0006088	Prosbeta4R1,Prosbeta4R2
N1.HOG0006089	CG18343
N1.HOG0006090	TfIIB
N1.HOG0006096	RpL27
N1.HOG0006103	CG15293,CG31769
N1.HOG0006105	glu
N1.HOG0006106	lobo
N1.HOG0006107	Ptp99A
N1.HOG0006112	nub
N1.HOG0006114	arm
N1.HOG0006121	tbrd-3
N1.HOG0006122	CG33630,CG33631
N1.HOG0006123	Fhos
N1.HOG0006126	hwt
N1.HOG0006127	gcl
N1.HOG0006128	CG5103,CG8036
N1.HOG0006130	mil
N1.HOG0006132	Irk3
N1.HOG0006133	CG5024,CG17770
N1.HOG0006134	velo
N1.HOG0006137	CG32264
N1.HOG0006138	Pex11c
N1.HOG0006139	clt
N1.HOG0006140	CG15468,CG14556
N1.HOG0006141	CG3071
N1.HOG0006142	BtbVII
N1.HOG0006146	Alh
N1.HOG0006147	Cap-H2
N1.HOG0006151	osp
N1.HOG0006154	CG10700,CG4199
N1.HOG0006155	CG13311,CG32023
N1.HOG0006156	HisRS
N1.HOG0006157	CG43367
N1.HOG0006158	GlyRS
N1.HOG0006159	eIF4G1
N1.HOG0006167	TTLL3B
N1.HOG0006171	Rcd-1
N1.HOG0006172	CG13641
N1.HOG0006173	vret
N1.HOG0006174	ppk15
N1.HOG0006178	DJ-1alpha,dj-1beta
N1.HOG0006185	Tom70
N1.HOG0006186	CG13408
N1.HOG0006187	swa
N1.HOG0006188	AttD
N1.HOG0006189	Mipp1
N1.HOG0006194	eIF2gamma
N1.HOG0006195	Su(var)3-9
N1.HOG0006197	Or83a
N1.HOG0006198	Mdr50
N1.HOG0006199	tej
N1.HOG0006202	RpS9
N1.HOG0006203	CG15042,krimp
N1.HOG0006204	CG8665
N1.HOG0006207	Pde1c
N1.HOG0006210	trio
N1.HOG0006216	f
N1.HOG0006219	Tsp42Ep
N1.HOG0006222	PsGEF
N1.HOG0006223	CG13337
N1.HOG0006224	pan
N1.HOG0006225	CG15093
N1.HOG0006226	CG4325
N1.HOG0006228	CG5554,CG11588
N1.HOG0006230	Cyt-c-p
N1.HOG0006233	Vav
N1.HOG0006234	CG5171
N1.HOG0006237	gkt
N1.HOG0006238	CG1840
N1.HOG0006239	casp
N1.HOG0006240	Dlc90F
N1.HOG0006243	yellow-f,yellow-f2
N1.HOG0006244	spir
N1.HOG0006245	Gr23a
N1.HOG0006246	Shmt
N1.HOG0006247	PIG-K
N1.HOG0006251	CG30427
N1.HOG0006255	Spn28Dc
N1.HOG0006256	BomBc2
N1.HOG0006257	bora
N1.HOG0006258	RpS12
N1.HOG0006259	Karybeta3
N1.HOG0006261	CG14258
N1.HOG0006266	mspo
N1.HOG0006274	CG4836
N1.HOG0006275	Stat92E
N1.HOG0006277	PPO3,PPO2
N1.HOG0006278	CG5225
N1.HOG0006279	aust
N1.HOG0006280	Sugb
N1.HOG0006281	p24-2,eca
N1.HOG0006282	pyd
N1.HOG0006284	REG
N1.HOG0006287	Acsf2
N1.HOG0006288	beta'COP
N1.HOG0006289	Cp7Fb
N1.HOG0006291	CG6470
N1.HOG0006292	l(3)72Dp
N1.HOG0006293	stwl
N1.HOG0006295	olf413
N1.HOG0006296	Spt7
N1.HOG0006297	RpL30
N1.HOG0006298	Acbp6
N1.HOG0006299	ADD1
N1.HOG0006300	tay
N1.HOG0006302	mmd
N1.HOG0006307	CG11537,CG5078
N1.HOG0006308	Usp2
N1.HOG0006309	nec
N1.HOG0006310	CG6304,CG9777
N1.HOG0006328	CG33170
N1.HOG0006330	CG7406
N1.HOG0006331	CG14191
N1.HOG0006332	CG31468,CG31870
N1.HOG0006333	rdog
N1.HOG0006334	CycJ
N1.HOG0006335	CG7329
N1.HOG0006336	ReepA
N1.HOG0006337	CG4198
N1.HOG0006338	CG31008,CG31007
N1.HOG0006339	ry
N1.HOG0006342	bocks
N1.HOG0006343	mu2
N1.HOG0006344	CG11454
N1.HOG0006345	dod,CG32845
N1.HOG0006346	Tfb1
N1.HOG0006348	puml
N1.HOG0006350	CG17721
N1.HOG0006355	CG42750
N1.HOG0006359	AMPKalpha
N1.HOG0006360	CG4744
N1.HOG0006361	hng3
N1.HOG0006362	Cubn2
N1.HOG0006367	l(1)G0196
N1.HOG0006372	Spn55B
N1.HOG0006373	Slc25A46a,Slc25A46b
N1.HOG0006374	Dcr-2
N1.HOG0006375	clos
N1.HOG0006386	Graf
N1.HOG0006388	bab1
N1.HOG0006389	ImpE1
N1.HOG0006390	Tsp42Eo
N1.HOG0006393	dl
N1.HOG0006394	nonC
N1.HOG0006395	CG4666
N1.HOG0006396	Pura
N1.HOG0006399	Eip78C
N1.HOG0006401	CG12702
N1.HOG0006402	CG32832
N1.HOG0006403	KFase
N1.HOG0006404	CG4511
N1.HOG0006408	RpL17
N1.HOG0006411	su(f)
N1.HOG0006412	Vha44
N1.HOG0006415	CG5815
N1.HOG0006416	Syx13
N1.HOG0006417	aurB
N1.HOG0006418	ebi
N1.HOG0006426	Epac
N1.HOG0006431	Cdk7
N1.HOG0006432	Atg1
N1.HOG0006433	cas
N1.HOG0006434	Npl4
N1.HOG0006435	CG6996
N1.HOG0006436	PHGPx
N1.HOG0006437	CG2199
N1.HOG0006438	l(1)G0020
N1.HOG0006439	Jafrac2
N1.HOG0006440	zfh2
N1.HOG0006441	mei-9
N1.HOG0006442	CG10366
N1.HOG0006443	CG7514,CG18418
N1.HOG0006444	Mccc1
N1.HOG0006445	Topors
N1.HOG0006457	dwg
N1.HOG0006458	Alg7
N1.HOG0006459	CG31029
N1.HOG0006460	rho-4
N1.HOG0006462	Sec8
N1.HOG0006463	Ugt304A1
N1.HOG0006464	CG9498
N1.HOG0006465	Kap-alpha1
N1.HOG0006466	CG32437
N1.HOG0006467	ref(2)P
N1.HOG0006468	Ssu72
N1.HOG0006471	CG13185
N1.HOG0006474	rdgA
N1.HOG0006477	fh
N1.HOG0006478	CG9578
N1.HOG0006482	stg1
N1.HOG0006487	Cap-D3
N1.HOG0006488	CG13284,CG31809,CG31810
N1.HOG0006489	CG42249
N1.HOG0006492	Atg16
N1.HOG0006494	jvl
N1.HOG0006497	TfIIS,CG8117
N1.HOG0006502	Trim9
N1.HOG0006507	MED22
N1.HOG0006508	CG9945
N1.HOG0006509	CG16739
N1.HOG0006510	Panx
N1.HOG0006512	CG31612
N1.HOG0006514	UQCR-11,UQCR-11L
N1.HOG0006515	mthl10
N1.HOG0006516	St4
N1.HOG0006517	CG12096
N1.HOG0006519	CG8661
N1.HOG0006520	CG4168
N1.HOG0006521	Sps1
N1.HOG0006522	HDAC1
N1.HOG0006527	kis
N1.HOG0006528	Lnpk
N1.HOG0006529	ppk25
N1.HOG0006530	vap
N1.HOG0006531	CaBP1
N1.HOG0006532	Tob
N1.HOG0006535	CG15403,CG17508
N1.HOG0006536	CG42853,Rtnl2
N1.HOG0006537	Art6
N1.HOG0006538	Art9
N1.HOG0006539	Sod1
N1.HOG0006540	Cyp4d21,Cyp4d20
N1.HOG0006544	CTPsyn
N1.HOG0006546	CG45071
N1.HOG0006549	Lip2
N1.HOG0006550	hob
N1.HOG0006553	scrib
N1.HOG0006554	sle,CG12592
N1.HOG0006566	Spn77Ba
N1.HOG0006567	Rab3GAP1
N1.HOG0006572	yuri
N1.HOG0006573	Myo95E
N1.HOG0006574	side-II
N1.HOG0006575	CG42586,CG15282,CG4440,CG31775
N1.HOG0006587	CG7878
N1.HOG0006588	trr
N1.HOG0006591	fry
N1.HOG0006595	CG14589
N1.HOG0006596	dgt3
N1.HOG0006605	RpS18
N1.HOG0006613	RpS2
N1.HOG0006618	mst
N1.HOG0006621	CG31705
N1.HOG0006623	Npc2e
N1.HOG0006624	CG13833
N1.HOG0006625	CG7886
N1.HOG0006626	Obp28a
N1.HOG0006628	SA-2
N1.HOG0006629	CG31926,CG31928
N1.HOG0006630	Gr64a
N1.HOG0006632	Gycbeta100B
N1.HOG0006634	CG4960,ReepB
N1.HOG0006638	Adk1
N1.HOG0006640	Top1
N1.HOG0006641	Polr1F
N1.HOG0006646	e(y)2
N1.HOG0006647	Smyd3
N1.HOG0006648	CAH15
N1.HOG0006649	Nrd1
N1.HOG0006650	CG4880
N1.HOG0006651	Taf1
N1.HOG0006672	CG2930
N1.HOG0006673	WDY
N1.HOG0006674	fs(1)h
N1.HOG0006675	APC7
N1.HOG0006676	CG34417
N1.HOG0006677	Dhc36C
N1.HOG0006678	CG6479
N1.HOG0006686	RAF2
N1.HOG0006687	hdly
N1.HOG0006688	alpha-Est7
N1.HOG0006694	CG4000
N1.HOG0006695	narya,nenya
N1.HOG0006696	e
N1.HOG0006697	Incenp
N1.HOG0006698	Gbp2
N1.HOG0006699	Pgant9
N1.HOG0006700	Polr2E
N1.HOG0006704	CG6380
N1.HOG0006705	CG2898
N1.HOG0006706	CG16824,CG13364
N1.HOG0006709	del
N1.HOG0006710	Setx
N1.HOG0006711	Rsbp15
N1.HOG0006713	CG4074
N1.HOG0006716	CG31627
N1.HOG0006725	Ppr-Y,TbCMF46
N1.HOG0006726	CG10958
N1.HOG0006728	CG17841
N1.HOG0006729	Osi5
N1.HOG0006730	CG42588
N1.HOG0006732	Lon
N1.HOG0006733	qua
N1.HOG0006734	RhoL
N1.HOG0006735	rec
N1.HOG0006736	CG17600
N1.HOG0006737	CG46465,CG15169
N1.HOG0006738	CG7841
N1.HOG0006739	Sox102F
N1.HOG0006740	mEFTu1
N1.HOG0006745	axo
N1.HOG0006747	RpL15
N1.HOG0006748	Porin2
N1.HOG0006752	porin
N1.HOG0006753	CG1494
N1.HOG0006755	Duba
N1.HOG0006756	Rpp14a,Rpp14b
N1.HOG0006761	Tif-IA
N1.HOG0006762	Jheh2
N1.HOG0006763	Pi3K68D
N1.HOG0006764	p130CAS
N1.HOG0006765	RpL28
N1.HOG0006766	Mul1
N1.HOG0006767	Ciz1
N1.HOG0006768	CG2116
N1.HOG0006769	CG6569
N1.HOG0006773	RpL11
N1.HOG0006776	BubR1
N1.HOG0006778	CG33017
N1.HOG0006787	CG30440
N1.HOG0006789	Arp2
N1.HOG0006790	dyw
N1.HOG0006792	tweek
N1.HOG0006797	GlyP
N1.HOG0006799	Jheh1
N1.HOG0006800	Tpr2
N1.HOG0006801	CG5071
N1.HOG0006802	CG8001
N1.HOG0006803	Gk2
N1.HOG0006804	CG10139
N1.HOG0006809	spri
N1.HOG0006810	Zw
N1.HOG0006811	lilli
N1.HOG0006813	nuf
N1.HOG0006815	nis
N1.HOG0006816	Camta
N1.HOG0006817	mRpL20
N1.HOG0006818	CG14005
N1.HOG0006819	amd
N1.HOG0006820	Idh
N1.HOG0006824	RpS4
N1.HOG0006828	RpLP2
N1.HOG0006829	Mkrn1,CG5347
N1.HOG0006830	PAPLA1
N1.HOG0006833	sdt
N1.HOG0006835	Cp7Fa
N1.HOG0006840	CG14613
N1.HOG0006841	bard
N1.HOG0006842	D1
N1.HOG0006843	comr
N1.HOG0006844	tapas
N1.HOG0006859	tou
N1.HOG0006862	CG9121
N1.HOG0006863	SPE
N1.HOG0006864	CG31226
N1.HOG0006865	Hex-t1
N1.HOG0006866	CG4763
N1.HOG0006867	CG3679
N1.HOG0006868	Prosalpha7
N1.HOG0006869	CG6685
N1.HOG0006870	Exn
N1.HOG0006871	Taf3
N1.HOG0006873	KP78b,KP78a
N1.HOG0006874	wde
N1.HOG0006875	Ccn
N1.HOG0006882	Rgk1
N1.HOG0006883	qkr58E-3,CG4021,CG3927,nsr
N1.HOG0006884	Rpi
N1.HOG0006888	sm
N1.HOG0006889	SMC2
N1.HOG0006890	ab
N1.HOG0006891	Boh2
N1.HOG0006892	CG15256
N1.HOG0006893	PGAP5
N1.HOG0006894	Acer
N1.HOG0006895	kat80
N1.HOG0006896	Mybbp1A
N1.HOG0006897	PCID2
N1.HOG0006898	Pdhb
N1.HOG0006899	CG4983
N1.HOG0006902	Mbs
N1.HOG0006904	Girdin
N1.HOG0006905	Hsp22
N1.HOG0006906	CG7049
N1.HOG0006907	RpS15Aa,RpS15Ab
N1.HOG0006908	Polr3A
N1.HOG0006909	r
N1.HOG0006910	CG1971
N1.HOG0006911	CG4459
N1.HOG0006912	nord
N1.HOG0006913	CG3436
N1.HOG0006914	a
N1.HOG0006915	CG15385
N1.HOG0006916	Gfrl
N1.HOG0006918	RPA1
N1.HOG0006919	CG34034
N1.HOG0006920	galene
N1.HOG0006922	TfIIFbeta
N1.HOG0006923	Ipo9
N1.HOG0006925	CG7707
N1.HOG0006929	CG5539
N1.HOG0006930	Tmem131
N1.HOG0006931	CG42450
N1.HOG0006934	mtSSB
N1.HOG0006937	Pi3K59F
N1.HOG0006938	CG8010
N1.HOG0006940	Mpcp2
N1.HOG0006941	t
N1.HOG0006942	Mst89B
N1.HOG0006943	bt
N1.HOG0006944	Elba2
N1.HOG0006945	crc
N1.HOG0006947	Or83c
N1.HOG0006948	WRNexo
N1.HOG0006949	Obp99c
N1.HOG0006950	CG10516
N1.HOG0006951	Chrac-16
N1.HOG0006952	Ubc7
N1.HOG0006955	klhl10
N1.HOG0006956	dunk
N1.HOG0006957	nej
N1.HOG0006959	GNBP1
N1.HOG0006960	TM9SF3
N1.HOG0006961	IleRS-m
N1.HOG0006962	Lpin
N1.HOG0006996	Btk
N1.HOG0007010	ppk14
N1.HOG0007011	CG13077
N1.HOG0007014	Nckx30C
N1.HOG0007015	sunn
N1.HOG0007016	rad50
N1.HOG0007017	Syt4
N1.HOG0007018	brp
N1.HOG0007019	Cc2d2a
N1.HOG0007020	Kpc2
N1.HOG0007021	l(1)G0320
N1.HOG0007022	rut
N1.HOG0007023	Taf10b
N1.HOG0007024	neb
N1.HOG0007025	mib1
N1.HOG0007026	mam
N1.HOG0007027	ymp
N1.HOG0007028	Acsf3
N1.HOG0007029	CG12680
N1.HOG0007044	BI-1
N1.HOG0007045	comm3
N1.HOG0007046	tud
N1.HOG0007048	CG15286
N1.HOG0007049	Set
N1.HOG0007051	Caf1-180
N1.HOG0007058	MED25
N1.HOG0007059	Gp210
N1.HOG0007060	Es2
N1.HOG0007061	Prosbeta4
N1.HOG0007062	shrb
N1.HOG0007064	Ubr1
N1.HOG0007065	Myo10A
N1.HOG0007066	Top2
N1.HOG0007067	CG8607
N1.HOG0007068	Npc2g,Npc2h
N1.HOG0007069	Dhc64C
N1.HOG0007070	FucTB
N1.HOG0007071	CG17224
N1.HOG0007072	Zw10
N1.HOG0007073	CG7332
N1.HOG0007074	MAGE
N1.HOG0007075	yin
N1.HOG0007077	Diap1
N1.HOG0007078	PGRP-LA
N1.HOG0007079	SMSr
N1.HOG0007080	Pex1
N1.HOG0007081	Prp16
N1.HOG0007082	Larp7
N1.HOG0007083	fzy
N1.HOG0007084	CG9259
N1.HOG0007086	bs
N1.HOG0007087	CG9896
N1.HOG0007088	CG34054,CG30026
N1.HOG0007089	Brca2
N1.HOG0007090	GM130
N1.HOG0007091	CG10874
N1.HOG0007092	CG1789
N1.HOG0007093	Nbr
N1.HOG0007095	CG43896
N1.HOG0007096	RhoGAP19D
N1.HOG0007098	CG12253
N1.HOG0007107	RpL9
N1.HOG0007113	CG11865
N1.HOG0007114	AlaRS
N1.HOG0007115	GAA1
N1.HOG0007116	xmas
N1.HOG0007117	CG5770,CG5767
N1.HOG0007118	Vap33
N1.HOG0007121	SNF4Agamma
N1.HOG0007123	eIF1A
N1.HOG0007126	PPP4R2r
N1.HOG0007128	mio
N1.HOG0007129	DNAlig4
N1.HOG0007130	CG10631
N1.HOG0007135	Nna1
N1.HOG0007137	Cndp2
N1.HOG0007138	CG12105
N1.HOG0007139	CG4847
N1.HOG0007140	CG16854
N1.HOG0007141	Gr47b
N1.HOG0007142	dgt4
N1.HOG0007143	Fer3
N1.HOG0007144	aop
N1.HOG0007149	Unc-76
N1.HOG0007152	Pp2A-29B
N1.HOG0007153	ppk30
N1.HOG0007154	dmrt99B
N1.HOG0007155	CG42541
N1.HOG0007158	mRNA-cap
N1.HOG0007159	CG33090
N1.HOG0007160	lt
N1.HOG0007161	CG15343
N1.HOG0007162	stx
N1.HOG0007165	mRpL30
N1.HOG0007166	CG1673
N1.HOG0007167	CG8945
N1.HOG0007168	Su(var)2-HP2
N1.HOG0007169	CG13114
N1.HOG0007170	CG34175,CG31740
N1.HOG0007171	CG10669
N1.HOG0007172	CG15263
N1.HOG0007173	CG13373,CG32817,CG3176
N1.HOG0007174	PGRP-LC
N1.HOG0007175	CG44836
N1.HOG0007176	aly
N1.HOG0007177	asl
N1.HOG0007178	CoRest
N1.HOG0007180	Lar
N1.HOG0007181	CG3987
N1.HOG0007182	arx
N1.HOG0007183	Caf1-55
N1.HOG0007184	ACC
N1.HOG0007185	CG1407
N1.HOG0007186	CG10804
N1.HOG0007187	Adck5
N1.HOG0007188	nopo
N1.HOG0007189	su(r)
N1.HOG0007190	CG3603
N1.HOG0007191	CG43322
N1.HOG0007192	tomb
N1.HOG0007193	MRP
N1.HOG0007199	VhaAC39-1
N1.HOG0007200	Spc105R
N1.HOG0007201	Tor
N1.HOG0007202	RpS7
N1.HOG0007205	Spn43Aa
N1.HOG0007206	Cap-G
N1.HOG0007207	l(1)G0289
N1.HOG0007208	CG15270
N1.HOG0007209	Crz
N1.HOG0007210	Npc2a
N1.HOG0007211	alpha-Man-IIb
N1.HOG0007213	Tsp42Ee
N1.HOG0007214	CG33308
N1.HOG0007215	CG1233
N1.HOG0007216	Nt5b
N1.HOG0007217	E(z)
N1.HOG0007218	CG42395,CG4686
N1.HOG0007219	Lsp2
N1.HOG0007220	CG17782
N1.HOG0007221	Arl6IP1
N1.HOG0007222	cN-IIIB
N1.HOG0007223	CG5664
N1.HOG0007224	CG33635
N1.HOG0007225	hlk
N1.HOG0007226	CG3500
N1.HOG0007227	Lrr47
N1.HOG0007228	CG11029
N1.HOG0007229	Ndg
N1.HOG0007230	CG30371
N1.HOG0007231	botv
N1.HOG0007232	FucTA
N1.HOG0007234	CG31176
N1.HOG0007235	mus302
N1.HOG0007237	nudC
N1.HOG0007238	Nepl18
N1.HOG0007239	TrpRS-m
N1.HOG0007240	Cpr35B
N1.HOG0007241	Grip128
N1.HOG0007242	CG42232
N1.HOG0007243	betaCOP
N1.HOG0007244	CG6023
N1.HOG0007245	CG7739
N1.HOG0007246	stet
N1.HOG0007247	nrm
N1.HOG0007248	Sam-S
N1.HOG0007249	CG31301
N1.HOG0007250	NimB5
N1.HOG0007252	dsf
N1.HOG0007255	RpL35
N1.HOG0007257	Rel
N1.HOG0007259	14-3-3epsilon
N1.HOG0007262	sgll
N1.HOG0007263	CG8173
N1.HOG0007264	pths
N1.HOG0007265	Secp43
N1.HOG0007266	CG34202
N1.HOG0007270	CAP
N1.HOG0007271	CG43089
N1.HOG0007275	Sur
N1.HOG0007281	loh
N1.HOG0007283	c12.1
N1.HOG0007285	CG30487
N1.HOG0007286	CG5056
N1.HOG0007287	Nepl7
N1.HOG0007289	RpS20
N1.HOG0007290	uno
N1.HOG0007291	csul
N1.HOG0007292	Oatp33Eb
N1.HOG0007293	Paics
N1.HOG0007294	Det
N1.HOG0007295	Ahcy
N1.HOG0007298	fus
N1.HOG0007299	Or43a
N1.HOG0007300	alpha-PheRS
N1.HOG0007301	CG12692
N1.HOG0007302	CG9970
N1.HOG0007303	moon
N1.HOG0007304	CG7557
N1.HOG0007305	CG15891
N1.HOG0007306	vnc
N1.HOG0007307	CG6638
N1.HOG0007308	CG13895
N1.HOG0007309	Tudor-SN
N1.HOG0007310	CG9662
N1.HOG0007311	HIP,HIP-R
N1.HOG0007312	CG31550
N1.HOG0007313	Kap3
N1.HOG0007315	CG17734,CG11825
N1.HOG0007319	metro
N1.HOG0007320	Atg7
N1.HOG0007322	M7BP
N1.HOG0007324	DUBAI
N1.HOG0007325	stnB
N1.HOG0007326	tous
N1.HOG0007327	yl
N1.HOG0007328	Mondo
N1.HOG0007329	bab2
N1.HOG0007330	l(2)gl
N1.HOG0007331	mRRF2
N1.HOG0007332	ApepP
N1.HOG0007333	CG15564
N1.HOG0007334	qless
N1.HOG0007343	CG45076
N1.HOG0007354	Nup50
N1.HOG0007358	csw
N1.HOG0007359	CG7091
N1.HOG0007360	lbl
N1.HOG0007361	CG18081,CG15715
N1.HOG0007362	CG31638
N1.HOG0007363	pea
N1.HOG0007368	CG7691
N1.HOG0007369	Glos,Gem4b,Gem4c
N1.HOG0007371	CG10031
N1.HOG0007372	CG31365
N1.HOG0007373	CG15109
N1.HOG0007374	Bbd
N1.HOG0007375	CG42500
N1.HOG0007376	msl-3
N1.HOG0007377	nudE
N1.HOG0007378	CG6709
N1.HOG0007379	vih
N1.HOG0007380	Vajk1
N1.HOG0007381	CG5728
N1.HOG0007382	Vps39
N1.HOG0007383	CG6962
N1.HOG0007384	CG14718
N1.HOG0007385	Pdi
N1.HOG0007386	CG5883
N1.HOG0007387	CG14270
N1.HOG0007389	Elys
N1.HOG0007391	CG8516
N1.HOG0007392	CG7140
N1.HOG0007393	AdSS
N1.HOG0007394	htk
N1.HOG0007395	GABA-B-R1
N1.HOG0007396	CHES-1-like
N1.HOG0007397	CG5665
N1.HOG0007398	CG14767
N1.HOG0007399	na
N1.HOG0007400	pad
N1.HOG0007401	CG34207,pgc
N1.HOG0007403	Or63a
N1.HOG0007404	Klp61F
N1.HOG0007407	NijA
N1.HOG0007408	ko
N1.HOG0007409	CG42324
N1.HOG0007410	Wdr62
N1.HOG0007412	rk
N1.HOG0007413	bchs
N1.HOG0007414	CG12299
N1.HOG0007422	RYa-R
N1.HOG0007425	CG6236
N1.HOG0007429	gukh
N1.HOG0007430	cno
N1.HOG0007431	dve
N1.HOG0007432	cbc
N1.HOG0007434	HmgD
N1.HOG0007435	Nnf1a,Nnf1b
N1.HOG0007436	capu
N1.HOG0007439	TrissinR
N1.HOG0007446	CG10470
N1.HOG0007447	Osi6
N1.HOG0007456	loco
N1.HOG0007457	CG14641
N1.HOG0007458	Sec16
N1.HOG0007461	coro
N1.HOG0007462	Pfk
N1.HOG0007464	Rab18
N1.HOG0007465	ptc
N1.HOG0007466	boi
N1.HOG0007468	ATPsynB,CG17300
N1.HOG0007471	CG32679
N1.HOG0007472	CAH14
N1.HOG0007473	CG15124
N1.HOG0007474	CG13083
N1.HOG0007475	CG15399
N1.HOG0007476	CG14823
N1.HOG0007478	CG32365
N1.HOG0007483	Rbp6
N1.HOG0007489	CG42676
N1.HOG0007490	CG33998
N1.HOG0007492	CLS
N1.HOG0007495	ck
N1.HOG0007497	Hsc70-5
N1.HOG0007498	CG2736
N1.HOG0007499	Taz
N1.HOG0007500	mahj
N1.HOG0007501	Pcl
N1.HOG0007502	Rpt5
N1.HOG0007503	Calx
N1.HOG0007505	drm
N1.HOG0007512	Ts
N1.HOG0007514	Ndc80
N1.HOG0007516	CG6287
N1.HOG0007522	CG12880
N1.HOG0007523	inaE
N1.HOG0007524	Akr1B
N1.HOG0007525	CG6179
N1.HOG0007526	Arc2
N1.HOG0007528	CG17528
N1.HOG0007534	CkIIalpha
N1.HOG0007536	Pat1
N1.HOG0007537	CG14879
N1.HOG0007538	Tango9
N1.HOG0007539	Sptr
N1.HOG0007544	Fife
N1.HOG0007546	CG10512
N1.HOG0007547	CG3902
N1.HOG0007548	tzn
N1.HOG0007549	Der-1
N1.HOG0007550	Zaf1
N1.HOG0007552	Had1
N1.HOG0007553	Cpr50Ca
N1.HOG0007554	Wdr59
N1.HOG0007555	Dhx15
N1.HOG0007556	Obp49a
N1.HOG0007557	Pgant1
N1.HOG0007558	Alg3
N1.HOG0007559	RalGPS
N1.HOG0007560	CG4332
N1.HOG0007561	CG42784
N1.HOG0007562	Aplip1
N1.HOG0007564	CG10904
N1.HOG0007565	CG15262
N1.HOG0007566	ash2
N1.HOG0007567	RpL13A
N1.HOG0007568	arg
N1.HOG0007569	Ugt36A1
N1.HOG0007570	CG3999
N1.HOG0007574	mld
N1.HOG0007575	Ote
N1.HOG0007576	CG14383
N1.HOG0007577	Myt1
N1.HOG0007578	Exo70
N1.HOG0007579	CG16762
N1.HOG0007580	pix
N1.HOG0007581	Pi4KIIIalpha
N1.HOG0007582	Pgd
N1.HOG0007585	Hcf
N1.HOG0007589	ctrip
N1.HOG0007590	CG9068
N1.HOG0007591	Oseg5
N1.HOG0007592	Scm
N1.HOG0007593	Sdr
N1.HOG0007594	CG3984
N1.HOG0007595	CG5116
N1.HOG0007600	mRpS9
N1.HOG0007601	Polr1A
N1.HOG0007607	blw
N1.HOG0007608	AIF
N1.HOG0007609	Myo28B1
N1.HOG0007610	Spn42Dc
N1.HOG0007612	MFS12
N1.HOG0007614	CG4829
N1.HOG0007615	Srp54
N1.HOG0007618	Coprox
N1.HOG0007619	Cnx99A,CG1924,Cnx14D
N1.HOG0007620	CG32448
N1.HOG0007621	CG1523
N1.HOG0007623	CG3149
N1.HOG0007624	CG4707
N1.HOG0007625	CG15279
N1.HOG0007626	CG40006
N1.HOG0007627	slam
N1.HOG0007628	Sirt2
N1.HOG0007629	CG9676,CG32523
N1.HOG0007630	CG3184
N1.HOG0007631	rgr
N1.HOG0007632	APC4
N1.HOG0007633	msl-2
N1.HOG0007634	bves
N1.HOG0007639	CG10597
N1.HOG0007640	GlcAT-P
N1.HOG0007642	Mp
N1.HOG0007645	dally
N1.HOG0007646	ND-ACP
N1.HOG0007647	CG42329
N1.HOG0007648	CG9173
N1.HOG0007649	CG6833
N1.HOG0007650	Plp
N1.HOG0007651	fs(1)Ya
N1.HOG0007652	c11.1
N1.HOG0007653	EMC2B,EMC2A
N1.HOG0007654	osa
N1.HOG0007655	CG42233
N1.HOG0007656	beat-VII
N1.HOG0007657	Seipin
N1.HOG0007663	RpS27A
N1.HOG0007664	TfIIFalpha
N1.HOG0007666	Sp7
N1.HOG0007667	DNaseII
N1.HOG0007670	clu
N1.HOG0007671	CG5726
N1.HOG0007674	EcR
N1.HOG0007676	seq
N1.HOG0007677	Ip6k
N1.HOG0007678	CG16868
N1.HOG0007679	5-HT2A
N1.HOG0007680	CG31368
N1.HOG0007681	CG4294
N1.HOG0007682	CG32982
N1.HOG0007683	Hel25E
N1.HOG0007684	Tg
N1.HOG0007685	Dnz1
N1.HOG0007686	ds
N1.HOG0007687	rdgC
N1.HOG0007688	Brms1
N1.HOG0007689	CG4645
N1.HOG0007690	TTLL4A
N1.HOG0007691	CG5800
N1.HOG0007693	futsch
N1.HOG0007695	CG9701
N1.HOG0007696	CG8500
N1.HOG0007699	CAH7
N1.HOG0007700	Npc2d
N1.HOG0007701	Ssb-c31a
N1.HOG0007702	l(3)mbt
N1.HOG0007703	jnj
N1.HOG0007704	CG8097
N1.HOG0007705	coil
N1.HOG0007706	for
N1.HOG0007707	dec
N1.HOG0007708	CG43347
N1.HOG0007709	CG3939
N1.HOG0007710	CG8219,Tnpo
N1.HOG0007711	mag
N1.HOG0007712	CG15517
N1.HOG0007713	Dronc
N1.HOG0007714	Papst2
N1.HOG0007715	Zmynd10
N1.HOG0007716	Cp110
N1.HOG0007717	Usp1
N1.HOG0007719	TBCC
N1.HOG0007720	Jabba
N1.HOG0007721	CG5194
N1.HOG0007723	CG9581
N1.HOG0007724	RpS30
N1.HOG0007731	RpL3
N1.HOG0007733	TBPH,cocoon
N1.HOG0007734	Upf1
N1.HOG0007735	stum
N1.HOG0007736	CG30392
N1.HOG0007737	CG30259
N1.HOG0007738	Ir56d
N1.HOG0007739	RpS11
N1.HOG0007740	CG5033
N1.HOG0007741	Hdc
N1.HOG0007742	CG18011
N1.HOG0007743	Sara
N1.HOG0007744	sqh
N1.HOG0007745	AIMP2
N1.HOG0007746	Klp10A
N1.HOG0007747	CG17470
N1.HOG0007748	vls
N1.HOG0007749	Wnt4
N1.HOG0007750	CG10527
N1.HOG0007751	Myb
N1.HOG0007752	eIF4E3
N1.HOG0007765	snf
N1.HOG0007768	Dop2R
N1.HOG0007769	CG3246
N1.HOG0007770	Ude
N1.HOG0007771	CG31068
N1.HOG0007772	red
N1.HOG0007774	CG4020
N1.HOG0007777	ttk
N1.HOG0007780	CG16734
N1.HOG0007781	waw
N1.HOG0007782	CG30080
N1.HOG0007783	CngA
N1.HOG0007784	Rtnl1
N1.HOG0007785	CG43255,CG31862
N1.HOG0007786	l(2)k05819
N1.HOG0007787	RpS21
N1.HOG0007788	Jheh3
N1.HOG0007789	CG2258
N1.HOG0007792	edin
N1.HOG0007793	CG14200
N1.HOG0007794	CG5556,CG5561
N1.HOG0007795	CG11425
N1.HOG0007796	Nup205
N1.HOG0007797	mge
N1.HOG0007798	NijB
N1.HOG0007799	dati
N1.HOG0007800	CG13766
N1.HOG0007801	fdl
N1.HOG0007802	Ndf
N1.HOG0007803	Vps15
N1.HOG0007804	pb
N1.HOG0007805	CG12155
N1.HOG0007806	CG13616
N1.HOG0007807	ema
N1.HOG0007810	Ref1
N1.HOG0007812	tinc
N1.HOG0007813	CG3376
N1.HOG0007814	CG15073
N1.HOG0007817	RpS17
N1.HOG0007820	Cnb
N1.HOG0007822	Kdm4A
N1.HOG0007824	CG4570
N1.HOG0007826	Vps13
N1.HOG0007827	CCT2
N1.HOG0007828	CG8188
N1.HOG0007829	Tengl3
N1.HOG0007831	fab1
N1.HOG0007832	Syb
N1.HOG0007833	sa
N1.HOG0007834	GstE11
N1.HOG0007835	HP5
N1.HOG0007836	hop
N1.HOG0007837	CG32544
N1.HOG0007838	CG6903
N1.HOG0007839	piwi
N1.HOG0007840	mdy
N1.HOG0007842	CG7966
N1.HOG0007843	Dap160
N1.HOG0007844	CG1582
N1.HOG0007845	Lgr4
N1.HOG0007846	Tsp33B
N1.HOG0007847	CG8135
N1.HOG0007848	CG34376
N1.HOG0007849	Vha55
N1.HOG0007850	ppk20
N1.HOG0007851	RpL27A
N1.HOG0007852	mRpS31
N1.HOG0007853	Tsp42El
N1.HOG0007855	FucT6
N1.HOG0007857	Ir68a
N1.HOG0007859	CG17834
N1.HOG0007860	Pect
N1.HOG0007861	spd-2
N1.HOG0007862	Prosap
N1.HOG0007865	shot
N1.HOG0007867	CG1965
N1.HOG0007868	pim
N1.HOG0007869	CG15443
N1.HOG0007870	CG10588
N1.HOG0007871	Cyp4d8
N1.HOG0007873	Chchd2
N1.HOG0007875	shep
N1.HOG0007876	Hsp27
N1.HOG0007877	l(3)02640
N1.HOG0007878	Poc1
N1.HOG0007879	pdgy
N1.HOG0007880	Elal
N1.HOG0007883	nxf2
N1.HOG0007884	TBCB
N1.HOG0007885	CG32262
N1.HOG0007886	mars
N1.HOG0007887	Hmg-2
N1.HOG0007888	exu
N1.HOG0007889	Fbl6
N1.HOG0007890	Gr43a
N1.HOG0007891	CG42663
N1.HOG0007892	Rpe
N1.HOG0007894	Ir56c
N1.HOG0007896	CG13693
N1.HOG0007899	RpS16
N1.HOG0007904	rdgB
N1.HOG0007905	CG7264
N1.HOG0007906	CG4593
N1.HOG0007907	Hlc
N1.HOG0007908	CG7309
N1.HOG0007910	ND-B17.2
N1.HOG0007911	CG13872
N1.HOG0007912	Tsp42Ef
N1.HOG0007913	CG7322
N1.HOG0007914	Myd88
N1.HOG0007915	CG32694
N1.HOG0007916	Oatp33Ea
N1.HOG0007917	DNAlig3
N1.HOG0007918	eIF4A
N1.HOG0007920	pHCl-1
N1.HOG0007922	CG1640
N1.HOG0007923	unc-104
N1.HOG0007924	CG14071
N1.HOG0007926	CG42870
N1.HOG0007927	Plod
N1.HOG0007928	CG14115
N1.HOG0007929	CG32344
N1.HOG0007930	Sc2
N1.HOG0007931	Pdk1
N1.HOG0007932	Nmt
N1.HOG0007936	CG31697
N1.HOG0007937	slow
N1.HOG0007938	Elba1
N1.HOG0007940	wry
N1.HOG0007941	Miga
N1.HOG0007942	PGAP2
N1.HOG0007944	NimC3
N1.HOG0007946	fs(1)N
N1.HOG0007947	fray
N1.HOG0007954	RpL10
N1.HOG0007957	nmdyn-D7
N1.HOG0007958	Tpc2
N1.HOG0007959	CSN4
N1.HOG0007960	fra
N1.HOG0007961	mad2
N1.HOG0007962	Camp
N1.HOG0007963	Sec6
N1.HOG0007964	arr
N1.HOG0007965	aPKC
N1.HOG0007966	CG4622
N1.HOG0007967	Fcp1
N1.HOG0007968	Uch
N1.HOG0007969	Lamp1
N1.HOG0007970	Cul1
N1.HOG0007971	grh
N1.HOG0007972	CG12914
N1.HOG0007973	Hexo2
N1.HOG0007974	CG6686
N1.HOG0007975	NijC
N1.HOG0007976	nompB
N1.HOG0007977	fal
N1.HOG0007978	dia
N1.HOG0007979	RpS3A
N1.HOG0007981	Gr28a
N1.HOG0007982	rngo
N1.HOG0007983	PK2-R2
N1.HOG0007984	Sec5
N1.HOG0007986	Tsp42Er
N1.HOG0007987	Sos
N1.HOG0007988	twz
N1.HOG0007989	Khc
N1.HOG0007990	Ndc1
N1.HOG0007991	CG5050
N1.HOG0007992	CLIP-190
N1.HOG0007996	Pka-C1
N1.HOG0008002	htt
N1.HOG0008010	CG1628
N1.HOG0008011	CG30108,CG30109
N1.HOG0008012	RpL7A
N1.HOG0008013	rt
N1.HOG0008014	ClC-c
N1.HOG0008015	scf
N1.HOG0008017	SCaMC
N1.HOG0008018	CG10089
N1.HOG0008020	Dci
N1.HOG0008025	mts
N1.HOG0008028	CaMKI
N1.HOG0008029	Rab21
N1.HOG0008030	CG13484
N1.HOG0008031	CG17387
N1.HOG0008032	Vajk2
N1.HOG0008033	Argl
N1.HOG0008034	nolo
N1.HOG0008035	Ifrd1
N1.HOG0008036	CG8289
N1.HOG0008037	MESK4,CG31274
N1.HOG0008038	CG5521
N1.HOG0008039	beta-PheRS
N1.HOG0008040	Cbp20
N1.HOG0008044	nAChRbeta2
N1.HOG0008047	CG14894
N1.HOG0008048	CG4210
N1.HOG0008049	RhoGEF2
N1.HOG0008052	CG44838
N1.HOG0008053	CG3345
N1.HOG0008054	PPO1
N1.HOG0008055	Spt-I
N1.HOG0008056	CG15111
N1.HOG0008057	Art7
N1.HOG0008060	slim
N1.HOG0008062	gammaSnap1,gammaSnap2
N1.HOG0008063	Ugt301D1
N1.HOG0008065	CG10417
N1.HOG0008066	Naa35
N1.HOG0008067	Csgalnact
N1.HOG0008070	Obp56h
N1.HOG0008075	Cdk9
N1.HOG0008076	MESK2
N1.HOG0008077	spin
N1.HOG0008087	Sdic2,sw,Sdic1
N1.HOG0008088	CG12728,CG32756
N1.HOG0008089	CG15894
N1.HOG0008090	CG3588
N1.HOG0008095	CG31637
N1.HOG0008096	Wdr82
N1.HOG0008097	RhoGEF4
N1.HOG0008098	Slbp
N1.HOG0008099	UQCR-C1
N1.HOG0008103	atl
N1.HOG0008104	CG42709
N1.HOG0008105	SLC22A
N1.HOG0008106	Ir21a
N1.HOG0008107	CG3061
N1.HOG0008108	CG32809
N1.HOG0008109	Tim10
N1.HOG0008110	PH4alphaEFB
N1.HOG0008111	CG7352
N1.HOG0008117	Nmdar2
N1.HOG0008129	Taf8
N1.HOG0008130	Alp4
N1.HOG0008131	CdGAPr
N1.HOG0008132	Tnpo-SR
N1.HOG0008133	Su(var)3-7
N1.HOG0008134	Pep
N1.HOG0008136	kuz
N1.HOG0008138	bai
N1.HOG0008139	Rtca
N1.HOG0008141	Csk
N1.HOG0008147	CG16935
N1.HOG0008152	Flacc
N1.HOG0008154	Pym
N1.HOG0008155	Arp10
N1.HOG0008157	CG7252
N1.HOG0008158	CG30391,CG30393
N1.HOG0008159	rux
N1.HOG0008160	CG30403
N1.HOG0008161	babos
N1.HOG0008162	Ilp5
N1.HOG0008163	CG34258,CG15233,CG32219
N1.HOG0008165	CG42671
N1.HOG0008166	frm
N1.HOG0008167	siz
N1.HOG0008168	CG7632
N1.HOG0008169	CG7945
N1.HOG0008170	CG7202
N1.HOG0008171	CG32425
N1.HOG0008172	woc
N1.HOG0008174	I-2
N1.HOG0008176	Pkg21D
N1.HOG0008177	HERC2
N1.HOG0008183	Neto
N1.HOG0008185	sni
N1.HOG0008186	Zif
N1.HOG0008187	Pi4KIIalpha
N1.HOG0008188	XNP
N1.HOG0008189	tobi
N1.HOG0008191	Ssadh
N1.HOG0008192	Df31
N1.HOG0008193	LUBEL
N1.HOG0008194	CG31675
N1.HOG0008195	Ranbp21
N1.HOG0008196	Acsx4
N1.HOG0008197	Cmpk
N1.HOG0008198	CG6974
N1.HOG0008199	Tgs1
N1.HOG0008200	Nup153
N1.HOG0008201	bgcn
N1.HOG0008202	nompA
N1.HOG0008203	Mtor
N1.HOG0008204	oys
N1.HOG0008205	FIG4
N1.HOG0008206	Vps35
N1.HOG0008207	CG7737
N1.HOG0008210	CG8248
N1.HOG0008211	Cpr47Ea
N1.HOG0008212	papi
N1.HOG0008213	mre11
N1.HOG0008214	Tep3
N1.HOG0008215	Oscillin
N1.HOG0008216	msl-1
N1.HOG0008217	CG4554
N1.HOG0008218	CG8654
N1.HOG0008219	CG13492
N1.HOG0008220	Rala
N1.HOG0008221	TAF1C-like
N1.HOG0008223	DAAM
N1.HOG0008224	CG8419
N1.HOG0008225	Ziz
N1.HOG0008226	AgmNAT
N1.HOG0008227	mri
N1.HOG0008229	CG6420
N1.HOG0008230	Yif1
N1.HOG0008231	RhoGDI
N1.HOG0008232	CG4393
N1.HOG0008233	CG7080
N1.HOG0008234	Tsp42Ei
N1.HOG0008235	CG42807
N1.HOG0008236	CG30089
N1.HOG0008237	Fancd2
N1.HOG0008238	dgt6
N1.HOG0008239	CG31729
N1.HOG0008240	Apoltp
N1.HOG0008241	Ir40a
N1.HOG0008242	hyd
N1.HOG0008243	CG4743
N1.HOG0008244	tum
N1.HOG0008246	CG10761
N1.HOG0008247	sas
N1.HOG0008248	bor
N1.HOG0008249	CG17739
N1.HOG0008250	CG15382
N1.HOG0008251	Obp58d
N1.HOG0008252	EAChm
N1.HOG0008253	SoYb
N1.HOG0008254	Dyro
N1.HOG0008255	CG6928
N1.HOG0008257	PGRP-LF
N1.HOG0008269	Afg3l2
N1.HOG0008270	pav
N1.HOG0008271	Cep135
N1.HOG0008272	RpLP0
N1.HOG0008273	spen
N1.HOG0008274	Mitf
N1.HOG0008275	ssp3
N1.HOG0008276	CG8545
N1.HOG0008277	CG2691
N1.HOG0008278	Itpr
N1.HOG0008279	Nup35
N1.HOG0008281	CG4009
N1.HOG0008283	Tpi
N1.HOG0008284	CG1622
N1.HOG0008286	ATP8A
N1.HOG0008287	YME1L
N1.HOG0008288	Samuel
N1.HOG0008289	dpr1
N1.HOG0008290	CG13747
N1.HOG0008291	Vhl
N1.HOG0008292	CG30496
N1.HOG0008293	CG13204
N1.HOG0008294	Eps-15
N1.HOG0008295	sPLA2
N1.HOG0008298	ERp60
N1.HOG0008300	Mdr49
N1.HOG0008301	rig
N1.HOG0008302	CG8569
N1.HOG0008304	CG7530
N1.HOG0008305	CG15387
N1.HOG0008306	CG13796
N1.HOG0008311	CkIIbeta
N1.HOG0008318	CG1513
N1.HOG0008319	CG42259,CG43229
N1.HOG0008320	CG42486,CG14933
N1.HOG0008321	Aos1
N1.HOG0008322	CG17122
N1.HOG0008323	GCS2alpha
N1.HOG0008324	Inx2
N1.HOG0008325	4E-T
N1.HOG0008326	CG11034
N1.HOG0008327	DCTN6-p27
N1.HOG0008328	Osi8
N1.HOG0008329	CG13912
N1.HOG0008330	CG6040
N1.HOG0008331	CG1983
N1.HOG0008332	cdc14
N1.HOG0008333	Nepl13
N1.HOG0008338	Syx1A
N1.HOG0008341	MED18
N1.HOG0008342	CG1532
N1.HOG0008343	Edem1
N1.HOG0008344	St1
N1.HOG0008345	CNT2
N1.HOG0008346	Cad89D
N1.HOG0008347	CG3165
N1.HOG0008348	SIFaR
N1.HOG0008349	Upf3
N1.HOG0008350	CG3224
N1.HOG0008351	cv-d
N1.HOG0008352	CG31183
N1.HOG0008353	CG14210
N1.HOG0008354	pug
N1.HOG0008355	lva
N1.HOG0008356	CG6927
N1.HOG0008357	Ork1
N1.HOG0008358	Tsf1
N1.HOG0008359	CG42834,CG42835,CG14332,CG33333
N1.HOG0008362	ssp2
N1.HOG0008363	Smn
N1.HOG0008364	sgl
N1.HOG0008365	pbl
N1.HOG0008366	CG9192
N1.HOG0008367	Cdc5
N1.HOG0008368	l(3)72Dr
N1.HOG0008369	Pc
N1.HOG0008370	CG43980
N1.HOG0008371	CG5969
N1.HOG0008372	nes
N1.HOG0008373	Axs
N1.HOG0008374	CG4213
N1.HOG0008375	CG2519
N1.HOG0008376	CG5793
N1.HOG0008377	CG18809
N1.HOG0008378	CG13078
N1.HOG0008381	Gas41
N1.HOG0008382	BicC
N1.HOG0008383	Cyp28d2,Cyp28d1
N1.HOG0008385	Lim1
N1.HOG0008387	gry
N1.HOG0008388	CG32066
N1.HOG0008389	CtsF
N1.HOG0008390	Acf
N1.HOG0008391	CAH9
N1.HOG0008393	Nlg4
N1.HOG0008398	GlyS
N1.HOG0008399	bel
N1.HOG0008400	mtd
N1.HOG0008401	CG6910
N1.HOG0008402	Cpr51A
N1.HOG0008404	eEF1beta
N1.HOG0008405	Cht12
N1.HOG0008406	trx
N1.HOG0008408	ATPsynF
N1.HOG0008409	pAbp
N1.HOG0008410	Cyp6g2
N1.HOG0008411	CG10383
N1.HOG0008412	vimar
N1.HOG0008413	drosha
N1.HOG0008414	CG14764
N1.HOG0008415	CG3520
N1.HOG0008420	SLO2
N1.HOG0008424	CG15649
N1.HOG0008425	CG31751
N1.HOG0008426	ND-B16.6
N1.HOG0008427	CG16965
N1.HOG0008428	ste14
N1.HOG0008429	Mrgn1
N1.HOG0008430	CG31706
N1.HOG0008432	ppk16
N1.HOG0008435	Tmx3
N1.HOG0008436	Hsdl2
N1.HOG0008438	Clbn
N1.HOG0008440	T48
N1.HOG0008441	not
N1.HOG0008442	rod
N1.HOG0008443	CG7483
N1.HOG0008444	p53
N1.HOG0008445	Sf3b2
N1.HOG0008446	cactin
N1.HOG0008447	gpp
N1.HOG0008448	CG8852
N1.HOG0008449	Faf2
N1.HOG0008450	CG4497
N1.HOG0008452	CG4045
N1.HOG0008453	ND-ASHI
N1.HOG0008454	IntS6
N1.HOG0008455	asun
N1.HOG0008457	CG11068
N1.HOG0008458	Dnah3
N1.HOG0008460	CG2617
N1.HOG0008464	Shab
N1.HOG0008465	mtrm
N1.HOG0008466	CG1316
N1.HOG0008467	Neurl4
N1.HOG0008468	RpL26
N1.HOG0008469	Ir75d
N1.HOG0008470	CG7139
N1.HOG0008471	THADA
N1.HOG0008472	sv
N1.HOG0008473	Tdg
N1.HOG0008474	CG12061
N1.HOG0008478	CG13375
N1.HOG0008480	Dlip2
N1.HOG0008481	l(2)k14505
N1.HOG0008485	dmt
N1.HOG0008486	tub
N1.HOG0008491	lab
N1.HOG0008494	CG10175
N1.HOG0008495	Acat1
N1.HOG0008496	Tim9b
N1.HOG0008497	Fip1
N1.HOG0008498	CG15497
N1.HOG0008499	ClpX
N1.HOG0008500	Or67b
N1.HOG0008501	Mocs1
N1.HOG0008502	Alp6
N1.HOG0008503	Oatp58Dc
N1.HOG0008504	CG13506
N1.HOG0008505	Or56a
N1.HOG0008506	CG8155
N1.HOG0008507	CG10038
N1.HOG0008508	RpS15
N1.HOG0008510	Pms2
N1.HOG0008511	Fancm
N1.HOG0008512	CG15083
N1.HOG0008513	PIG-A
N1.HOG0008514	Cep97
N1.HOG0008515	SA
N1.HOG0008519	dlp
N1.HOG0008527	svr
N1.HOG0008529	Tes
N1.HOG0008530	RpL7
N1.HOG0008531	Tehao
N1.HOG0008532	CG3841
N1.HOG0008533	PICK1
N1.HOG0008534	cup
N1.HOG0008535	chif
N1.HOG0008536	eIF2alpha
N1.HOG0008541	Chpf
N1.HOG0008544	Osi1
N1.HOG0008545	CG5003
N1.HOG0008546	Rint1
N1.HOG0008547	Cyp12e1
N1.HOG0008548	ohgt
N1.HOG0008549	CG17271
N1.HOG0008550	Nopp140
N1.HOG0008551	Spn43Ab
N1.HOG0008552	ND-18
N1.HOG0008553	HUWE1
N1.HOG0008554	CG18549
N1.HOG0008555	Spg7
N1.HOG0008556	RpLP0-like
N1.HOG0008557	CG7997
N1.HOG0008558	rtv
N1.HOG0008559	CG9674
N1.HOG0008560	TM9SF2
N1.HOG0008561	CG17683
N1.HOG0008562	CG10864
N1.HOG0008563	Spag1
N1.HOG0008564	CG3226
N1.HOG0008565	CG1575
N1.HOG0008567	dlg1
N1.HOG0008574	RpL36
N1.HOG0008579	Mcm6
N1.HOG0008580	DENR
N1.HOG0008581	Pgant7
N1.HOG0008582	CG9281
N1.HOG0008583	CG12320
N1.HOG0008584	CG7970
N1.HOG0008585	Gr97a
N1.HOG0008586	CG18266
N1.HOG0008587	Tom7
N1.HOG0008588	l(2)05714
N1.HOG0008589	Mi-2
N1.HOG0008590	Atac3
N1.HOG0008591	Klp67A
N1.HOG0008592	t-Grip84
N1.HOG0008593	CG8564
N1.HOG0008595	MED10
N1.HOG0008596	eIF2beta
N1.HOG0008598	Tsf2
N1.HOG0008599	Pmm2
N1.HOG0008600	CG5048
N1.HOG0008602	CG3919
N1.HOG0008603	mop
N1.HOG0008604	IntS10
N1.HOG0008605	ATP7
N1.HOG0008606	Or24a
N1.HOG0008607	ATPsyndelta
N1.HOG0008608	Bx42
N1.HOG0008609	CG17378
N1.HOG0008610	CG33510
N1.HOG0008611	Dscam3
N1.HOG0008612	CG14646
N1.HOG0008613	TFAM
N1.HOG0008614	bnl
N1.HOG0008615	Cp190
N1.HOG0008616	CG6912
N1.HOG0008617	kra
N1.HOG0008618	CG8136
N1.HOG0008619	CG11964
N1.HOG0008620	CG3831
N1.HOG0008621	LanB2
N1.HOG0008622	ABCB7
N1.HOG0008623	CG13360
N1.HOG0008624	Pif1
N1.HOG0008625	vtd
N1.HOG0008626	Gr57a
N1.HOG0008627	Pdp
N1.HOG0008632	RyR
N1.HOG0008645	bbc
N1.HOG0008646	CG17574
N1.HOG0008647	CG4781
N1.HOG0008648	CG42336
N1.HOG0008649	ITP
N1.HOG0008650	CG17985
N1.HOG0008651	Rpt1
N1.HOG0008652	Vrp1
N1.HOG0008653	CG8929
N1.HOG0008654	garz
N1.HOG0008655	CG42700
N1.HOG0008656	Cpr49Ag
N1.HOG0008657	CG13226
N1.HOG0008658	RanBP3
N1.HOG0008659	Rpn9
N1.HOG0008660	CG46339
N1.HOG0008661	speck
N1.HOG0008662	tamo
N1.HOG0008663	RNaseZ
N1.HOG0008664	Usp39
N1.HOG0008665	Axn
N1.HOG0008666	CG6878
N1.HOG0008667	gogo
N1.HOG0008668	CG11696
N1.HOG0008669	MCTS1
N1.HOG0008670	E23
N1.HOG0008671	ZC3H3
N1.HOG0008672	CG8042
N1.HOG0008673	rictor
N1.HOG0008674	CG33299
N1.HOG0008675	DppIII
N1.HOG0008676	CG8507
N1.HOG0008677	Syp
N1.HOG0008678	RpL4
N1.HOG0008679	CG1090
N1.HOG0008680	Gel
N1.HOG0008681	twin
N1.HOG0008682	Ca-alpha1T
N1.HOG0008683	RhoGAP18B
N1.HOG0008684	Vinc
N1.HOG0008685	imd
N1.HOG0008686	CG6015
N1.HOG0008687	Arfip
N1.HOG0008688	CG3604
N1.HOG0008689	pk
N1.HOG0008690	gzl
N1.HOG0008692	CG10702
N1.HOG0008693	CG13008
N1.HOG0008694	Smyd4-4
N1.HOG0008695	Adk3
N1.HOG0008696	Arl5
N1.HOG0008697	CG14207
N1.HOG0008698	Usp8
N1.HOG0008699	BHD
N1.HOG0008700	CycT
N1.HOG0008705	CG13086
N1.HOG0008706	CG31773
N1.HOG0008707	CG17030
N1.HOG0008709	LanA
N1.HOG0008710	dsx-c73A
N1.HOG0008711	CG3634
N1.HOG0008712	RecQ4
N1.HOG0008714	Blimp-1
N1.HOG0008715	ppk26
N1.HOG0008716	tant
N1.HOG0008717	CG14826
N1.HOG0008718	RIOK1
N1.HOG0008719	CG43897
N1.HOG0008720	CG1703
N1.HOG0008722	PMCA
N1.HOG0008723	MED26
N1.HOG0008724	NaPi-T
N1.HOG0008725	TRAM
N1.HOG0008726	CG34348
N1.HOG0008727	Cyp28c1
N1.HOG0008728	Pcmt
N1.HOG0008729	Prx5
N1.HOG0008730	wol
N1.HOG0008731	NimB4
N1.HOG0008732	nrv2
N1.HOG0008733	nrv1
N1.HOG0008734	sinah
N1.HOG0008738	acj6
N1.HOG0008739	CD98hc
N1.HOG0008740	Sik3
N1.HOG0008741	CG12375
N1.HOG0008742	dac
N1.HOG0008743	robo1
N1.HOG0008744	CG5721
N1.HOG0008745	SP2353
N1.HOG0008746	RpS24
N1.HOG0008747	CG2852
N1.HOG0008748	CkIIbeta2
N1.HOG0008749	side-VIII
N1.HOG0008751	CG1440
N1.HOG0008752	Tango11
N1.HOG0008753	Hrd3
N1.HOG0008754	sau
N1.HOG0008755	CG11149
N1.HOG0008756	rost
N1.HOG0008757	pnut
N1.HOG0008758	CG3942
N1.HOG0008759	CG11145
N1.HOG0008763	CG9915
N1.HOG0008767	CtsB
N1.HOG0008768	RpS3
N1.HOG0008773	peb
N1.HOG0008774	kar
N1.HOG0008775	CG14118
N1.HOG0008776	CG2608
N1.HOG0008777	RanGAP
N1.HOG0008778	KdelR
N1.HOG0008779	l(2)37Cd
N1.HOG0008780	Phlpp
N1.HOG0008781	RPA2
N1.HOG0008782	Pgant5
N1.HOG0008783	spdi
N1.HOG0008784	Efhc1.1
N1.HOG0008785	Ocrl
N1.HOG0008786	Osi9
N1.HOG0008787	CG5849
N1.HOG0008788	Prp4k
N1.HOG0008789	Trh
N1.HOG0008790	PGRP-SB1
N1.HOG0008792	sds22
N1.HOG0008794	CG7420
N1.HOG0008796	Gr21a
N1.HOG0008797	Polr1E
N1.HOG0008798	CG1907
N1.HOG0008800	CCT4
N1.HOG0008803	Pgant3
N1.HOG0008804	ro
N1.HOG0008805	Ipp
N1.HOG0008806	sws
N1.HOG0008807	Pbp49
N1.HOG0008808	CG13326
N1.HOG0008810	chic
N1.HOG0008813	CG17715
N1.HOG0008814	CG3566
N1.HOG0008815	CG6701
N1.HOG0008816	CG11808
N1.HOG0008817	CG5953
N1.HOG0008818	CG32032
N1.HOG0008819	teq
N1.HOG0008820	alphaCOP
N1.HOG0008821	CG6138
N1.HOG0008822	CG13538
N1.HOG0008823	CG6793
N1.HOG0008824	CG13403
N1.HOG0008825	CG7016
N1.HOG0008826	CG13427
N1.HOG0008827	MnM
N1.HOG0008828	RpL14
N1.HOG0008829	drpr
N1.HOG0008830	Dhc62B
N1.HOG0008831	app
N1.HOG0008832	smid
N1.HOG0008833	CG1265
N1.HOG0008834	CG14567,CG33290
N1.HOG0008835	CG14186
N1.HOG0008836	Cyp312a1
N1.HOG0008837	Pgant8
N1.HOG0008838	Mes2
N1.HOG0008839	Sarm
N1.HOG0008840	CG5021
N1.HOG0008841	Ing3
N1.HOG0008843	E(var)3-9
N1.HOG0008846	Rai1
N1.HOG0008847	ppk7
N1.HOG0008848	NimC2
N1.HOG0008849	Nos
N1.HOG0008851	Ubc2
N1.HOG0008852	CG43338
N1.HOG0008853	CG11417
N1.HOG0008854	Cnot4
N1.HOG0008858	MetRS-m
N1.HOG0008860	CG8141
N1.HOG0008861	mod
N1.HOG0008862	Map205
N1.HOG0008863	modSP
N1.HOG0008864	CG10317
N1.HOG0008865	CG10898
N1.HOG0008866	CG17687
N1.HOG0008867	Rtf1
N1.HOG0008868	mute
N1.HOG0008869	Tmc
N1.HOG0008870	Myc
N1.HOG0008871	PIG-G
N1.HOG0008872	Tbp
N1.HOG0008873	CG42360
N1.HOG0008874	wdp
N1.HOG0008875	prod
N1.HOG0008876	tef
N1.HOG0008877	CG15674
N1.HOG0008878	CG5174
N1.HOG0008879	mago
N1.HOG0008880	CG8841
N1.HOG0008881	CG13955
N1.HOG0008882	Nup54
N1.HOG0008883	RIOK2
N1.HOG0008884	DIP-theta
N1.HOG0008885	CG7236
N1.HOG0008886	obst-E
N1.HOG0008887	CG8892
N1.HOG0008888	CG12910
N1.HOG0008889	Hexo1
N1.HOG0008890	RhoGAP15B
N1.HOG0008891	Su(fu)
N1.HOG0008892	CG32137
N1.HOG0008893	DCTN1-p150
N1.HOG0008894	caz
N1.HOG0008896	NAAT1
N1.HOG0008897	CG34109
N1.HOG0008898	Axud1
N1.HOG0008899	RtGEF
N1.HOG0008900	CG31798
N1.HOG0008901	CG7214
N1.HOG0008902	Oatp30B
N1.HOG0008903	Nhe3
N1.HOG0008904	CG5435
N1.HOG0008905	VGlut
N1.HOG0008906	Tps1
N1.HOG0008907	Osi12
N1.HOG0008908	GstO2
N1.HOG0008909	Vps13B
N1.HOG0008910	Ice2
N1.HOG0008923	eEF1gamma
N1.HOG0008927	CG9684
N1.HOG0008928	Nct
N1.HOG0008929	hmw
N1.HOG0008931	Sf3a2
N1.HOG0008932	26-29-p
N1.HOG0008933	Psf3
N1.HOG0008934	CG1103
N1.HOG0008935	CG10877
N1.HOG0008936	CG13397
N1.HOG0008937	Polr2C
N1.HOG0008938	Arp6
N1.HOG0008939	CG7987
N1.HOG0008940	CG9215
N1.HOG0008941	CG18870
N1.HOG0008942	ord
N1.HOG0008943	CG34445
N1.HOG0008944	fidipidine
N1.HOG0008945	ppk23
N1.HOG0008946	TBCD
N1.HOG0008947	und
N1.HOG0008948	Cht10
N1.HOG0008949	stac
N1.HOG0008950	Sf3b1
N1.HOG0008951	ken
N1.HOG0008952	CG14805
N1.HOG0008953	Gle1
N1.HOG0008954	CG6347
N1.HOG0008955	MKP-4
N1.HOG0008956	ct
N1.HOG0008957	CG1943
N1.HOG0008958	por
N1.HOG0008962	CG30222
N1.HOG0008963	CG16852
N1.HOG0008964	CG32713,CG33223,CG12725
N1.HOG0008965	CG13474
N1.HOG0008966	CG33128
N1.HOG0008967	Cep290
N1.HOG0008968	CG43373
N1.HOG0008969	mus301
N1.HOG0008970	Uba2
N1.HOG0008971	blot
N1.HOG0008972	CG32369
N1.HOG0008973	defl
N1.HOG0008974	Sf3b3
N1.HOG0008975	CG4998
N1.HOG0008976	CG15011
N1.HOG0008977	CG6843
N1.HOG0008978	CSN1b
N1.HOG0008979	CG7550
N1.HOG0008980	Patj
N1.HOG0008982	Asator
N1.HOG0008991	RagA-B
N1.HOG0008992	CG42327
N1.HOG0008993	iav
N1.HOG0008994	capt
N1.HOG0008995	CG31673
N1.HOG0008996	Rab40
N1.HOG0008997	Fadd
N1.HOG0008998	Zcchc7
N1.HOG0008999	Rbfox1
N1.HOG0009000	CG6800
N1.HOG0009001	mtsh
N1.HOG0009002	pic
N1.HOG0009003	Mcm3
N1.HOG0009004	Mink
N1.HOG0009005	Rift
N1.HOG0009007	CG8944
N1.HOG0009008	Nek2
N1.HOG0009010	Vha26
N1.HOG0009020	mRpL19
N1.HOG0009021	ArgRS-m
N1.HOG0009022	RabGGTa
N1.HOG0009023	CCT3
N1.HOG0009024	CG3687
N1.HOG0009025	CG33144
N1.HOG0009026	CG12128
N1.HOG0009029	CG3222
N1.HOG0009030	LeuRS
N1.HOG0009031	Not1
N1.HOG0009032	CG4806
N1.HOG0009033	Dg
N1.HOG0009034	CG9394
N1.HOG0009035	CG31098
N1.HOG0009036	Kif19A
N1.HOG0009037	Nup133
N1.HOG0009038	CCT1
N1.HOG0009039	alien
N1.HOG0009040	ex
N1.HOG0009045	Ca-beta
N1.HOG0009046	Cyt-b5-r
N1.HOG0009049	Tsp42Ea
N1.HOG0009050	Aldh-III
N1.HOG0009051	VhaAC45
N1.HOG0009052	Zfrp8
N1.HOG0009053	CycH
N1.HOG0009055	Orc3
N1.HOG0009056	Sec24AB
N1.HOG0009057	egg
N1.HOG0009060	d4
N1.HOG0009061	pita
N1.HOG0009063	rg
N1.HOG0009065	Ltn1
N1.HOG0009066	Vps50
N1.HOG0009067	Xrp1
N1.HOG0009068	CG13127
N1.HOG0009069	Phb1
N1.HOG0009070	step
N1.HOG0009071	Eogt
N1.HOG0009072	thoc5
N1.HOG0009074	Gk1
N1.HOG0009075	mbc
N1.HOG0009076	CycC
N1.HOG0009077	mRpS11
N1.HOG0009078	CysRS
N1.HOG0009079	Sap130
N1.HOG0009080	CG12236
N1.HOG0009081	cwo
N1.HOG0009082	aralar1
N1.HOG0009083	CG2747
N1.HOG0009084	Cdk5
N1.HOG0009085	mEFTu2
N1.HOG0009086	Idgf5
N1.HOG0009088	CG15141
N1.HOG0009090	Dmtn
N1.HOG0009091	CG13995
N1.HOG0009092	raw
N1.HOG0009093	Unc-115a,Unc-115b
N1.HOG0009094	M6
N1.HOG0009096	Mtpbeta
N1.HOG0009097	GlcAT-I
N1.HOG0009098	AANATL7
N1.HOG0009099	Cmtr1
N1.HOG0009100	CG16837
N1.HOG0009101	HPS4
N1.HOG0009102	Echs1
N1.HOG0009103	Mct1
N1.HOG0009104	Gcna
N1.HOG0009105	CG15739
N1.HOG0009106	mus101
N1.HOG0009107	CG11095
N1.HOG0009108	CG2493
N1.HOG0009109	Coq5
N1.HOG0009110	CG11902
N1.HOG0009111	Agxt
N1.HOG0009112	Prestin
N1.HOG0009113	CG10171
N1.HOG0009115	scny
N1.HOG0009122	FMRFaR
N1.HOG0009123	Taf4
N1.HOG0009124	CG9133
N1.HOG0009125	Pdss2
N1.HOG0009126	ms(2)34Fe
N1.HOG0009127	Ssl1
N1.HOG0009128	lgs
N1.HOG0009130	sxe2
N1.HOG0009132	CG2889
N1.HOG0009133	rb
N1.HOG0009138	mle
N1.HOG0009139	CG17141
N1.HOG0009140	KLHL18
N1.HOG0009141	moody
N1.HOG0009142	Su(H)
N1.HOG0009143	CG9257
N1.HOG0009144	png
N1.HOG0009145	CG1812
N1.HOG0009146	Cubn
N1.HOG0009147	Loxl1
N1.HOG0009148	Grik
N1.HOG0009152	Ubx
N1.HOG0009155	CG31075
N1.HOG0009156	E(spl)m5-HLH
N1.HOG0009157	ap
N1.HOG0009158	stil
N1.HOG0009160	yellow-e
N1.HOG0009161	Sry-delta
N1.HOG0009162	GEFmeso
N1.HOG0009163	sprt
N1.HOG0009164	RtcB
N1.HOG0009165	uri
N1.HOG0009166	CG8399
N1.HOG0009167	CG3894
N1.HOG0009169	CCT8
N1.HOG0009170	CG8490
N1.HOG0009172	wun
N1.HOG0009173	CG1213
N1.HOG0009174	sip1
N1.HOG0009176	l(2)09851
N1.HOG0009178	Tlk
N1.HOG0009180	Adar
N1.HOG0009181	parvin
N1.HOG0009185	Droj2
N1.HOG0009188	CG5104
N1.HOG0009189	CG7017
N1.HOG0009190	CG5946
N1.HOG0009191	CG32795
N1.HOG0009192	Nup154
N1.HOG0009193	CG31743
N1.HOG0009194	CG7203
N1.HOG0009195	CG17036
N1.HOG0009196	CG5828
N1.HOG0009197	CG13807
N1.HOG0009198	CG15878
N1.HOG0009199	UK114
N1.HOG0009200	CG5377
N1.HOG0009201	CG13605
N1.HOG0009203	slo
N1.HOG0009206	CG1890
N1.HOG0009207	RpL6
N1.HOG0009208	pll
N1.HOG0009209	Vps16A
N1.HOG0009210	milt
N1.HOG0009211	CG3223
N1.HOG0009212	Cad99C
N1.HOG0009213	Nup358
N1.HOG0009214	bam
N1.HOG0009215	Spn100A
N1.HOG0009216	CG9717
N1.HOG0009217	CG17272
N1.HOG0009218	Chsy
N1.HOG0009219	CG2685
N1.HOG0009220	CG30183
N1.HOG0009221	CG31342
N1.HOG0009222	CycE
N1.HOG0009223	Ing5
N1.HOG0009224	Pfdn1
N1.HOG0009225	CG3262
N1.HOG0009226	Nepl5
N1.HOG0009227	CG5882
N1.HOG0009228	Ada1-2,Ada1-1
N1.HOG0009229	Br140
N1.HOG0009231	Spx
N1.HOG0009235	CG5162
N1.HOG0009236	CG10803
N1.HOG0009239	sta
N1.HOG0009241	XRCC1
N1.HOG0009242	abo
N1.HOG0009243	ZnT49B
N1.HOG0009244	CG34457
N1.HOG0009245	aurA
N1.HOG0009246	CG13930
N1.HOG0009247	bcd
N1.HOG0009248	CG5921
N1.HOG0009249	CG32547
N1.HOG0009250	Ir7d
N1.HOG0009251	ppk24
N1.HOG0009252	ppk3
N1.HOG0009253	CG7368
N1.HOG0009254	CG32022
N1.HOG0009255	Polr3G
N1.HOG0009256	Hn
N1.HOG0009257	Roc1b
N1.HOG0009258	CG8560
N1.HOG0009259	CG32240
N1.HOG0009262	Chrac-14
N1.HOG0009264	Pfdn4
N1.HOG0009265	sti
N1.HOG0009266	TfIIEbeta
N1.HOG0009267	Syn1
N1.HOG0009268	CG7275
N1.HOG0009269	CG11109
N1.HOG0009271	JTBR
N1.HOG0009272	bsd
N1.HOG0009274	CG7742
N1.HOG0009275	MFS15
N1.HOG0009276	rpk
N1.HOG0009277	ENGase
N1.HOG0009278	Aatf
N1.HOG0009279	Duox
N1.HOG0009281	Obp19d
N1.HOG0009282	Flo2
N1.HOG0009283	dor
N1.HOG0009285	fng
N1.HOG0009286	CG34001
N1.HOG0009287	pcx
N1.HOG0009288	Sp212
N1.HOG0009289	Sirt7
N1.HOG0009290	EloB
N1.HOG0009291	Rad60
N1.HOG0009292	spn-B
N1.HOG0009293	mesh
N1.HOG0009294	fabp
N1.HOG0009295	Dis3
N1.HOG0009296	Trm7-32
N1.HOG0009297	Nlg3
N1.HOG0009298	alpha-Est3
N1.HOG0009299	MBD-R2
N1.HOG0009300	ncd
N1.HOG0009301	mRpS29
N1.HOG0009302	crn
N1.HOG0009303	cos
N1.HOG0009308	sona
N1.HOG0009309	Adck1
N1.HOG0009312	Mmp1
N1.HOG0009313	tor
N1.HOG0009314	Nup188
N1.HOG0009315	Cdk4
N1.HOG0009316	CG13585
N1.HOG0009317	Nurf-38
N1.HOG0009319	Usp15-31
N1.HOG0009320	Prosalpha5
N1.HOG0009321	CG3216
N1.HOG0009322	Nt5c
N1.HOG0009323	pyx
N1.HOG0009325	Gr39b
N1.HOG0009326	CG14007
N1.HOG0009327	Slob
N1.HOG0009328	Atxn7
N1.HOG0009330	CG3358
N1.HOG0009331	zda
N1.HOG0009332	CG7791
N1.HOG0009333	Rep
N1.HOG0009334	CG17765
N1.HOG0009335	EDTP
N1.HOG0009336	CG3726
N1.HOG0009338	Su(var)3-3
N1.HOG0009339	Ptpmeg2
N1.HOG0009340	Cand1
N1.HOG0009341	Megf8
N1.HOG0009342	fs(1)M3
N1.HOG0009343	Nse1
N1.HOG0009344	Rsf1
N1.HOG0009345	CG9297
N1.HOG0009346	CG1275
N1.HOG0009347	CG5674
N1.HOG0009348	tacc
N1.HOG0009349	Aduk
N1.HOG0009350	CG17475
N1.HOG0009351	Npc2c
N1.HOG0009352	lili
N1.HOG0009353	CG8321
N1.HOG0009354	jumu
N1.HOG0009355	CG1138
N1.HOG0009356	Brf
N1.HOG0009357	mbt
N1.HOG0009358	Obp44a
N1.HOG0009359	GstE9
N1.HOG0009360	pn
N1.HOG0009361	Nin
N1.HOG0009362	Decay
N1.HOG0009363	spn-A
N1.HOG0009364	CG3558
N1.HOG0009365	fon
N1.HOG0009366	pps
N1.HOG0009367	CG10254
N1.HOG0009368	CG10184
N1.HOG0009369	CG9902,CG7692
N1.HOG0009370	CG5274
N1.HOG0009371	kug
N1.HOG0009372	Alg14
N1.HOG0009373	CG2260
N1.HOG0009374	CG16903
N1.HOG0009375	Hinfp
N1.HOG0009376	GstS1
N1.HOG0009377	eIF3c
N1.HOG0009378	otk
N1.HOG0009379	CG4991
N1.HOG0009381	Cyp4g1
N1.HOG0009382	CG8236
N1.HOG0009383	CG1910
N1.HOG0009384	CG7376
N1.HOG0009385	CG2865
N1.HOG0009386	Nnp-1
N1.HOG0009387	Sras
N1.HOG0009388	CG34458
N1.HOG0009389	l(2)k10201
N1.HOG0009390	CG9672
N1.HOG0009391	scyl
N1.HOG0009392	CG14073
N1.HOG0009393	MCU
N1.HOG0009395	MED30
N1.HOG0009397	tfc
N1.HOG0009401	CG8541
N1.HOG0009403	CG11345
N1.HOG0009404	DIP-delta
N1.HOG0009405	PVRAP
N1.HOG0009406	CG6592
N1.HOG0009408	Cypl
N1.HOG0009410	Iml1
N1.HOG0009411	mas
N1.HOG0009413	mrn
N1.HOG0009414	Polr2H
N1.HOG0009415	Ugt316A1
N1.HOG0009416	Rpn12R
N1.HOG0009417	iPLA2-VIA
N1.HOG0009418	CG31998
N1.HOG0009419	CG42399
N1.HOG0009420	Zir
N1.HOG0009421	CG1677
N1.HOG0009422	Rnmt
N1.HOG0009423	Nox
N1.HOG0009424	CG6867
N1.HOG0009425	Gnf1
N1.HOG0009426	Spt3
N1.HOG0009427	rha
N1.HOG0009428	Taf12
N1.HOG0009429	Nf-YC
N1.HOG0009430	NimA
N1.HOG0009431	Pvf2
N1.HOG0009432	Pino
N1.HOG0009435	Drak
N1.HOG0009436	CG5823
N1.HOG0009437	Bruce
N1.HOG0009438	Hel89B
N1.HOG0009440	CG43155
N1.HOG0009442	Fntb
N1.HOG0009444	Irbp
N1.HOG0009445	InR
N1.HOG0009446	ppk9
N1.HOG0009447	CG12341
N1.HOG0009448	grau
N1.HOG0009449	RpL19
N1.HOG0009450	path
N1.HOG0009451	CG7888
N1.HOG0009452	CG4866
N1.HOG0009453	Stip1
N1.HOG0009454	Myo31DF
N1.HOG0009455	Or10a
N1.HOG0009457	CG8112
N1.HOG0009458	Jhedup
N1.HOG0009459	CG4741
N1.HOG0009460	Sardh
N1.HOG0009461	fat-spondin
N1.HOG0009462	Cap-D2
N1.HOG0009463	jef
N1.HOG0009464	CG1688
N1.HOG0009465	CG30015
N1.HOG0009466	LBR
N1.HOG0009467	PAN2
N1.HOG0009468	Vha100-3
N1.HOG0009470	CG17404
N1.HOG0009471	wfs1
N1.HOG0009472	CG42658
N1.HOG0009473	LPCAT
N1.HOG0009474	CG8728
N1.HOG0009475	PolZ1
N1.HOG0009476	Rme-8
N1.HOG0009484	kune
N1.HOG0009485	ebo
N1.HOG0009486	IntS2
N1.HOG0009487	Wbp2
N1.HOG0009488	nebu
N1.HOG0009489	kek2
N1.HOG0009490	CG4335
N1.HOG0009491	sip2
N1.HOG0009492	TTLL15
N1.HOG0009494	Cyp4s3
N1.HOG0009495	Osi2
N1.HOG0009496	eIF3f1
N1.HOG0009497	CG34117
N1.HOG0009498	Cisd2
N1.HOG0009499	alpha-Man-IIa
N1.HOG0009500	CG14562
N1.HOG0009501	Srrm1
N1.HOG0009502	beta4GalNAcTB
N1.HOG0009507	Rfx
N1.HOG0009508	CG10348
N1.HOG0009509	Marf
N1.HOG0009510	lbm
N1.HOG0009511	schlank
N1.HOG0009512	mRpL38
N1.HOG0009513	Syt12
N1.HOG0009514	Ugalt
N1.HOG0009515	Cul4
N1.HOG0009516	Nup62
N1.HOG0009517	CG4676
N1.HOG0009518	Phax
N1.HOG0009519	Prp8
N1.HOG0009520	CG3746
N1.HOG0009521	EndoA
N1.HOG0009522	CG17593
N1.HOG0009523	Gdi
N1.HOG0009524	CG3407
N1.HOG0009525	glob1
N1.HOG0009526	Ctl2
N1.HOG0009528	CG42342
N1.HOG0009532	CG7381
N1.HOG0009533	CG43783
N1.HOG0009534	CG16812
N1.HOG0009535	CG17544
N1.HOG0009536	COX5B
N1.HOG0009537	CG12567
N1.HOG0009538	Not3
N1.HOG0009539	Clamp
N1.HOG0009541	CG42747
N1.HOG0009543	pigs
N1.HOG0009544	CG17065
N1.HOG0009545	CG1636
N1.HOG0009546	CG11807
N1.HOG0009548	Fkbp12
N1.HOG0009550	scu
N1.HOG0009551	p115
N1.HOG0009552	CG11590
N1.HOG0009553	CG3703
N1.HOG0009554	mfas
N1.HOG0009555	l(1)G0004
N1.HOG0009556	Dok
N1.HOG0009557	c(2)M
N1.HOG0009558	CG43329
N1.HOG0009559	Pfdn6
N1.HOG0009560	ArfGAP3
N1.HOG0009561	Srpk79D
N1.HOG0009562	CG17364
N1.HOG0009564	RpL8
N1.HOG0009566	CG11456
N1.HOG0009567	Dbx
N1.HOG0009568	syd
N1.HOG0009569	Rev1
N1.HOG0009570	CG3618
N1.HOG0009571	Coa7
N1.HOG0009572	CG42304
N1.HOG0009573	CG10510
N1.HOG0009575	CtIP
N1.HOG0009576	CG18004
N1.HOG0009577	Sfxn2
N1.HOG0009578	CG7102
N1.HOG0009579	Eip75B
N1.HOG0009581	fs(2)ltoPP43
N1.HOG0009582	CG32407
N1.HOG0009583	stj
N1.HOG0009584	PIG-B
N1.HOG0009586	Scsalpha1
N1.HOG0009591	Cda4
N1.HOG0009592	CG3164
N1.HOG0009593	CG7382
N1.HOG0009594	Erk7
N1.HOG0009595	CG9427
N1.HOG0009596	GCC185
N1.HOG0009597	Lst8
N1.HOG0009598	amx
N1.HOG0009599	Cks30A
N1.HOG0009600	pes
N1.HOG0009601	Nuf2
N1.HOG0009602	fusl
N1.HOG0009603	MTPAP
N1.HOG0009605	Neos
N1.HOG0009608	CG12362
N1.HOG0009609	hay
N1.HOG0009610	Gp93
N1.HOG0009611	CG13630
N1.HOG0009612	B52
N1.HOG0009613	disp
N1.HOG0009614	CG34112
N1.HOG0009615	orb
N1.HOG0009616	Cdc42
N1.HOG0009617	AdSL
N1.HOG0009618	CG2926
N1.HOG0009619	CG13643
N1.HOG0009620	HEATR2
N1.HOG0009622	CG11317
N1.HOG0009623	Sgt1
N1.HOG0009624	CG14230
N1.HOG0009625	CG31446
N1.HOG0009626	7B2
N1.HOG0009627	Kyat
N1.HOG0009628	PolA1
N1.HOG0009630	Hs6st
N1.HOG0009631	CG6231
N1.HOG0009633	uex
N1.HOG0009636	side-VI
N1.HOG0009640	Gclc
N1.HOG0009641	tei
N1.HOG0009642	Oseg4
N1.HOG0009643	aru
N1.HOG0009644	Ge-1
N1.HOG0009645	RpL32
N1.HOG0009646	Amph
N1.HOG0009647	Orc1
N1.HOG0009648	dgt5
N1.HOG0009649	Ssrp
N1.HOG0009651	stmA
N1.HOG0009652	RN-tre
N1.HOG0009653	TppII
N1.HOG0009654	CG18335
N1.HOG0009655	CCDC151
N1.HOG0009656	RnrS
N1.HOG0009657	AspRS
N1.HOG0009658	mEFG1
N1.HOG0009659	Dpit47
N1.HOG0009660	CG14480
N1.HOG0009661	wun2
N1.HOG0009662	ZnT41F
N1.HOG0009663	Cad87A
N1.HOG0009664	CG6908
N1.HOG0009666	CG9920
N1.HOG0009670	kon
N1.HOG0009671	CG4297
N1.HOG0009672	Pkn
N1.HOG0009673	Orai
N1.HOG0009674	gem
N1.HOG0009675	TER94
N1.HOG0009676	CG13192
N1.HOG0009679	hpo
N1.HOG0009681	CG9344
N1.HOG0009682	CG15082
N1.HOG0009683	Egfr
N1.HOG0009684	wds
N1.HOG0009686	Mad
N1.HOG0009687	mbo
N1.HOG0009688	CG6951
N1.HOG0009689	Fer2LCH
N1.HOG0009690	elgi
N1.HOG0009691	Brr2
N1.HOG0009692	CG7148
N1.HOG0009693	Mnr
N1.HOG0009694	CG4839
N1.HOG0009695	Cul3
N1.HOG0009696	Mical
N1.HOG0009697	Daxx
N1.HOG0009698	Gyc32E
N1.HOG0009699	Brd7-9
N1.HOG0009700	Ddc
N1.HOG0009701	Hrb27C
N1.HOG0009703	CG14195
N1.HOG0009704	CG12170
N1.HOG0009706	Ost48
N1.HOG0009707	CG6254
N1.HOG0009708	rno
N1.HOG0009709	Pex23
N1.HOG0009710	CG11779
N1.HOG0009711	CG31156
N1.HOG0009712	su(Hw)
N1.HOG0009713	pasi2
N1.HOG0009714	HDAC11
N1.HOG0009715	Wdr37
N1.HOG0009716	GckIII
N1.HOG0009717	CG6403
N1.HOG0009718	TTLL6B
N1.HOG0009719	mino
N1.HOG0009721	CG31528
N1.HOG0009722	WASp
N1.HOG0009723	CG1951
N1.HOG0009724	Etfb
N1.HOG0009725	sp3
N1.HOG0009726	CG2218
N1.HOG0009727	Cdc16
N1.HOG0009728	CG9272
N1.HOG0009729	CG5877
N1.HOG0009730	CG2701
N1.HOG0009731	Spindly
N1.HOG0009732	Agpat2
N1.HOG0009733	prg
N1.HOG0009734	lmgB
N1.HOG0009735	dco
N1.HOG0009736	pont
N1.HOG0009738	CG9775
N1.HOG0009739	EndoGI
N1.HOG0009740	Marf1
N1.HOG0009741	RpL21
N1.HOG0009742	Tig
N1.HOG0009743	Nepl4
N1.HOG0009744	scat
N1.HOG0009745	eIF3d1
N1.HOG0009746	yps
N1.HOG0009747	rempA
N1.HOG0009748	CG9497
N1.HOG0009750	CG4119
N1.HOG0009751	larp
N1.HOG0009752	Pbp45
N1.HOG0009753	kappaB-Ras
N1.HOG0009754	SCAP
N1.HOG0009755	CG13501
N1.HOG0009756	CG7536
N1.HOG0009757	pck
N1.HOG0009759	CG31248
N1.HOG0009760	RpL18
N1.HOG0009761	UQCR-Q
N1.HOG0009762	Hsp83
N1.HOG0009763	Stt3A
N1.HOG0009764	Smyd4-1
N1.HOG0009765	CG14997
N1.HOG0009766	Nup37
N1.HOG0009767	SNRPG
N1.HOG0009768	CG8476
N1.HOG0009769	CG3706
N1.HOG0009770	CG31823
N1.HOG0009771	dpr16
N1.HOG0009772	CG6409
N1.HOG0009774	CG12576
N1.HOG0009776	CG5567
N1.HOG0009777	SrpRbeta
N1.HOG0009778	alpha-Spec
N1.HOG0009779	dib
N1.HOG0009780	CG3764
N1.HOG0009781	Mcad
N1.HOG0009782	wrm1
N1.HOG0009783	SsRbeta
N1.HOG0009784	Hsc70Cb
N1.HOG0009785	CG14566
N1.HOG0009786	ND-39
N1.HOG0009787	cl
N1.HOG0009788	CG17211
N1.HOG0009789	Cka
N1.HOG0009790	Dbp21E2
N1.HOG0009793	exd
N1.HOG0009795	CG14220
N1.HOG0009796	Tailor
N1.HOG0009797	Vps33B
N1.HOG0009798	CG17168
N1.HOG0009799	Parg
N1.HOG0009800	kz
N1.HOG0009801	ifc
N1.HOG0009802	CG4364
N1.HOG0009804	NimC4
N1.HOG0009805	CG10462
N1.HOG0009807	l(2)05287
N1.HOG0009808	asp
N1.HOG0009809	Rbp
N1.HOG0009810	lsn
N1.HOG0009811	CG6184
N1.HOG0009812	Ttc30
N1.HOG0009814	Theg
N1.HOG0009815	tst
N1.HOG0009816	cic
N1.HOG0009817	g
N1.HOG0009818	CG2663
N1.HOG0009819	Exd2
N1.HOG0009820	CG42788
N1.HOG0009821	CG5399
N1.HOG0009822	Mco3
N1.HOG0009824	Ufd1
N1.HOG0009827	CG18744
N1.HOG0009828	CG10086
N1.HOG0009829	Tcs4
N1.HOG0009830	CG1416
N1.HOG0009831	form3
N1.HOG0009832	Tektin-C
N1.HOG0009833	SCOT
N1.HOG0009835	sip3
N1.HOG0009836	dnk
N1.HOG0009837	CG11294
N1.HOG0009838	Vps13D
N1.HOG0009839	Dim1
N1.HOG0009840	O-fut1
N1.HOG0009841	Pld
N1.HOG0009842	Ars2
N1.HOG0009843	Lac
N1.HOG0009844	Dip-C
N1.HOG0009845	drk
N1.HOG0009846	Mid1
N1.HOG0009847	CG9875
N1.HOG0009848	dare
N1.HOG0009849	CG10793
N1.HOG0009850	CG8414
N1.HOG0009851	rswl
N1.HOG0009852	prom
N1.HOG0009853	Letm1
N1.HOG0009854	Rpn6
N1.HOG0009855	PIG-V
N1.HOG0009856	CG30349
N1.HOG0009857	MAN1
N1.HOG0009858	Ent2
N1.HOG0009859	CG11892
N1.HOG0009860	CG42331
N1.HOG0009861	Moe
N1.HOG0009862	CG9541
N1.HOG0009864	VhaSFD
N1.HOG0009866	Rad51D
N1.HOG0009867	CG13202
N1.HOG0009869	apt
N1.HOG0009870	HDAC4
N1.HOG0009872	vas
N1.HOG0009878	CG1785
N1.HOG0009879	Ech1
N1.HOG0009880	Grip
N1.HOG0009881	CG12075
N1.HOG0009882	CG8833
N1.HOG0009883	X11L
N1.HOG0009885	Pcp
N1.HOG0009886	Or22c
N1.HOG0009887	RpS26
N1.HOG0009888	Ir25a
N1.HOG0009889	SelT
N1.HOG0009890	HINT1
N1.HOG0009891	CG18480
N1.HOG0009892	RFeSP
N1.HOG0009893	CG9536
N1.HOG0009894	CG6180
N1.HOG0009895	x16
N1.HOG0009896	Rca1
N1.HOG0009897	E2f2
N1.HOG0009898	Trm1
N1.HOG0009899	chas
N1.HOG0009901	Cox17
N1.HOG0009902	Usp5
N1.HOG0009903	CG15594
N1.HOG0009904	HSPBAP1
N1.HOG0009905	rgn
N1.HOG0009906	CG18131
N1.HOG0009907	CG14434
N1.HOG0009908	jus
N1.HOG0009909	CG9356
N1.HOG0009910	CG3909
N1.HOG0009912	naz
N1.HOG0009913	Dph2
N1.HOG0009914	ppk21
N1.HOG0009915	CG8292
N1.HOG0009916	CG14937
N1.HOG0009917	Cpsf100
N1.HOG0009918	CG6028
N1.HOG0009919	Tsp42Ek
N1.HOG0009920	Fer1HCH
N1.HOG0009921	Dredd
N1.HOG0009922	CG2224
N1.HOG0009923	Cyfip
N1.HOG0009924	stumps
N1.HOG0009925	CG16989
N1.HOG0009926	DCTN4-p62
N1.HOG0009927	CG13954
N1.HOG0009928	CG4734
N1.HOG0009929	ATbp
N1.HOG0009930	tyf
N1.HOG0009931	Lrpprc2
N1.HOG0009932	Sgsh
N1.HOG0009933	CG14292
N1.HOG0009934	Aasdh
N1.HOG0009935	eIF3e
N1.HOG0009936	Nepl17
N1.HOG0009937	Nepl19
N1.HOG0009938	CG5043
N1.HOG0009939	Dif
N1.HOG0009944	RpL36A
N1.HOG0009947	Trl
N1.HOG0009948	dbo
N1.HOG0009950	CG7430
N1.HOG0009951	AdoR
N1.HOG0009952	CG3448
N1.HOG0009953	PLCXD
N1.HOG0009954	PRL-1
N1.HOG0009955	pigeon
N1.HOG0009956	Kr-h2
N1.HOG0009957	Kr-h1
N1.HOG0009958	vig
N1.HOG0009959	ics
N1.HOG0009960	CG14013
N1.HOG0009961	mmy
N1.HOG0009962	CG7006
N1.HOG0009963	GILT3
N1.HOG0009964	CG34124
N1.HOG0009965	Rnf146
N1.HOG0009966	CG9372
N1.HOG0009967	CG5498
N1.HOG0009968	Mis12
N1.HOG0009969	Spt5
N1.HOG0009970	CG5597
N1.HOG0009971	C3G
N1.HOG0009972	AMPdeam
N1.HOG0009973	CG2124
N1.HOG0009974	sev
N1.HOG0009975	CG46491
N1.HOG0009976	Cirl
N1.HOG0009977	MetRS
N1.HOG0009978	CG11679
N1.HOG0009979	Taf9
N1.HOG0009980	CG4576
N1.HOG0009981	CG16789
N1.HOG0009982	Myo61F
N1.HOG0009983	CG3527
N1.HOG0009984	CG14322
N1.HOG0009985	CG10177
N1.HOG0009986	CG10912
N1.HOG0009989	NaPi-III
N1.HOG0009990	CG42514
N1.HOG0009991	Oseg1
N1.HOG0009992	Klp64D
N1.HOG0009993	Cad74A
N1.HOG0009994	CG32333
N1.HOG0009995	HIPP1
N1.HOG0009996	CG13887
N1.HOG0009998	CG15024
N1.HOG0009999	Ir64a
N1.HOG0010000	Strump
N1.HOG0010003	Kah
N1.HOG0010005	nkd
N1.HOG0010006	CG18135
N1.HOG0010007	SPoCk
N1.HOG0010008	TfIIEalpha
N1.HOG0010009	CG42268
N1.HOG0010010	Nulp1
N1.HOG0010011	CG3355
N1.HOG0010012	Mco4
N1.HOG0010013	CG8051
N1.HOG0010014	Got2
N1.HOG0010015	bru2
N1.HOG0010016	NFAT
N1.HOG0010017	CG11983
N1.HOG0010018	usp
N1.HOG0010019	CG42553
N1.HOG0010020	CG33116
N1.HOG0010021	CG17005
N1.HOG0010022	RpL13
N1.HOG0010023	Tsp29Fb
N1.HOG0010024	Ac3
N1.HOG0010025	Ent1
N1.HOG0010026	Plap
N1.HOG0010027	SCCRO
N1.HOG0010028	ATPsynD
N1.HOG0010029	CG4884
N1.HOG0010030	CG31204
N1.HOG0010032	Cont
N1.HOG0010033	Nup58
N1.HOG0010034	Hph
N1.HOG0010035	spz
N1.HOG0010036	RNF220
N1.HOG0010040	CG16863
N1.HOG0010041	rtet
N1.HOG0010042	CG6432
N1.HOG0010043	CG5270
N1.HOG0010044	Unc50
N1.HOG0010045	kkv
N1.HOG0010046	CG1024
N1.HOG0010047	Nlg1
N1.HOG0010048	Rim
N1.HOG0010051	RpS25
N1.HOG0010052	CG14630
N1.HOG0010053	Uba1
N1.HOG0010055	CG8435
N1.HOG0010056	cpa
N1.HOG0010057	Dolk
N1.HOG0010058	CG16984
N1.HOG0010059	Fuca
N1.HOG0010060	SuUR
N1.HOG0010061	faf
N1.HOG0010063	CG5555
N1.HOG0010064	mdlc
N1.HOG0010065	Rbcn-3B
N1.HOG0010066	smo
N1.HOG0010067	CG6230
N1.HOG0010068	Fign
N1.HOG0010069	HPS1
N1.HOG0010070	CG14325
N1.HOG0010071	dom
N1.HOG0010072	GlyT
N1.HOG0010073	CG7639
N1.HOG0010074	Xpd
N1.HOG0010075	Mthfs
N1.HOG0010076	CG18336
N1.HOG0010077	pio
N1.HOG0010078	Eaf
N1.HOG0010079	Lamtor2
N1.HOG0010080	CG8078
N1.HOG0010081	Dbp45A
N1.HOG0010082	CG3045
N1.HOG0010083	HmgZ
N1.HOG0010084	CG1671
N1.HOG0010085	CG9123,CG12608
N1.HOG0010086	CG15125
N1.HOG0010088	Asx
N1.HOG0010089	Fdh
N1.HOG0010091	Polr2B
N1.HOG0010093	Naxe
N1.HOG0010094	dtr
N1.HOG0010095	Pez
N1.HOG0010096	Lam
N1.HOG0010097	Polr1C
N1.HOG0010098	RpL29
N1.HOG0010099	CG5504
N1.HOG0010100	Ccs
N1.HOG0010101	Ice1
N1.HOG0010102	Urod
N1.HOG0010103	CG13216
N1.HOG0010104	hbn
N1.HOG0010105	Prp38
N1.HOG0010106	Orc4
N1.HOG0010107	Epg5
N1.HOG0010108	ppk28
N1.HOG0010109	CG15423
N1.HOG0010110	N
N1.HOG0010111	deltaCOP
N1.HOG0010114	firl
N1.HOG0010115	Hrs
N1.HOG0010116	poe
N1.HOG0010117	CG10413
N1.HOG0010118	Pyroxd1
N1.HOG0010119	nesd
N1.HOG0010120	Sec61alpha
N1.HOG0010121	Acp1,CG31904
N1.HOG0010122	CG6766
N1.HOG0010123	Usp14
N1.HOG0010124	Eno
N1.HOG0010125	CG31937
N1.HOG0010126	CG8475
N1.HOG0010127	ninaC
N1.HOG0010128	CG16787
N1.HOG0010129	CG33080
N1.HOG0010130	Osi16
N1.HOG0010131	Dip-B
N1.HOG0010132	Dis3l2
N1.HOG0010133	CG9018
N1.HOG0010134	wor
N1.HOG0010135	CG9691
N1.HOG0010136	CG6345
N1.HOG0010137	topi
N1.HOG0010138	CG33111
N1.HOG0010139	CG5255
N1.HOG0010140	CG7582
N1.HOG0010141	CG7601
N1.HOG0010142	CG13654
N1.HOG0010143	peo
N1.HOG0010144	nero
N1.HOG0010145	Med
N1.HOG0010146	CG9853
N1.HOG0010147	CG14636
N1.HOG0010148	DPCoAC
N1.HOG0010149	CG1647
N1.HOG0010150	CG1463
N1.HOG0010151	unc-45
N1.HOG0010152	Sec13
N1.HOG0010153	CG2681
N1.HOG0010154	Rbf
N1.HOG0010155	CG3760
N1.HOG0010156	wcd
N1.HOG0010157	Ak2
N1.HOG0010158	l(2)efl
N1.HOG0010159	Mcm2
N1.HOG0010160	Drgx
N1.HOG0010161	muc
N1.HOG0010162	Fbxl4
N1.HOG0010163	CG46280
N1.HOG0010164	Taf10
N1.HOG0010165	pall
N1.HOG0010166	CG3437
N1.HOG0010167	UQCR-C2
N1.HOG0010168	CG31805
N1.HOG0010169	ninaD
N1.HOG0010170	CG7110
N1.HOG0010171	CG10194
N1.HOG0010172	Fbw5
N1.HOG0010173	CG9135
N1.HOG0010174	Bem46
N1.HOG0010175	Ca-Ma2d
N1.HOG0010176	RpL5
N1.HOG0010177	Fic
N1.HOG0010178	prt
N1.HOG0010181	CG8003
N1.HOG0010182	kin17
N1.HOG0010183	fbl
N1.HOG0010186	Nle
N1.HOG0010187	Cpr
N1.HOG0010188	CG32669
N1.HOG0010189	CG4025
N1.HOG0010190	Fmo-2
N1.HOG0010191	Inos
N1.HOG0010192	CG8785
N1.HOG0010193	rdgBbeta
N1.HOG0010194	pds5
N1.HOG0010195	CG3081
N1.HOG0010196	CG17982
N1.HOG0010197	CG4955
N1.HOG0010198	Son
N1.HOG0010199	mamo
N1.HOG0010200	Srrm234
N1.HOG0010201	CG10494
N1.HOG0010206	ssp7
N1.HOG0010207	ecd
N1.HOG0010208	CG18661
N1.HOG0010209	RpL24
N1.HOG0010210	CG9992
N1.HOG0010211	CG11370
N1.HOG0010212	CG14905
N1.HOG0010213	Bmcp
N1.HOG0010214	ndl
N1.HOG0010215	TyrRS
N1.HOG0010216	Arr2
N1.HOG0010217	GAPsec
N1.HOG0010219	CG32486
N1.HOG0010220	TSG101
N1.HOG0010221	CG32176
N1.HOG0010222	frac
N1.HOG0010223	Clk
N1.HOG0010224	CG8111
N1.HOG0010225	CG8281
N1.HOG0010226	Sse
N1.HOG0010227	Sbds
N1.HOG0010228	CG15019
N1.HOG0010229	CG13806
N1.HOG0010230	CG13295
N1.HOG0010231	CG14160
N1.HOG0010232	RfC4
N1.HOG0010233	atk
N1.HOG0010234	CG8765
N1.HOG0010236	SmydA-2
N1.HOG0010237	CG31915
N1.HOG0010238	CG5114
N1.HOG0010239	insv
N1.HOG0010240	Chro
N1.HOG0010241	rept
N1.HOG0010242	CG32554
N1.HOG0010243	D2hgdh
N1.HOG0010244	Ephrin
N1.HOG0010245	Gyf
N1.HOG0010246	mgl
N1.HOG0010247	CG32683
N1.HOG0010248	Nak
N1.HOG0010249	Dna2
N1.HOG0010250	Saf6
N1.HOG0010251	al
N1.HOG0010252	CG30324
N1.HOG0010253	CG43689
N1.HOG0010254	atms
N1.HOG0010255	CG43102
N1.HOG0010257	CAHbeta
N1.HOG0010261	CG8312
N1.HOG0010262	Nmdar1
N1.HOG0010263	Iru
N1.HOG0010264	Ho
N1.HOG0010265	gce
N1.HOG0010266	CG18273
N1.HOG0010268	sina
N1.HOG0010269	pelo
N1.HOG0010270	yellow-c
N1.HOG0010271	PolrMT
N1.HOG0010272	CG6614
N1.HOG0010273	Nup107
N1.HOG0010274	CG17375
N1.HOG0010275	Spase25
N1.HOG0010276	CG9588
N1.HOG0010277	grsm
N1.HOG0010278	elm
N1.HOG0010280	CG3494
N1.HOG0010281	St2
N1.HOG0010282	Cpr97Eb
N1.HOG0010283	tex
N1.HOG0010284	CG12818
N1.HOG0010285	CG17707
N1.HOG0010286	msps
N1.HOG0010289	CCT7
N1.HOG0010290	sals
N1.HOG0010291	Kdm3
N1.HOG0010292	pch2
N1.HOG0010293	CG14540
N1.HOG0010294	Rlip
N1.HOG0010296	srp
N1.HOG0010302	CG18747
N1.HOG0010303	Atg17
N1.HOG0010304	Ask1
N1.HOG0010305	CG5217
N1.HOG0010306	CG1116
N1.HOG0010307	Ptp52F
N1.HOG0010308	Diap2
N1.HOG0010309	CG8299
N1.HOG0010310	sha
N1.HOG0010312	Nup44A
N1.HOG0010313	inaD
N1.HOG0010314	ClC-b
N1.HOG0010315	Pxn
N1.HOG0010316	vn
N1.HOG0010317	psidin
N1.HOG0010318	mRpL3
N1.HOG0010319	CG15824
N1.HOG0010320	Ppcdc
N1.HOG0010321	Smurf
N1.HOG0010322	CG33958
N1.HOG0010324	koi
N1.HOG0010325	Mccc2
N1.HOG0010326	Ttc7
N1.HOG0010327	eIF6
N1.HOG0010328	CG8617
N1.HOG0010329	vir
N1.HOG0010330	LRR
N1.HOG0010331	CG34026
N1.HOG0010332	koko
N1.HOG0010333	shg
N1.HOG0010334	Mad1
N1.HOG0010335	CG9596
N1.HOG0010336	CG12134
N1.HOG0010337	Prp19
N1.HOG0010338	CG13502
N1.HOG0010340	Dp1
N1.HOG0010341	NtR
N1.HOG0010342	bug
N1.HOG0010343	CG1690
N1.HOG0010344	CG30020
N1.HOG0010345	CG13870
N1.HOG0010346	Cpr57A
N1.HOG0010347	CG13430
N1.HOG0010348	Pgi
N1.HOG0010349	Pex6
N1.HOG0010350	Synj
N1.HOG0010351	ana1
N1.HOG0010352	CG7218
N1.HOG0010353	CG15186
N1.HOG0010354	AstA
N1.HOG0010355	CG4752
N1.HOG0010356	bsf
N1.HOG0010357	CG6675
N1.HOG0010358	Or30a
N1.HOG0010359	CG9222
N1.HOG0010360	Atg18b
N1.HOG0010361	Spp
N1.HOG0010362	CG17904
N1.HOG0010363	CG8026
N1.HOG0010364	CG9447
N1.HOG0010365	Mtmr6
N1.HOG0010366	KCNQ
N1.HOG0010367	Hacl
N1.HOG0010368	Gasz
N1.HOG0010369	CG8701
N1.HOG0010370	Sln
N1.HOG0010371	CG30116
N1.HOG0010372	PTP-ER
N1.HOG0010373	Phb2
N1.HOG0010374	CG41434
N1.HOG0010375	Egm
N1.HOG0010376	Cse1
N1.HOG0010378	CG2202
N1.HOG0010379	Nep3
N1.HOG0010380	CG31957
N1.HOG0010381	CG14085
N1.HOG0010382	obst-F
N1.HOG0010385	CstF64
N1.HOG0010386	CG1801
N1.HOG0010387	ldbr
N1.HOG0010388	LysRS
N1.HOG0010389	CG17450,CG32820,CG32819
N1.HOG0010390	Mnt
N1.HOG0010391	Fnta
N1.HOG0010392	CG11927
N1.HOG0010394	CG9664
N1.HOG0010395	CG18858,CG31683
N1.HOG0010396	bwa
N1.HOG0010397	Nup214
N1.HOG0010398	Mpp6
N1.HOG0010400	l(2)37Cb
N1.HOG0010402	Etl1
N1.HOG0010405	SP555
N1.HOG0010406	CG9886
N1.HOG0010407	Slh
N1.HOG0010408	lace
N1.HOG0010409	CG4455
N1.HOG0010410	Vps53
N1.HOG0010411	Usp16-45
N1.HOG0010412	Osi11
N1.HOG0010413	CG14837
N1.HOG0010414	barc
N1.HOG0010415	CG14329
N1.HOG0010416	Dsor1
N1.HOG0010417	CG33639
N1.HOG0010420	hth
N1.HOG0010422	CG7988
N1.HOG0010423	thoc7
N1.HOG0010424	Apc
N1.HOG0010425	CG5510
N1.HOG0010426	stg
N1.HOG0010427	KrT95D
N1.HOG0010428	Nup98-96
N1.HOG0010429	Nup43
N1.HOG0010430	Lerp
N1.HOG0010431	CG16779
N1.HOG0010432	Ns1
N1.HOG0010433	polybromo
N1.HOG0010434	mfrn
N1.HOG0010435	lost
N1.HOG0010436	Coq2
N1.HOG0010437	Ctr1B
N1.HOG0010438	Dcr-1
N1.HOG0010439	IntS12
N1.HOG0010440	Rcd4
N1.HOG0010442	CG10694
N1.HOG0010443	MagR
N1.HOG0010444	PpD3
N1.HOG0010445	CG14854
N1.HOG0010446	CG11710
N1.HOG0010447	CG42271
N1.HOG0010448	YL-1
N1.HOG0010449	EndoG
N1.HOG0010450	Qsox1
N1.HOG0010451	CG17047
N1.HOG0010452	CG42319
N1.HOG0010453	CG43325
N1.HOG0010458	CG17726
N1.HOG0010460	IFT57
N1.HOG0010461	tko
N1.HOG0010462	G9a
N1.HOG0010463	eRF3
N1.HOG0010464	EndoU
N1.HOG0010465	CG34107
N1.HOG0010466	Hpr1
N1.HOG0010467	CG8031
N1.HOG0010468	CG11656
N1.HOG0010469	wntD
N1.HOG0010470	RfC38
N1.HOG0010471	Rbsn-5
N1.HOG0010472	CG4278
N1.HOG0010473	CG9426
N1.HOG0010474	Mabi
N1.HOG0010475	Mtr4
N1.HOG0010476	CG42585,CG31835
N1.HOG0010477	CG9154
N1.HOG0010478	stc
N1.HOG0010482	Tim23
N1.HOG0010483	Pfas
N1.HOG0010484	Gba1a
N1.HOG0010485	Txl
N1.HOG0010486	TORIP
N1.HOG0010487	sff
N1.HOG0010488	asf1
N1.HOG0010489	Rpn10
N1.HOG0010490	Klc
N1.HOG0010491	CHOp24
N1.HOG0010492	CG9547
N1.HOG0010493	Ns3
N1.HOG0010494	Hsc70-3
N1.HOG0010495	CG4678
N1.HOG0010496	Past1
N1.HOG0010498	tws
N1.HOG0010499	CG14712
N1.HOG0010500	Sod2
N1.HOG0010501	Idgf6
N1.HOG0010502	CG5089
N1.HOG0010503	CG34370
N1.HOG0010504	Uba3
N1.HOG0010505	jeb
N1.HOG0010506	Polr3B
N1.HOG0010507	wbl
N1.HOG0010508	CG9776
N1.HOG0010509	plx
N1.HOG0010510	Ufl1
N1.HOG0010511	CG14683
N1.HOG0010512	Syx16
N1.HOG0010513	CG9609
N1.HOG0010514	Eip74EF
N1.HOG0010515	ATPsyngamma
N1.HOG0010516	Cen
N1.HOG0010517	CG5466
N1.HOG0010518	Polr3I
N1.HOG0010519	Tis11
N1.HOG0010520	Rrp45
N1.HOG0010521	CG33307
N1.HOG0010522	CG15892
N1.HOG0010523	CG10650
N1.HOG0010524	CG13315
N1.HOG0010525	CG30339
N1.HOG0010526	CG34284
N1.HOG0010527	CG13131
N1.HOG0010529	Grasp65
N1.HOG0010530	Capr
N1.HOG0010531	upSET
N1.HOG0010532	SREBP
N1.HOG0010533	CG17598
N1.HOG0010534	Srp54k
N1.HOG0010535	CG15812
N1.HOG0010536	CG32281
N1.HOG0010537	Gr64f
N1.HOG0010538	CG6707
N1.HOG0010539	CG13667
N1.HOG0010540	CG4452
N1.HOG0010541	pns
N1.HOG0010542	Atg6
N1.HOG0010543	Tmep
N1.HOG0010544	CG3386
N1.HOG0010545	Usp47
N1.HOG0010554	Rdl
N1.HOG0010556	CG33056
N1.HOG0010557	Trmt112
N1.HOG0010558	Tcs3
N1.HOG0010559	Pgm1
N1.HOG0010560	msd5
N1.HOG0010561	nst
N1.HOG0010562	Frl
N1.HOG0010563	Als2
N1.HOG0010565	mRpS26
N1.HOG0010566	Rab35
N1.HOG0010567	Pldn
N1.HOG0010568	Mettl5
N1.HOG0010569	Rab4
N1.HOG0010570	CG10809
N1.HOG0010571	rho-5
N1.HOG0010572	gw
N1.HOG0010573	Ostgamma
N1.HOG0010574	Gr33a
N1.HOG0010575	wus
N1.HOG0010576	aqz,CG32797
N1.HOG0010577	Clp
N1.HOG0010579	drongo
N1.HOG0010580	Dgkepsilon
N1.HOG0010581	CG7755
N1.HOG0010582	BBS5
N1.HOG0010583	RpL35A
N1.HOG0010584	DCAF12
N1.HOG0010585	cin
N1.HOG0010586	xit
N1.HOG0010587	Tao
N1.HOG0010588	mnb
N1.HOG0010589	hoip
N1.HOG0010590	CG4036
N1.HOG0010591	AkhR
N1.HOG0010592	CG14024
N1.HOG0010593	cni
N1.HOG0010594	sky
N1.HOG0010595	Tre1
N1.HOG0010596	CG32432
N1.HOG0010597	CG32075
N1.HOG0010598	CG11334
N1.HOG0010600	Naam
N1.HOG0010601	Eip93F
N1.HOG0010602	PolA2
N1.HOG0010604	obe
N1.HOG0010605	CG7044
N1.HOG0010606	mor
N1.HOG0010607	CG10185
N1.HOG0010608	CG15601
N1.HOG0010609	CG5404
N1.HOG0010610	noi
N1.HOG0010611	CG6654
N1.HOG0010612	CG7156
N1.HOG0010615	lap
N1.HOG0010619	CG9444
N1.HOG0010620	Art3
N1.HOG0010621	osk
N1.HOG0010622	CG4733
N1.HOG0010623	GlnRS
N1.HOG0010624	CG7523
N1.HOG0010627	EloC
N1.HOG0010632	MESR4
N1.HOG0010633	ste24a
N1.HOG0010634	NKAIN
N1.HOG0010635	Rif1
N1.HOG0010636	CG7246
N1.HOG0010637	OXA1L
N1.HOG0010638	CG14969
N1.HOG0010639	Cpr67B
N1.HOG0010640	Cpr73D
N1.HOG0010641	Ack
N1.HOG0010642	Rh7
N1.HOG0010643	Nrx-IV
N1.HOG0010644	DEF8
N1.HOG0010645	CG4390
N1.HOG0010646	PNUTS
N1.HOG0010647	IKKepsilon
N1.HOG0010648	Elp3
N1.HOG0010649	CG15431
N1.HOG0010650	CG15435
N1.HOG0010651	CG15439
N1.HOG0010652	Mapmodulin
N1.HOG0010653	pyd3
N1.HOG0010654	Tdc1
N1.HOG0010655	CG17266
N1.HOG0010656	CG7849
N1.HOG0010657	Mfe2
N1.HOG0010658	fliI
N1.HOG0010659	Lap1
N1.HOG0010660	Smyd4-3
N1.HOG0010661	Tapdelta
N1.HOG0010662	mRpL18
N1.HOG0010663	CG9346
N1.HOG0010664	CG11414
N1.HOG0010665	ND-B12
N1.HOG0010666	CG11123
N1.HOG0010667	Dnaaf3
N1.HOG0010668	Sans
N1.HOG0010669	CG8080
N1.HOG0010673	Dlic
N1.HOG0010674	RhoGAP54D
N1.HOG0010675	dap
N1.HOG0010676	lin
N1.HOG0010677	Chi
N1.HOG0010679	CG12111
N1.HOG0010681	Tengl2
N1.HOG0010682	WDR79
N1.HOG0010683	CG9109
N1.HOG0010684	crq
N1.HOG0010685	shv
N1.HOG0010686	MED15
N1.HOG0010687	cpb
N1.HOG0010688	CG7367
N1.HOG0010689	Rok
N1.HOG0010690	roh
N1.HOG0010691	Sgf29
N1.HOG0010692	Map60
N1.HOG0010693	Ate1
N1.HOG0010694	Mlh1
N1.HOG0010695	CG4630
N1.HOG0010696	FLASH
N1.HOG0010697	CG6424
N1.HOG0010698	CG15650
N1.HOG0010699	CG4984
N1.HOG0010700	CG12851
N1.HOG0010701	spag
N1.HOG0010702	Git
N1.HOG0010703	CG12081
N1.HOG0010704	RhoGAPp190
N1.HOG0010705	Ubqn
N1.HOG0010706	CG3704
N1.HOG0010707	Eaat2
N1.HOG0010708	CheA87a
N1.HOG0010709	CG34309
N1.HOG0010710	Msh6
N1.HOG0010712	eRF1
N1.HOG0010715	Aldh7A1
N1.HOG0010716	Ssk
N1.HOG0010717	Glg1
N1.HOG0010718	CG7924
N1.HOG0010719	Bap60
N1.HOG0010720	unc
N1.HOG0010721	cm
N1.HOG0010722	bark
N1.HOG0010723	CG15628
N1.HOG0010724	mxt
N1.HOG0010725	ThrRS
N1.HOG0010726	Trf
N1.HOG0010727	msb1l
N1.HOG0010728	CG15255
N1.HOG0010729	Atac2
N1.HOG0010730	Mtpalpha
N1.HOG0010731	lok
N1.HOG0010732	Hr39
N1.HOG0010733	NTPase
N1.HOG0010734	RabGGTb
N1.HOG0010735	Eato
N1.HOG0010736	frj
N1.HOG0010737	l(2)41Ab
N1.HOG0010738	Ufd4
N1.HOG0010739	grp
N1.HOG0010742	RpL37A
N1.HOG0010743	CG8837
N1.HOG0010744	CG3652
N1.HOG0010746	Mur18B
N1.HOG0010747	norpA
N1.HOG0010748	CG12065
N1.HOG0010751	Pgam5
N1.HOG0010752	Osi13
N1.HOG0010753	CG6610
N1.HOG0010754	CG6765
N1.HOG0010755	bip1
N1.HOG0010756	CG7387
N1.HOG0010757	Oseg2
N1.HOG0010759	CG9471
N1.HOG0010760	CG8478
N1.HOG0010761	CG7920
N1.HOG0010762	Sec10
N1.HOG0010763	CG33108
N1.HOG0010764	CG11722
N1.HOG0010765	Rrp6
N1.HOG0010766	CG4053
N1.HOG0010767	Fancl
N1.HOG0010768	CG11674
N1.HOG0010769	Gycalpha99B
N1.HOG0010770	Mcm5
N1.HOG0010771	Ube4B
N1.HOG0010772	mub
N1.HOG0010773	crol
N1.HOG0010774	pasha
N1.HOG0010775	niki
N1.HOG0010776	CG9922
N1.HOG0010777	hkb
N1.HOG0010778	CG7029
N1.HOG0010779	CG5191
N1.HOG0010780	Slu7
N1.HOG0010781	tau
N1.HOG0010782	CG5639
N1.HOG0010783	ham
N1.HOG0010784	Tsp42En
N1.HOG0010785	CG12836
N1.HOG0010786	Akap200
N1.HOG0010788	cta
N1.HOG0010789	Orc5
N1.HOG0010790	cdi
N1.HOG0010794	RpS27
N1.HOG0010795	CG11852
N1.HOG0010796	CG2698
N1.HOG0010797	CG4293
N1.HOG0010798	Oda
N1.HOG0010799	Hmgs
N1.HOG0010800	Unc-89
N1.HOG0010801	didum
N1.HOG0010802	GstE10
N1.HOG0010803	Mys45A
N1.HOG0010804	Hydr1
N1.HOG0010805	Hen1
N1.HOG0010806	CG42390
N1.HOG0010807	cutlet
N1.HOG0010808	CG13405
N1.HOG0010809	PIG-U
N1.HOG0010810	mRpS22
N1.HOG0010811	Nuak
N1.HOG0010812	Nrt
N1.HOG0010813	CG16853
N1.HOG0010814	sll
N1.HOG0010815	Elo68beta,Elo68alpha
N1.HOG0010816	Arr1
N1.HOG0010817	Rrp1
N1.HOG0010818	l(2)34Fc
N1.HOG0010819	CG17349
N1.HOG0010820	Acox3
N1.HOG0010821	CG31643
N1.HOG0010823	CG18542,CG32939
N1.HOG0010824	CG4098
N1.HOG0010825	NUCB1
N1.HOG0010826	CG9231
N1.HOG0010827	foxo
N1.HOG0010828	Nup160
N1.HOG0010829	Rbcn-3A
N1.HOG0010830	mthl1
N1.HOG0010831	upd2
N1.HOG0010832	snz
N1.HOG0010833	Pink1
N1.HOG0010834	Mekk1
N1.HOG0010835	PolQ
N1.HOG0010836	CG1236
N1.HOG0010837	CG10425
N1.HOG0010838	Lgr3
N1.HOG0010839	Sply
N1.HOG0010840	CG30503
N1.HOG0010841	Fsn
N1.HOG0010842	CG14618
N1.HOG0010843	CG8635
N1.HOG0010844	CG15084
N1.HOG0010845	CG4557
N1.HOG0010846	CG15478
N1.HOG0010847	Lrch
N1.HOG0010848	Rtel1
N1.HOG0010849	CG10353
N1.HOG0010850	CG10352
N1.HOG0010851	Sas-4
N1.HOG0010852	CG1105
N1.HOG0010853	CG4596
N1.HOG0010854	meigo
N1.HOG0010855	CG13288
N1.HOG0010856	Herc4
N1.HOG0010857	Orc2
N1.HOG0010858	halo
N1.HOG0010859	gnu
N1.HOG0010860	CG3690
N1.HOG0010861	Cda9
N1.HOG0010862	Rpn1
N1.HOG0010863	IleRS
N1.HOG0010873	Sema5c
N1.HOG0010874	IRSp53
N1.HOG0010876	Chmp1
N1.HOG0010878	Acat2
N1.HOG0010879	CG10064
N1.HOG0010880	CG9953
N1.HOG0010881	Ndfip
N1.HOG0010882	CG7879
N1.HOG0010883	CG8209
N1.HOG0010884	CG5986
N1.HOG0010885	CG13901
N1.HOG0010886	ebd1
N1.HOG0010887	CG14985
N1.HOG0010888	CG7724
N1.HOG0010889	Cbl
N1.HOG0010891	CG7728
N1.HOG0010892	CG7506
N1.HOG0010894	Dhrs4
N1.HOG0010895	CHMP2B
N1.HOG0010896	CG10674
N1.HOG0010897	Uev1A
N1.HOG0010899	Sk2
N1.HOG0010900	CG32260
N1.HOG0010901	ImpL2
N1.HOG0010902	ago
N1.HOG0010904	CG11247
N1.HOG0010905	CG7519
N1.HOG0010906	Oat
N1.HOG0010907	Alp10
N1.HOG0010908	CG5290
N1.HOG0010909	Wdr92
N1.HOG0010910	CG7369
N1.HOG0010911	Pcif1
N1.HOG0010912	IA-2
N1.HOG0010913	Arp3
N1.HOG0010914	enc
N1.HOG0010915	mxc
N1.HOG0010916	GluRIIC
N1.HOG0010917	CG11377
N1.HOG0010918	Vps52
N1.HOG0010919	CG42296
N1.HOG0010920	CG17217
N1.HOG0010921	Pex12
N1.HOG0010922	RpLP1
N1.HOG0010923	CalpC
N1.HOG0010924	nclb
N1.HOG0010926	hang
N1.HOG0010927	ric8a
N1.HOG0010928	Sik2
N1.HOG0010929	CG4789
N1.HOG0010930	CG7766
N1.HOG0010933	fbp
N1.HOG0010934	CG10463
N1.HOG0010935	COX4
N1.HOG0010936	CG14022
N1.HOG0010937	CG5080
N1.HOG0010938	l(2)10685
N1.HOG0010939	Vti1a
N1.HOG0010940	CG33509
N1.HOG0010941	SMC3
N1.HOG0010942	Uba5
N1.HOG0010943	c12.2
N1.HOG0010944	lz
N1.HOG0010945	mei-P22
N1.HOG0010946	MED4
N1.HOG0010947	Gem3
N1.HOG0010948	sav
N1.HOG0010949	CG11837
N1.HOG0010950	Skp2
N1.HOG0010951	Ip259
N1.HOG0010952	Antp
N1.HOG0010953	soti
N1.HOG0010955	TwdlC
N1.HOG0010956	udt
N1.HOG0010957	CG6753
N1.HOG0010958	ATPsynO
N1.HOG0010959	CG5768
N1.HOG0010960	Ms
N1.HOG0010961	CG6073
N1.HOG0010962	Ttc26
N1.HOG0010963	Ir84a
N1.HOG0010964	CG11737
N1.HOG0010965	hb
N1.HOG0010966	Pxt
N1.HOG0010967	CG3014
N1.HOG0010968	CG34425
N1.HOG0010969	Cdc45
N1.HOG0010970	sotv
N1.HOG0010971	CG10151
N1.HOG0010974	Slik
N1.HOG0010977	CG9849
N1.HOG0010978	CG11275
N1.HOG0010979	CG8910
N1.HOG0010980	Daao1
N1.HOG0010981	Vps51
N1.HOG0010982	Gint3
N1.HOG0010983	cg
N1.HOG0010984	RpL23
N1.HOG0010985	emp
N1.HOG0010986	CG42673
N1.HOG0010987	Blos4
N1.HOG0010989	TTLL1B
N1.HOG0010990	Bre1
N1.HOG0010991	CG11899
N1.HOG0010992	eIF5B
N1.HOG0010998	CG6497
N1.HOG0010999	eIF3l
N1.HOG0011000	CG14147
N1.HOG0011001	CG6321
N1.HOG0011002	Pfdn2
N1.HOG0011003	snRNP-U1-C
N1.HOG0011004	Tomosyn
N1.HOG0011005	Naprt
N1.HOG0011007	ND-PDSW
N1.HOG0011008	dbe
N1.HOG0011009	AstC
N1.HOG0011010	dUTPase
N1.HOG0011011	Not10
N1.HOG0011012	CG7786
N1.HOG0011013	CG15701
N1.HOG0011014	CG43667
N1.HOG0011015	CG30431
N1.HOG0011016	Ptr
N1.HOG0011017	hppy
N1.HOG0011018	Psi
N1.HOG0011019	Sting
N1.HOG0011020	Snap29
N1.HOG0011021	AGBE
N1.HOG0011025	Drip
N1.HOG0011026	CG5335
N1.HOG0011028	Liprin-gamma
N1.HOG0011031	CG4681
N1.HOG0011032	pirk
N1.HOG0011033	AsnRS-m
N1.HOG0011034	MCPH1
N1.HOG0011035	scra
N1.HOG0011036	Oseg6
N1.HOG0011037	CG10731
N1.HOG0011038	PheRS-m
N1.HOG0011039	l(2)k09913
N1.HOG0011040	Ns2
N1.HOG0011041	CG30046
N1.HOG0011042	CG10384
N1.HOG0011043	CG12256
N1.HOG0011044	dpr17
N1.HOG0011045	Hmgcr
N1.HOG0011046	CG2972
N1.HOG0011047	Gcn2
N1.HOG0011048	CG9967
N1.HOG0011049	CG13991
N1.HOG0011050	CG9098
N1.HOG0011051	nAChRbeta3
N1.HOG0011052	CG8460
N1.HOG0011053	CG10338
N1.HOG0011054	pen-2
N1.HOG0011055	egl
N1.HOG0011056	BBS4
N1.HOG0011057	phr
N1.HOG0011058	Rab32
N1.HOG0011059	eIF2Bdelta
N1.HOG0011060	CG2269
N1.HOG0011061	CG1371
N1.HOG0011062	CG8180
N1.HOG0011063	Hsl
N1.HOG0011064	Rs1
N1.HOG0011065	Kank
N1.HOG0011066	CG16896
N1.HOG0011067	CG3328
N1.HOG0011068	key
N1.HOG0011069	Tmem18
N1.HOG0011070	Bap55
N1.HOG0011071	CG9313
N1.HOG0011072	amrt
N1.HOG0011073	CG15422
N1.HOG0011074	Dysb
N1.HOG0011075	alphaSnap
N1.HOG0011076	gig
N1.HOG0011077	Usp32
N1.HOG0011078	CG10948
N1.HOG0011079	lama
N1.HOG0011080	Coq8
N1.HOG0011081	CG15914
N1.HOG0011082	RfC3
N1.HOG0011083	Dyb
N1.HOG0011084	raskol
N1.HOG0011085	CG15744
N1.HOG0011086	Vsp37A
N1.HOG0011087	Su(dx)
N1.HOG0011088	Ptp36E
N1.HOG0011089	CG17646
N1.HOG0011090	CG16974
N1.HOG0011091	CG10747
N1.HOG0011092	LKRSDH
N1.HOG0011093	bur
N1.HOG0011094	Ret
N1.HOG0011095	tsh
N1.HOG0011096	Ube4A
N1.HOG0011097	tho2
N1.HOG0011098	gudu
N1.HOG0011099	COX4L
N1.HOG0011100	mldr
N1.HOG0011101	Lsd-2
N1.HOG0011102	pot
N1.HOG0011103	CROT
N1.HOG0011104	Prim1
N1.HOG0011105	CG13877
N1.HOG0011106	CG14830
N1.HOG0011107	Chd1
N1.HOG0011108	unc80
N1.HOG0011109	esg
N1.HOG0011110	Rrp46
N1.HOG0011112	eIF2D
N1.HOG0011114	Prim2
N1.HOG0011116	CG10841
N1.HOG0011117	FER
N1.HOG0011119	Rpn7
N1.HOG0011123	AP-2mu
N1.HOG0011125	Kal1
N1.HOG0011126	Tsc1
N1.HOG0011127	Miro
N1.HOG0011128	alpha-Man-Ib
N1.HOG0011129	LSm3
N1.HOG0011130	Trs33
N1.HOG0011131	Trc8
N1.HOG0011132	ppk19
N1.HOG0011134	Cad96Ca
N1.HOG0011135	tw
N1.HOG0011136	Yip1d1
N1.HOG0011137	P5CDh1
N1.HOG0011138	Nep4
N1.HOG0011139	CG11550
N1.HOG0011140	Nepl15
N1.HOG0011141	HtrA2
N1.HOG0011142	mRpL35
N1.HOG0011143	Prp40
N1.HOG0011144	CG13384
N1.HOG0011145	jar
N1.HOG0011146	CG6026
N1.HOG0011147	Synd
N1.HOG0011148	CG31224
N1.HOG0011149	Brd8
N1.HOG0011150	SerRS-m
N1.HOG0011151	CG32857,CG32500,CG33502
N1.HOG0011152	be
N1.HOG0011153	CG4615
N1.HOG0011165	14-3-3zeta
N1.HOG0011166	babo
N1.HOG0011167	CG10433
N1.HOG0011169	dind
N1.HOG0011170	Alg1
N1.HOG0011171	ppk31
N1.HOG0011172	CG7059
N1.HOG0011173	CG9316
N1.HOG0011174	Sgt
N1.HOG0011175	Ravus
N1.HOG0011176	apn
N1.HOG0011177	CG7950
N1.HOG0011178	Jarid2
N1.HOG0011179	ValRS-m
N1.HOG0011180	Gga
N1.HOG0011181	Plzf
N1.HOG0011182	okr
N1.HOG0011183	mRF1
N1.HOG0011184	Ski6
N1.HOG0011185	Pburs
N1.HOG0011186	Bdp1
N1.HOG0011187	ND-B22
N1.HOG0011188	CG9150
N1.HOG0011189	CG31229
N1.HOG0011190	CG18507
N1.HOG0011191	uif
N1.HOG0011192	CG17572
N1.HOG0011193	CG15916
N1.HOG0011194	CG10466
N1.HOG0011195	Calr
N1.HOG0011196	Gba1b
N1.HOG0011197	CG6051
N1.HOG0011198	Oga
N1.HOG0011199	SrpRalpha
N1.HOG0011201	l(3)73Ah
N1.HOG0011202	CG10576
N1.HOG0011203	Ide
N1.HOG0011204	Cdk12
N1.HOG0011206	cold
N1.HOG0011207	ATP8B
N1.HOG0011208	CG7272
N1.HOG0011209	CG1486
N1.HOG0011210	lqfR
N1.HOG0011211	CG42258
N1.HOG0011212	CG11596
N1.HOG0011213	SmydA-4
N1.HOG0011214	CG11178
N1.HOG0011215	Sym
N1.HOG0011216	Madm
N1.HOG0011217	CG6984
N1.HOG0011218	CG8950
N1.HOG0011219	fa2h
N1.HOG0011220	CG8646
N1.HOG0011221	CG9890
N1.HOG0011222	swi2
N1.HOG0011223	gol
N1.HOG0011224	e(y)3
N1.HOG0011225	CG3610
N1.HOG0011226	baz
N1.HOG0011227	CG7889
N1.HOG0011228	gfzf
N1.HOG0011229	CG31211
N1.HOG0011230	CG9132
N1.HOG0011231	AP-1-2beta
N1.HOG0011232	U4-U6-60K
N1.HOG0011233	Nedd4
N1.HOG0011234	Vps60
N1.HOG0011235	temp
N1.HOG0011237	Ctr9
N1.HOG0011238	CG7798
N1.HOG0011239	CG12268
N1.HOG0011240	CG31381
N1.HOG0011241	CG3513
N1.HOG0011242	eIF3f2
N1.HOG0011243	CG12691
N1.HOG0011244	Pof
N1.HOG0011245	Alg10
N1.HOG0011246	CG14142
N1.HOG0011247	nkt
N1.HOG0011248	Hem
N1.HOG0011249	Helz
N1.HOG0011250	mtTFB1
N1.HOG0011252	CG5618
N1.HOG0011253	CG6674
N1.HOG0011254	msn
N1.HOG0011255	Snmp2
N1.HOG0011256	RNaseX25
N1.HOG0011257	CG34140
N1.HOG0011258	ND-13B
N1.HOG0011259	Rab39
N1.HOG0011260	CG42554
N1.HOG0011261	CG13894
N1.HOG0011262	MEP-1
N1.HOG0011263	CG12104
N1.HOG0011264	CG13917
N1.HOG0011265	Sec63
N1.HOG0011266	CG6652
N1.HOG0011267	CG7457
N1.HOG0011268	CG1317
N1.HOG0011269	chb
N1.HOG0011270	Ilk
N1.HOG0011271	CG4611
N1.HOG0011272	Psa
N1.HOG0011273	Ufsp2
N1.HOG0011274	RhoGAP71E
N1.HOG0011275	CG42638,Trpml
N1.HOG0011276	Psn
N1.HOG0011277	mRpL21
N1.HOG0011280	CG7365
N1.HOG0011282	CG11367
N1.HOG0011283	Phs
N1.HOG0011284	Polr3H
N1.HOG0011285	Max
N1.HOG0011286	cmpy
N1.HOG0011287	CG3402
N1.HOG0011288	Fie
N1.HOG0011289	Gr63a
N1.HOG0011290	CG14971
N1.HOG0011291	Vdup1
N1.HOG0011292	DIP2
N1.HOG0011293	CG14535
N1.HOG0011294	Naa15-16
N1.HOG0011295	CG32533
N1.HOG0011296	CG31999
N1.HOG0011297	onecut
N1.HOG0011298	CG15356
N1.HOG0011300	su(sable)
N1.HOG0011301	CG15865
N1.HOG0011302	CG14625
N1.HOG0011303	CG13690
N1.HOG0011304	Lapsyn
N1.HOG0011305	CG15080
N1.HOG0011306	Nprl2
N1.HOG0011308	CG32816
N1.HOG0011309	CG1129
N1.HOG0011310	Tgt
N1.HOG0011311	CG42724
N1.HOG0011312	Arp5
N1.HOG0011314	CG11980
N1.HOG0011317	CG1492
N1.HOG0011318	Mps1
N1.HOG0011319	Ir8a
N1.HOG0011320	Dref
N1.HOG0011321	CG4658
N1.HOG0011322	Vajk3
N1.HOG0011323	CG8671
N1.HOG0011324	Sem1
N1.HOG0011325	pkaap
N1.HOG0011326	CG6724
N1.HOG0011327	Lip1
N1.HOG0011328	CG4849
N1.HOG0011329	CG2017
N1.HOG0011330	ppk22
N1.HOG0011331	PNPase
N1.HOG0011332	beat-Vc
N1.HOG0011333	EloA
N1.HOG0011334	Irc
N1.HOG0011335	Sf3a1
N1.HOG0011338	Ama
N1.HOG0011340	twr
N1.HOG0011341	CG44098
N1.HOG0011342	rtp
N1.HOG0011343	Afti
N1.HOG0011344	CG8420
N1.HOG0011345	nac
N1.HOG0011346	Dhc98D
N1.HOG0011347	CG3708
N1.HOG0011348	Sec22
N1.HOG0011349	Dh44
N1.HOG0011350	CG14710
N1.HOG0011351	CG8199
N1.HOG0011352	CG17230
N1.HOG0011353	DZIP1
N1.HOG0011354	BRWD3
N1.HOG0011355	EMC1
N1.HOG0011356	Dpck
N1.HOG0011357	CG12241
N1.HOG0011358	CG34384
N1.HOG0011359	CG2993
N1.HOG0011360	CG5886
N1.HOG0011361	CG11858
N1.HOG0011362	CG31249
N1.HOG0011363	CG43163
N1.HOG0011364	qkr58E-2
N1.HOG0011365	RpL18A
N1.HOG0011366	CG5273
N1.HOG0011367	bdg
N1.HOG0011368	CG9304
N1.HOG0011369	CG12499
N1.HOG0011370	PIG-Z
N1.HOG0011371	mRpL54
N1.HOG0011372	nito
N1.HOG0011373	CG11191
N1.HOG0011374	CG12769
N1.HOG0011375	Usp20-33
N1.HOG0011376	beta4GalNAcTA
N1.HOG0011377	Arf6
N1.HOG0011378	Sin3A
N1.HOG0011379	CG6761
N1.HOG0011380	kri
N1.HOG0011381	Ythdc1
N1.HOG0011382	CG33722
N1.HOG0011383	CG4424
N1.HOG0011384	PIG-L
N1.HOG0011385	CAH3
N1.HOG0011386	CG4853
N1.HOG0011387	CG3645
N1.HOG0011388	CG6144
N1.HOG0011389	cib
N1.HOG0011390	PRAS40
N1.HOG0011391	Ercc1
N1.HOG0011392	Pngl
N1.HOG0011393	Swim
N1.HOG0011394	CG9062
N1.HOG0011395	ppk6
N1.HOG0011396	CG7137
N1.HOG0011397	CG10737
N1.HOG0011398	CG8839
N1.HOG0011399	CG4286
N1.HOG0011400	CG8067
N1.HOG0011401	stl
N1.HOG0011402	CG5002
N1.HOG0011403	GLaz
N1.HOG0011404	CG13203
N1.HOG0011405	Non1
N1.HOG0011406	Ntan1
N1.HOG0011407	CG9876
N1.HOG0011408	eIF3j
N1.HOG0011409	tn
N1.HOG0011410	Plekhm1
N1.HOG0011411	FAM21
N1.HOG0011412	CG3492
N1.HOG0011414	ND-B15
N1.HOG0011415	sqa
N1.HOG0011416	CG34396
N1.HOG0011417	AIMP1
N1.HOG0011418	Stt3B
N1.HOG0011419	spt4
N1.HOG0011420	CG8520
N1.HOG0011421	CG13157
N1.HOG0011422	THG
N1.HOG0011423	snsl
N1.HOG0011424	Npc2b
N1.HOG0011425	Pfdn5
N1.HOG0011426	CG10962
N1.HOG0011427	robl22E
N1.HOG0011428	CG7953
N1.HOG0011429	CG9586
N1.HOG0011430	PDZ-GEF
N1.HOG0011431	DIP-eta
N1.HOG0011432	Ets21C
N1.HOG0011433	eIF3i
N1.HOG0011434	CG30159
N1.HOG0011435	CG30394
N1.HOG0011436	Gdap2
N1.HOG0011437	cn
N1.HOG0011438	Nop17l
N1.HOG0011439	DnaJ-60
N1.HOG0011441	sax
N1.HOG0011442	Pka-R2
N1.HOG0011443	Acph-1
N1.HOG0011444	CG11099
N1.HOG0011445	CSN7
N1.HOG0011446	CG15118
N1.HOG0011447	AQP
N1.HOG0011448	nahoda
N1.HOG0011449	CG17807
N1.HOG0011450	Vps20
N1.HOG0011451	Shrm
N1.HOG0011452	Dll
N1.HOG0011453	CG4546
N1.HOG0011454	Rrp4
N1.HOG0011455	CG3008
N1.HOG0011456	Nost
N1.HOG0011458	CDC50
N1.HOG0011462	Peritrophin-A
N1.HOG0011463	Prp5
N1.HOG0011464	nompC
N1.HOG0011465	Arp1
N1.HOG0011466	Pex3
N1.HOG0011467	CG7011
N1.HOG0011468	CG14120
N1.HOG0011469	CG11267
N1.HOG0011470	EMC4
N1.HOG0011471	east
N1.HOG0011472	ogre
N1.HOG0011473	sisA
N1.HOG0011474	CG9034
N1.HOG0011475	IP3K2
N1.HOG0011476	CG33129
N1.HOG0011477	CG13272
N1.HOG0011478	CG31787
N1.HOG0011479	cad
N1.HOG0011480	CG31687,Cdc23
N1.HOG0011481	CG10949
N1.HOG0011482	CG10947
N1.HOG0011483	Syt1
N1.HOG0011484	Cyp310a1
N1.HOG0011485	IFT46
N1.HOG0011486	gcm
N1.HOG0011487	rau
N1.HOG0011488	CG31908
N1.HOG0011489	CG16890
N1.HOG0011490	CG2991
N1.HOG0011491	Fkbp59
N1.HOG0011492	Tango1
N1.HOG0011493	Wee1
N1.HOG0011494	RnrL
N1.HOG0011495	Nfs1
N1.HOG0011496	CG34134
N1.HOG0011497	ari-1
N1.HOG0011498	CG10467
N1.HOG0011499	CG13670
N1.HOG0011500	oxt
N1.HOG0011501	Rab19
N1.HOG0011502	CG2875
N1.HOG0011503	CG4558
N1.HOG0011504	Task7
N1.HOG0011505	Tace
N1.HOG0011506	CG11504
N1.HOG0011507	GatB
N1.HOG0011508	RpS8
N1.HOG0011509	GatA
N1.HOG0011510	CG31267
N1.HOG0011511	mtTFB2
N1.HOG0011512	Cog2
N1.HOG0011513	Hibch
N1.HOG0011514	CG2006
N1.HOG0011515	FipoQ
N1.HOG0011516	Bub3
N1.HOG0011517	Keap1
N1.HOG0011518	CG8372
N1.HOG0011520	Adk2
N1.HOG0011521	CG14182
N1.HOG0011522	Apt1
N1.HOG0011523	PolH
N1.HOG0011524	eIF2A
N1.HOG0011525	CG15643
N1.HOG0011526	Pi3K92E
N1.HOG0011527	Mnat9
N1.HOG0011528	pygo
N1.HOG0011529	CG14647
N1.HOG0011530	CG6225
N1.HOG0011531	CG34375
N1.HOG0011532	lmd
N1.HOG0011533	TrpRS
N1.HOG0011534	trbd
N1.HOG0011535	cnir
N1.HOG0011536	Set1
N1.HOG0011537	CG11403
N1.HOG0011538	Tsp42Eq
N1.HOG0011539	Gcat
N1.HOG0011540	Arpc1
N1.HOG0011541	CG7720
N1.HOG0011543	CG9698
N1.HOG0011544	CDase
N1.HOG0011545	PNKP
N1.HOG0011546	Tango4
N1.HOG0011547	CG14615
N1.HOG0011548	wupA
N1.HOG0011549	Socs44A
N1.HOG0011550	sand
N1.HOG0011551	CG42326
N1.HOG0011552	CCT5
N1.HOG0011553	SmD3
N1.HOG0011554	dpa
N1.HOG0011555	CG4679
N1.HOG0011556	CG18659
N1.HOG0011557	Zasp52
N1.HOG0011558	CG7565
N1.HOG0011559	CG3213
N1.HOG0011560	CG33298
N1.HOG0011561	D12
N1.HOG0011562	Ir87a
N1.HOG0011563	Best1
N1.HOG0011564	CG3225
N1.HOG0011565	CG12594
N1.HOG0011566	TBC1D5
N1.HOG0011567	CG15888
N1.HOG0011568	AP-1sigma
N1.HOG0011569	CG15153
N1.HOG0011570	CG5758
N1.HOG0011571	IPIP
N1.HOG0011572	slmo
N1.HOG0011573	CG16820
N1.HOG0011574	CG44085
N1.HOG0011575	spel1
N1.HOG0011576	Gli
N1.HOG0011577	CG17350
N1.HOG0011578	Tsp39D
N1.HOG0011579	CG11050
N1.HOG0011580	Ppat-Dpck
N1.HOG0011581	CG10660
N1.HOG0011582	ash1
N1.HOG0011583	in
N1.HOG0011584	CG33969
N1.HOG0011585	SAK
N1.HOG0011586	Ipk2
N1.HOG0011587	CG2794
N1.HOG0011588	SERCA
N1.HOG0011589	kcc
N1.HOG0011590	Cpes
N1.HOG0011591	CG1578
N1.HOG0011592	CG14441
N1.HOG0011593	Coq7
N1.HOG0011594	Pits
N1.HOG0011595	Rpn5
N1.HOG0011596	Rcd1
N1.HOG0011597	wal
N1.HOG0011598	CG8778
N1.HOG0011599	CG5065
N1.HOG0011600	CG8306
N1.HOG0011601	CG7544
N1.HOG0011602	CG13186
N1.HOG0011603	AGO1
N1.HOG0011604	CG10265
N1.HOG0011606	Scamp
N1.HOG0011607	Traf6
N1.HOG0011608	CG3309
N1.HOG0011609	Vps4
N1.HOG0011610	Gss1,Gss2
N1.HOG0011611	egh
N1.HOG0011615	dx
N1.HOG0011616	CG5004
N1.HOG0011617	Syx18
N1.HOG0011618	IscU
N1.HOG0011619	Cad96Cb
N1.HOG0011620	CG18598
N1.HOG0011621	Dhfr
N1.HOG0011622	CSN5
N1.HOG0011623	Mat89Ba
N1.HOG0011624	Irbp18
N1.HOG0011625	SecCl
N1.HOG0011626	CG14966
N1.HOG0011627	ScsbetaG
N1.HOG0011628	CG15912
N1.HOG0011629	Ggamma1
N1.HOG0011630	CG6425
N1.HOG0011631	BEAF-32
N1.HOG0011632	Rsph3
N1.HOG0011633	CG6985
N1.HOG0011634	chrb
N1.HOG0011635	CG6163
N1.HOG0011636	CG7600
N1.HOG0011637	CG11438
N1.HOG0011638	MYPT-75D
N1.HOG0011639	CG10222
N1.HOG0011640	MED16
N1.HOG0011641	CG9330
N1.HOG0011642	crim
N1.HOG0011643	emei
N1.HOG0011644	trc
N1.HOG0011645	Cpr65Ea
N1.HOG0011646	Rab26
N1.HOG0011647	Nelf-E
N1.HOG0011648	CG33158
N1.HOG0011649	CG10063
N1.HOG0011650	Cp16
N1.HOG0011651	Cdc6
N1.HOG0011652	Ptp61F
N1.HOG0011653	frc
N1.HOG0011654	Sec3
N1.HOG0011655	Mfap1
N1.HOG0011656	exex
N1.HOG0011657	CG11811
N1.HOG0011658	l(3)psg2
N1.HOG0011659	CG4328
N1.HOG0011660	rasp
N1.HOG0011661	CG14982
N1.HOG0011662	CG7492
N1.HOG0011663	CG42458
N1.HOG0011664	CG8563
N1.HOG0011665	CG13671
N1.HOG0011666	Gr66a
N1.HOG0011667	DopEcR
N1.HOG0011668	DOR
N1.HOG0011669	CG11594
N1.HOG0011670	IFT52
N1.HOG0011671	CG42337
N1.HOG0011672	CG12009
N1.HOG0011673	CG34342
N1.HOG0011674	Pdh
N1.HOG0011675	CG10565
N1.HOG0011676	MED14
N1.HOG0011677	CG12084
N1.HOG0011678	Pop4
N1.HOG0011679	Ero1L
N1.HOG0011680	Tgi
N1.HOG0011681	Abp1
N1.HOG0011682	Tdrd3
N1.HOG0011683	CG32428
N1.HOG0011684	Vamp7
N1.HOG0011685	ZnT77C
N1.HOG0011686	Gem2
N1.HOG0011687	CG14079
N1.HOG0011689	CG3961
N1.HOG0011691	CG11241
N1.HOG0011692	Zip71B
N1.HOG0011693	Reck
N1.HOG0011694	DCP2
N1.HOG0011695	CTCF
N1.HOG0011696	dar1
N1.HOG0011697	Ucp4A
N1.HOG0011698	CG4287
N1.HOG0011699	Mettl14
N1.HOG0011700	CG4822
N1.HOG0011701	CG5446
N1.HOG0011702	Fam92
N1.HOG0011703	CG7806
N1.HOG0011704	PGRP-SA
N1.HOG0011705	CG3815
N1.HOG0011706	Muc11A
N1.HOG0011711	CG3556
N1.HOG0011713	AP-2alpha
N1.HOG0011714	CG43366
N1.HOG0011715	Src42A
N1.HOG0011716	GCS1
N1.HOG0011717	Pak
N1.HOG0011718	POLDIP2
N1.HOG0011719	HDAC3
N1.HOG0011720	Hcs
N1.HOG0011721	CG11970
N1.HOG0011722	CG4313
N1.HOG0011723	par-6
N1.HOG0011724	CG17896
N1.HOG0011725	L2HGDH
N1.HOG0011726	Kdm5
N1.HOG0011727	CG10628
N1.HOG0011728	daw
N1.HOG0011729	CG9395
N1.HOG0011730	Bub1
N1.HOG0011731	CG17328
N1.HOG0011732	Syx5
N1.HOG0011733	CG6443
N1.HOG0011734	CG6415
N1.HOG0011735	CG17104
N1.HOG0011736	CG5397
N1.HOG0011737	Obp19c
N1.HOG0011738	RunxB
N1.HOG0011739	Or67c
N1.HOG0011740	cysu
N1.HOG0011741	Noa36
N1.HOG0011742	Polr1H
N1.HOG0011743	ECSIT
N1.HOG0011744	CG5608
N1.HOG0011745	CG8907
N1.HOG0011746	Kat60
N1.HOG0011747	heph
N1.HOG0011748	FeCH
N1.HOG0011750	PR-Set7
N1.HOG0011751	Idh3b
N1.HOG0011752	CG6678
N1.HOG0011759	ATPsynC
N1.HOG0011762	CG34133
N1.HOG0011763	mRpL1
N1.HOG0011764	Sec20
N1.HOG0011765	beat-VI
N1.HOG0011766	CG6293
N1.HOG0011767	CG10307
N1.HOG0011768	Os-C
N1.HOG0011769	AP-1mu
N1.HOG0011770	CG14880
N1.HOG0011771	CG5276
N1.HOG0011772	CG5746
N1.HOG0011773	CG14544
N1.HOG0011774	Vps2
N1.HOG0011775	E(spl)m7-HLH
N1.HOG0011776	E(spl)mgamma-HLH
N1.HOG0011777	Nf1
N1.HOG0011778	CG42542
N1.HOG0011779	Cyp313b1
N1.HOG0011780	CG8176
N1.HOG0011781	Kdm2
N1.HOG0011782	beag
N1.HOG0011783	fid
N1.HOG0011784	mTerf5
N1.HOG0011785	CG7168
N1.HOG0011786	CG2846
N1.HOG0011787	Hr96
N1.HOG0011788	CG13625
N1.HOG0011789	rump
N1.HOG0011790	ZnT86D
N1.HOG0011791	CG14696
N1.HOG0011792	Tpc1
N1.HOG0011793	CG7379
N1.HOG0011794	CG3021
N1.HOG0011795	CG11638
N1.HOG0011796	CG7789
N1.HOG0011797	CNBP
N1.HOG0011798	twi
N1.HOG0011799	Nop60B
N1.HOG0011800	ocm
N1.HOG0011801	CG3356
N1.HOG0011802	CG34236
N1.HOG0011803	Fpps
N1.HOG0011804	asrij
N1.HOG0011805	Hr51
N1.HOG0011806	corn
N1.HOG0011807	CG12010
N1.HOG0011808	Mettl2
N1.HOG0011809	RhoGAP68F
N1.HOG0011810	CG5645
N1.HOG0011811	CG14154
N1.HOG0011812	CG1927
N1.HOG0011813	mtg
N1.HOG0011814	wat
N1.HOG0011816	sqz
N1.HOG0011817	APC10
N1.HOG0011818	l(2)gd1
N1.HOG0011819	Tbc1d15-17
N1.HOG0011820	CG15414
N1.HOG0011821	morgue
N1.HOG0011822	geminin
N1.HOG0011823	Sec31
N1.HOG0011824	U3-55K
N1.HOG0011825	Nup75
N1.HOG0011826	Cyt-b5
N1.HOG0011827	CG9067
N1.HOG0011828	Rab2
N1.HOG0011829	Trap1
N1.HOG0011830	l(2)k09848
N1.HOG0011831	eIF3k
N1.HOG0011832	Orc6
N1.HOG0011834	GLS
N1.HOG0011835	Sou
N1.HOG0011836	CG10205
N1.HOG0011837	rho-7
N1.HOG0011838	CG1358
N1.HOG0011839	GstE12
N1.HOG0011840	CG8389
N1.HOG0011841	flap
N1.HOG0011842	unpg
N1.HOG0011843	CG11180
N1.HOG0011844	MFS16
N1.HOG0011845	CG30105
N1.HOG0011846	adp
N1.HOG0011847	CG11788
N1.HOG0011848	CG11200
N1.HOG0011849	Sec61beta
N1.HOG0011850	Mlf
N1.HOG0011851	Nsun2
N1.HOG0011852	CG8858
N1.HOG0011854	Cpr49Ab
N1.HOG0011855	CG8079
N1.HOG0011856	CG5916
N1.HOG0011857	tll
N1.HOG0011858	twf
N1.HOG0011860	Rbm13
N1.HOG0011861	CG7744
N1.HOG0011862	CG1529
N1.HOG0011866	CG4267
N1.HOG0011867	clumsy
N1.HOG0011868	CG11147
N1.HOG0011869	PolD3
N1.HOG0011870	Tsp26A
N1.HOG0011871	kraken
N1.HOG0011872	RapGAP1
N1.HOG0011873	CG17002
N1.HOG0011874	l(2)dtl
N1.HOG0011875	CG12391
N1.HOG0011877	CG12822
N1.HOG0011878	Dgk
N1.HOG0011879	Golgin245
N1.HOG0011880	CCHa1-R
N1.HOG0011881	dup
N1.HOG0011882	scaf
N1.HOG0011883	Cyp317a1
N1.HOG0011884	CG6907
N1.HOG0011885	ValRS
N1.HOG0011887	Pdrg1
N1.HOG0011888	CG1441
N1.HOG0011889	CG11883
N1.HOG0011890	Elp2
N1.HOG0011891	TyrRS-m
N1.HOG0011892	Gmd
N1.HOG0011893	CG8891
N1.HOG0011894	CG2004
N1.HOG0011895	dah
N1.HOG0011896	CG13003
N1.HOG0011897	CG8326
N1.HOG0011898	CG3036
N1.HOG0011899	CG12106
N1.HOG0011901	CG12118
N1.HOG0011902	CG9799
N1.HOG0011903	ZIPIC
N1.HOG0011904	CG6865
N1.HOG0011905	Uggt
N1.HOG0011906	CG12301
N1.HOG0011907	Rcd7
N1.HOG0011909	Cpsf73
N1.HOG0011910	CG14691
N1.HOG0011911	CG4404
N1.HOG0011912	AP-1gamma
N1.HOG0011913	mys
N1.HOG0011914	Upf2
N1.HOG0011915	CG12541
N1.HOG0011919	drd
N1.HOG0011922	Gapvd1
N1.HOG0011923	rush
N1.HOG0011925	meso18E
N1.HOG0011926	CG10495
N1.HOG0011927	SCAR
N1.HOG0011928	AspRS-m
N1.HOG0011929	Fas3
N1.HOG0011930	Rhau
N1.HOG0011931	Uxt
N1.HOG0011933	Rab6
N1.HOG0011934	kek3
N1.HOG0011936	CG4382
N1.HOG0011937	jp
N1.HOG0011938	dimm
N1.HOG0011939	CG9246
N1.HOG0011940	CG43346
N1.HOG0011941	CG5776
N1.HOG0011942	Sec71
N1.HOG0011943	CAH1
N1.HOG0011944	Rpn3
N1.HOG0011945	CG4537
N1.HOG0011946	CG31635
N1.HOG0011947	Spn27A
N1.HOG0011948	CG18304
N1.HOG0011949	l(2)k09022
N1.HOG0011950	SC35
N1.HOG0011951	Rpn11
N1.HOG0011952	GramD1B
N1.HOG0011953	CG6055
N1.HOG0011954	CG5160
N1.HOG0011955	CG1077
N1.HOG0011956	f-cup
N1.HOG0011957	Dbp73D
N1.HOG0011958	CG33288
N1.HOG0011959	UbcE2M
N1.HOG0011960	unc-13-4A
N1.HOG0011961	sna
N1.HOG0011962	Cog3
N1.HOG0011963	eIF2Balpha
N1.HOG0011964	Mpi
N1.HOG0011965	rin
N1.HOG0011966	Efa6
N1.HOG0011967	CG13607
N1.HOG0011968	Mettl3
N1.HOG0011969	Gip
N1.HOG0011970	CG42613
N1.HOG0011972	CG5246
N1.HOG0011973	Trax
N1.HOG0011974	Atg4b
N1.HOG0011975	CG15529
N1.HOG0011976	CG11498
N1.HOG0011977	Oct-TyrR
N1.HOG0011978	Chs2
N1.HOG0011979	CG32121
N1.HOG0011980	CycG
N1.HOG0011981	CG5934
N1.HOG0011982	Irk2
N1.HOG0011983	NSD
N1.HOG0011984	CG5961
N1.HOG0011985	Suv3
N1.HOG0011986	CG1092
N1.HOG0011987	CG6688
N1.HOG0011988	Rnb
N1.HOG0011989	Mtl
N1.HOG0011990	slgA
N1.HOG0011991	CG12057
N1.HOG0011992	fy
N1.HOG0011993	emb
N1.HOG0011994	Adat1
N1.HOG0011995	mRpS18C
N1.HOG0011996	CG14507
N1.HOG0011997	tilB
N1.HOG0011998	shop
N1.HOG0011999	eIF2Bbeta
N1.HOG0012000	CG1598
N1.HOG0012001	Pde8
N1.HOG0012002	retn
N1.HOG0012003	Coop
N1.HOG0012004	CG8230
N1.HOG0012005	Mp20
N1.HOG0012006	CG8197
N1.HOG0012007	CG5902
N1.HOG0012008	CG15905
N1.HOG0012009	PrBP
N1.HOG0012010	Nrg
N1.HOG0012011	Chchd3
N1.HOG0012012	NPF
N1.HOG0012013	CG10340
N1.HOG0012014	CAH8
N1.HOG0012015	CG7518
N1.HOG0012016	CG15629
N1.HOG0012017	Wwox
N1.HOG0012018	JMJD4
N1.HOG0012019	ome
N1.HOG0012020	CG7785
N1.HOG0012021	Charon
N1.HOG0012022	GNBP3
N1.HOG0012023	cact
N1.HOG0012024	Top3alpha
N1.HOG0012025	CG31855
N1.HOG0012026	Hnf4
N1.HOG0012027	CG1344
N1.HOG0012028	numb
N1.HOG0012029	epsilonCOP
N1.HOG0012030	shi
N1.HOG0012032	CG9630
N1.HOG0012033	bap
N1.HOG0012034	MTF-1
N1.HOG0012035	CG7611
N1.HOG0012036	Baldspot
N1.HOG0012037	CG5569
N1.HOG0012038	LIMK1
N1.HOG0012039	RhoGAP5A
N1.HOG0012040	mats
N1.HOG0012041	TAF1B
N1.HOG0012042	CG1552
N1.HOG0012043	CG1239
N1.HOG0012044	Hmt-1
N1.HOG0012045	Tab2
N1.HOG0012046	chn
N1.HOG0012047	CG9380
N1.HOG0012048	pwn
N1.HOG0012049	CG12237
N1.HOG0012050	Dhc16F
N1.HOG0012051	wapl
N1.HOG0012052	CG3097
N1.HOG0012053	HLH3B
N1.HOG0012054	Pis
N1.HOG0012055	inaF-D
N1.HOG0012056	Alg9
N1.HOG0012057	SF2
N1.HOG0012058	CG3335
N1.HOG0012059	Btnd
N1.HOG0012060	CG17249
N1.HOG0012061	CG7497
N1.HOG0012062	sturkopf
N1.HOG0012063	Nt5a
N1.HOG0012064	CG15237
N1.HOG0012070	mRpL2
N1.HOG0012071	wisp
N1.HOG0012072	Krn
N1.HOG0012073	CG13081
N1.HOG0012074	CG2267
N1.HOG0012075	CG9917
N1.HOG0012076	CG3995
N1.HOG0012077	CG1999
N1.HOG0012078	CG14456
N1.HOG0012079	CG11426
N1.HOG0012080	NHP2
N1.HOG0012081	Nprl3
N1.HOG0012082	Ccdc58
N1.HOG0012083	thoc6
N1.HOG0012084	UGP
N1.HOG0012085	Rpn12
N1.HOG0012086	CG13676
N1.HOG0012087	CG11309
N1.HOG0012088	pzg
N1.HOG0012089	CPT2
N1.HOG0012090	mRRF1
N1.HOG0012091	Mcm7
N1.HOG0012092	CG6511
N1.HOG0012093	h
N1.HOG0012094	CG1271
N1.HOG0012095	CG5687
N1.HOG0012096	Sac1
N1.HOG0012097	CSN3
N1.HOG0012098	PMP34
N1.HOG0012099	CG15014
N1.HOG0012100	CG32104
N1.HOG0012101	CG10418
N1.HOG0012102	CG12605
N1.HOG0012103	CG32485
N1.HOG0012104	PGRP-SD
N1.HOG0012105	CG7546
N1.HOG0012106	PAN3
N1.HOG0012107	nAChRbeta1
N1.HOG0012108	CG9004
N1.HOG0012109	park
N1.HOG0012110	Fitm
N1.HOG0012111	sinu
N1.HOG0012112	CG9643
N1.HOG0012113	CG13055
N1.HOG0012114	CG33061
N1.HOG0012115	kst
N1.HOG0012116	CG1309
N1.HOG0012117	roq
N1.HOG0012118	D
N1.HOG0012119	Liprin-beta
N1.HOG0012120	Tollo
N1.HOG0012121	CG11248
N1.HOG0012122	Hpd
N1.HOG0012123	CG5199
N1.HOG0012124	Prp6
N1.HOG0012125	CG7101
N1.HOG0012126	Rich
N1.HOG0012127	CG14561
N1.HOG0012128	Bet1
N1.HOG0012129	Gale
N1.HOG0012130	stas
N1.HOG0012131	dre4
N1.HOG0012132	ImpE2
N1.HOG0012133	CG7115
N1.HOG0012134	mRpS14
N1.HOG0012135	Met
N1.HOG0012136	mGluR
N1.HOG0012137	CG3702
N1.HOG0012138	Nhe1
N1.HOG0012139	CG7289
N1.HOG0012140	vir-1
N1.HOG0012141	crok
N1.HOG0012142	CG7781
N1.HOG0012143	Proc-R
N1.HOG0012144	Mvb12
N1.HOG0012145	CG13001
N1.HOG0012146	Cyp12b2
N1.HOG0012147	CG8060
N1.HOG0012148	cato
N1.HOG0012149	if
N1.HOG0012150	CG14657
N1.HOG0012151	Cdep
N1.HOG0012152	Ubc6
N1.HOG0012153	CG7183
N1.HOG0012155	CG11986
N1.HOG0012156	Kcmf1
N1.HOG0012157	Elp1
N1.HOG0012158	Rga
N1.HOG0012159	unc-4
N1.HOG0012160	fw
N1.HOG0012161	Dpm1
N1.HOG0012162	spi
N1.HOG0012163	Ance-3
N1.HOG0012164	TTLL3A
N1.HOG0012165	Smg5
N1.HOG0012166	crp
N1.HOG0012167	CG17221
N1.HOG0012169	CG6700
N1.HOG0012170	CG17127
N1.HOG0012171	CG14342
N1.HOG0012172	Obp19b
N1.HOG0012173	l(3)mbn
N1.HOG0012174	skd
N1.HOG0012175	Cul5
N1.HOG0012176	omd
N1.HOG0012177	Lkb1
N1.HOG0012178	GABA-B-R2
N1.HOG0012179	Men
N1.HOG0012180	KaiR1D
N1.HOG0012181	Sec23
N1.HOG0012182	Ktl
N1.HOG0012183	CG14545
N1.HOG0012184	Ire1
N1.HOG0012185	CG11168
N1.HOG0012186	CG11771
N1.HOG0012187	bnk
N1.HOG0012188	btn
N1.HOG0012189	Srlp
N1.HOG0012190	tyn
N1.HOG0012191	RhoGAP93B
N1.HOG0012192	ppan
N1.HOG0012193	SelR
N1.HOG0012194	CG5023
N1.HOG0012195	PEK
N1.HOG0012196	CG1172
N1.HOG0012197	RpL24-like
N1.HOG0012198	Sld5
N1.HOG0012199	CG6454
N1.HOG0012200	Uck
N1.HOG0012201	Exo84
N1.HOG0012202	Kaz-m1
N1.HOG0012203	CG6966
N1.HOG0012204	Mkk4
N1.HOG0012205	nsl1
N1.HOG0012206	Mst85C
N1.HOG0012207	CG14546
N1.HOG0012208	Mau2
N1.HOG0012209	CG5112
N1.HOG0012210	wtrw
N1.HOG0012211	CG1234
N1.HOG0012212	CG1124
N1.HOG0012213	CG14661
N1.HOG0012217	Polr2G
N1.HOG0012218	Dtd
N1.HOG0012219	CG8064
N1.HOG0012220	subdued
N1.HOG0012221	CG10068
N1.HOG0012222	Cyp4g15
N1.HOG0012225	Fak
N1.HOG0012226	LamC
N1.HOG0012227	CG30419
N1.HOG0012228	Ir60a
N1.HOG0012229	fl(2)d
N1.HOG0012230	Cpr50Cb
N1.HOG0012231	fand
N1.HOG0012232	link
N1.HOG0012233	CG12935
N1.HOG0012234	CG7741
N1.HOG0012235	CG7745
N1.HOG0012236	CG3829
N1.HOG0012237	zip
N1.HOG0012238	sel
N1.HOG0012239	CG6418
N1.HOG0012240	tna
N1.HOG0012241	galla-2
N1.HOG0012242	CG4022
N1.HOG0012243	CG43693
N1.HOG0012245	Jwa
N1.HOG0012246	CG2540
N1.HOG0012247	jhamt
N1.HOG0012248	tim
N1.HOG0012249	CG15432
N1.HOG0012250	ine
N1.HOG0012251	CG11134
N1.HOG0012252	GlcT
N1.HOG0012253	Naus
N1.HOG0012254	CG15706
N1.HOG0012255	Fem-1
N1.HOG0012256	CG13220
N1.HOG0012257	phtf
N1.HOG0012258	chk
N1.HOG0012259	Tdc2
N1.HOG0012260	PGAP3
N1.HOG0012261	CG9410
N1.HOG0012263	CG17385
N1.HOG0012264	PolE4
N1.HOG0012265	bin3
N1.HOG0012266	ckn
N1.HOG0012267	128up
N1.HOG0012268	CG42534
N1.HOG0012269	sca
N1.HOG0012270	Nrk
N1.HOG0012271	U2A
N1.HOG0012272	CG12107
N1.HOG0012273	Prip
N1.HOG0012274	ari-2
N1.HOG0012275	Gp150
N1.HOG0012276	Reg-5
N1.HOG0012277	Cog6
N1.HOG0012278	Gpdh2
N1.HOG0012279	CG6805
N1.HOG0012280	maf-S
N1.HOG0012281	lbk
N1.HOG0012282	CG17019
N1.HOG0012283	vg
N1.HOG0012284	Rcd6
N1.HOG0012285	CG13436
N1.HOG0012286	Ttd14
N1.HOG0012287	CG4266
N1.HOG0012288	icln
N1.HOG0012289	EMRE
N1.HOG0012290	sced
N1.HOG0012291	MED8
N1.HOG0012292	Trs31
N1.HOG0012293	ND-B14
N1.HOG0012294	NC2alpha
N1.HOG0012295	cbs
N1.HOG0012296	CG11007
N1.HOG0012297	CG8854
N1.HOG0012298	Cpsf160
N1.HOG0012299	IntS1
N1.HOG0012300	Fim
N1.HOG0012301	Mic26-27
N1.HOG0012302	CG4860
N1.HOG0012303	Cog1
N1.HOG0012304	Stam
N1.HOG0012305	Fgop2
N1.HOG0012308	CG32512
N1.HOG0012309	eys
N1.HOG0012310	daed
N1.HOG0012311	aph-1
N1.HOG0012312	CG7916
N1.HOG0012313	CG13983
N1.HOG0012314	CG9107
N1.HOG0012315	mtm
N1.HOG0012317	salm
N1.HOG0012318	Cog8
N1.HOG0012319	Dlg5
N1.HOG0012320	mRpL48
N1.HOG0012321	frtz
N1.HOG0012322	LSm7
N1.HOG0012323	Mhc
N1.HOG0012324	CG17928
N1.HOG0012325	CG17996
N1.HOG0012326	p47
N1.HOG0012327	rnh1
N1.HOG0012328	HnRNP-K
N1.HOG0012329	CG13229
N1.HOG0012330	mRpL52
N1.HOG0012331	CG14488
N1.HOG0012332	egr
N1.HOG0012333	CG9752
N1.HOG0012334	Gmer
N1.HOG0012335	kappaTry
N1.HOG0012336	Dlish
N1.HOG0012337	Snx16
N1.HOG0012338	bonsai
N1.HOG0012339	CG8152
N1.HOG0012340	Hyccin
N1.HOG0012342	CG17712
N1.HOG0012343	ACOX1
N1.HOG0012344	Pal1
N1.HOG0012345	Etf-QO
N1.HOG0012346	FMRFa
N1.HOG0012347	CG30008
N1.HOG0012349	CG3770
N1.HOG0012350	whd
N1.HOG0012351	Cog7
N1.HOG0012352	Usp30
N1.HOG0012353	CG5445
N1.HOG0012354	Orp8
N1.HOG0012355	Nadsyn
N1.HOG0012356	sl
N1.HOG0012357	dsh
N1.HOG0012358	CG6067
N1.HOG0012359	mus81
N1.HOG0012360	poly
N1.HOG0012361	Gnmt
N1.HOG0012362	CG12581
N1.HOG0012363	Indy
N1.HOG0012365	CG14074
N1.HOG0012366	Cln7
N1.HOG0012367	Pss
N1.HOG0012368	CG3430
N1.HOG0012369	Gbs-76A
N1.HOG0012370	Clc
N1.HOG0012371	CG7650
N1.HOG0012372	Usf
N1.HOG0012373	CG18508
N1.HOG0012374	TBC1d7
N1.HOG0012375	hfw
N1.HOG0012376	ais
N1.HOG0012377	Zpr1
N1.HOG0012378	CG13367
N1.HOG0012379	bowl
N1.HOG0012380	CG10237
N1.HOG0012381	Tspo
N1.HOG0012382	Trp1
N1.HOG0012383	ppk10
N1.HOG0012384	CG14015
N1.HOG0012385	ND-13A
N1.HOG0012386	CG5439
N1.HOG0012388	brwl
N1.HOG0012389	Taf13
N1.HOG0012390	sNPF
N1.HOG0012391	CycY
N1.HOG0012392	CG10492
N1.HOG0012393	Ttc19
N1.HOG0012394	Rsph1
N1.HOG0012395	sens-2
N1.HOG0012396	Rrp40
N1.HOG0012397	CG5181
N1.HOG0012398	Chc
N1.HOG0012399	CG6769
N1.HOG0012400	Appl
N1.HOG0012401	CG3168
N1.HOG0012402	eIF5
N1.HOG0012403	CG16721
N1.HOG0012404	Pex5
N1.HOG0012405	CG14803
N1.HOG0012406	Osi14
N1.HOG0012407	Osi15
N1.HOG0012408	CG18048
N1.HOG0012409	CG9286
N1.HOG0012410	ALiX
N1.HOG0012411	CG12877
N1.HOG0012412	mAChR-B
N1.HOG0012413	PDCD-5
N1.HOG0012414	Tsr1
N1.HOG0012415	Tbc1d8-9
N1.HOG0012416	Uxs
N1.HOG0012417	Atg18a
N1.HOG0012418	Dhps
N1.HOG0012419	nSMase
N1.HOG0012420	CG8960
N1.HOG0012421	CG17264
N1.HOG0012422	CG12947
N1.HOG0012423	CG10011
N1.HOG0012424	Rbp4
N1.HOG0012425	Srr
N1.HOG0012426	Pisd
N1.HOG0012427	Nrx-1
N1.HOG0012428	Slimp
N1.HOG0012429	CG15514
N1.HOG0012430	mRpL32
N1.HOG0012431	CG3803
N1.HOG0012432	CG31266
N1.HOG0012433	CG12811
N1.HOG0012434	Prx3
N1.HOG0012435	CG5038
N1.HOG0012436	DhpD
N1.HOG0012437	CG6276
N1.HOG0012438	CG8353
N1.HOG0012439	VhaAC45RP
N1.HOG0012440	CG31028
N1.HOG0012441	PolD1
N1.HOG0012442	hzg
N1.HOG0012443	Atg3
N1.HOG0012444	JMJD7
N1.HOG0012445	CG11563
N1.HOG0012446	mrt
N1.HOG0012447	Irk1
N1.HOG0012448	BOD1
N1.HOG0012449	CenB1A
N1.HOG0012450	trus
N1.HOG0012451	CG3368
N1.HOG0012452	CG3330
N1.HOG0012453	CG13972
N1.HOG0012454	Klp98A
N1.HOG0012455	Hexim
N1.HOG0012456	CG7071
N1.HOG0012457	HP1c
N1.HOG0012458	snk
N1.HOG0012459	CG5180
N1.HOG0012460	Ada2b
N1.HOG0012461	mora
N1.HOG0012462	rdhB
N1.HOG0012463	CG5391
N1.HOG0012464	CG5612
N1.HOG0012465	GABPI
N1.HOG0012466	Hasp
N1.HOG0012467	PolG1
N1.HOG0012468	P5cr
N1.HOG0012469	CG5646
N1.HOG0012470	Rb97D
N1.HOG0012471	CG11854
N1.HOG0012472	CG12278
N1.HOG0012473	CG8191
N1.HOG0012474	CG31019
N1.HOG0012475	stck
N1.HOG0012476	CG6937
N1.HOG0012477	mRpL9
N1.HOG0012478	Alg12
N1.HOG0012479	mal
N1.HOG0012480	sn
N1.HOG0012481	RagC-D
N1.HOG0012482	Asap
N1.HOG0012483	Samtor
N1.HOG0012484	sigmar
N1.HOG0012485	mRpL43
N1.HOG0012486	angel
N1.HOG0012487	Flo1
N1.HOG0012488	CG13748
N1.HOG0012490	CG8818
N1.HOG0012491	CG14297
N1.HOG0012492	CG15252
N1.HOG0012493	Dph3
N1.HOG0012494	odd
N1.HOG0012495	CG8851
N1.HOG0012496	santa-maria
N1.HOG0012497	Edc3
N1.HOG0012498	CG10600
N1.HOG0012499	TTLL4B
N1.HOG0012500	CG15160
N1.HOG0012501	CG13024
N1.HOG0012502	CG11000
N1.HOG0012503	CtBP
N1.HOG0012504	Rsph9
N1.HOG0012505	Hr38
N1.HOG0012506	Syx8
N1.HOG0012507	CG13313
N1.HOG0012508	LeuRS-m
N1.HOG0012509	TM9SF4
N1.HOG0012510	swm
N1.HOG0012511	CG10189
N1.HOG0012512	CG16972
N1.HOG0012513	mTTF
N1.HOG0012514	stol
N1.HOG0012515	CG13999
N1.HOG0012516	CG3769
N1.HOG0012517	Phf5a
N1.HOG0012518	Spn85F
N1.HOG0012519	fu
N1.HOG0012520	CG10663
N1.HOG0012521	Klp68D
N1.HOG0012523	Hip1
N1.HOG0012527	mei-41
N1.HOG0012528	Abl
N1.HOG0012529	Lpt
N1.HOG0012530	CG3626
N1.HOG0012531	Mks1
N1.HOG0012532	CG13855
N1.HOG0012533	knk
N1.HOG0012534	CG5292
N1.HOG0012535	CG3587
N1.HOG0012536	shtd
N1.HOG0012537	Hat1
N1.HOG0012538	gprs
N1.HOG0012539	GPHR
N1.HOG0012540	gsb-n
N1.HOG0012541	Nplp1
N1.HOG0012542	Dlip3
N1.HOG0012543	Drep3
N1.HOG0012544	mRpL53
N1.HOG0012545	CG8204
N1.HOG0012546	Gbeta5
N1.HOG0012547	cyr
N1.HOG0012548	CG7702
N1.HOG0012550	Vps26
N1.HOG0012551	bys
N1.HOG0012552	SmydA-9
N1.HOG0012553	CG6847
N1.HOG0012554	CG2938
N1.HOG0012555	Fur2
N1.HOG0012556	CG32638
N1.HOG0012557	Oli
N1.HOG0012558	m
N1.HOG0012559	CG15772
N1.HOG0012560	CG8142
N1.HOG0012561	CG2150
N1.HOG0012562	CG13318
N1.HOG0012563	CG8223
N1.HOG0012564	CG9801
N1.HOG0012565	Blm
N1.HOG0012566	ND-23
N1.HOG0012567	CG8301
N1.HOG0012568	Dsp1
N1.HOG0012569	Lrp4
N1.HOG0012570	CG15743
N1.HOG0012574	Clic
N1.HOG0012576	APP-BP1
N1.HOG0012577	CG7564
N1.HOG0012578	Con
N1.HOG0012579	CG6660
N1.HOG0012580	CG3792
N1.HOG0012581	PGRP-LD
N1.HOG0012582	LTV1
N1.HOG0012583	Pgam5-2
N1.HOG0012584	CG8997
N1.HOG0012585	Tsp42Ej
N1.HOG0012586	Klp59C
N1.HOG0012587	CG7810
N1.HOG0012588	CG3270
N1.HOG0012589	corolla
N1.HOG0012590	t-Grip91
N1.HOG0012591	CG18605
N1.HOG0012592	CG17154
N1.HOG0012593	CG44094
N1.HOG0012594	Ir7f
N1.HOG0012595	Femcoat
N1.HOG0012596	Prp3
N1.HOG0012597	Ube3a
N1.HOG0012598	CG14455
N1.HOG0012599	CG13907
N1.HOG0012600	CG12038
N1.HOG0012601	Serinc
N1.HOG0012602	Cds
N1.HOG0012603	Cpr78Cb
N1.HOG0012604	Pdxk
N1.HOG0012605	CG4461
N1.HOG0012607	Hsp67Ba
N1.HOG0012608	Cdk8
N1.HOG0012609	CG16753
N1.HOG0012611	Ptpmeg
N1.HOG0012612	CG9951
N1.HOG0012613	simj
N1.HOG0012614	Adi1
N1.HOG0012615	CG4911
N1.HOG0012616	nbs
N1.HOG0012617	Claspin
N1.HOG0012618	emc
N1.HOG0012619	nullo
N1.HOG0012621	CG14989
N1.HOG0012622	Gad1
N1.HOG0012624	lin-28
N1.HOG0012625	Eaf6
N1.HOG0012626	ArfGAP1
N1.HOG0012627	CG32354
N1.HOG0012628	CG8519
N1.HOG0012629	SP1173
N1.HOG0012632	Prdm13
N1.HOG0012634	lqf
N1.HOG0012635	CG15877
N1.HOG0012636	mRpL23
N1.HOG0012637	yellow-g2
N1.HOG0012638	beg
N1.HOG0012639	Ilp8
N1.HOG0012640	CG14968
N1.HOG0012641	Lkr
N1.HOG0012642	wac
N1.HOG0012643	CG13054
N1.HOG0012644	CG4950
N1.HOG0012645	Golgin104
N1.HOG0012646	tral
N1.HOG0012647	CG10866
N1.HOG0012648	CG2211
N1.HOG0012649	CG32409
N1.HOG0012650	CG12024
N1.HOG0012651	Rap1
N1.HOG0012653	CG42826
N1.HOG0012654	dpr10
N1.HOG0012655	CG13893
N1.HOG0012656	rho
N1.HOG0012657	ara
N1.HOG0012658	Vps36
N1.HOG0012659	nan
N1.HOG0012660	stv
N1.HOG0012661	yellow-k
N1.HOG0012662	CG9624
N1.HOG0012663	CG32445
N1.HOG0012664	CG5910
N1.HOG0012665	CG11619
N1.HOG0012666	CG6650
N1.HOG0012667	Cox11
N1.HOG0012668	twy
N1.HOG0012669	CG14450
N1.HOG0012670	CG4914
N1.HOG0012671	ind
N1.HOG0012672	comm2
N1.HOG0012674	fwe
N1.HOG0012677	CG12768
N1.HOG0012678	CG32085
N1.HOG0012679	Dph1
N1.HOG0012680	CG11396
N1.HOG0012681	Pmi
N1.HOG0012682	BORCS6
N1.HOG0012683	CG32225
N1.HOG0012684	ckd
N1.HOG0012685	CG12020
N1.HOG0012686	CG34408
N1.HOG0012687	ft
N1.HOG0012689	CG31663
N1.HOG0012690	atilla
N1.HOG0012691	CG6583
N1.HOG0012692	Pgant2
N1.HOG0012693	CG32687
N1.HOG0012694	CG3862
N1.HOG0012695	ND-75
N1.HOG0012696	CG14655
N1.HOG0012697	Snr1
N1.HOG0012698	Snm1
N1.HOG0012699	alrm
N1.HOG0012700	CG4239
N1.HOG0012701	Nf-YB
N1.HOG0012702	IP3K1
N1.HOG0012703	CG9515
N1.HOG0012704	Cul2
N1.HOG0012705	CG2201
N1.HOG0012707	CG14282
N1.HOG0012708	CG5861
N1.HOG0012709	CG14341
N1.HOG0012711	CG6729
N1.HOG0012712	twit
N1.HOG0012713	CG11409
N1.HOG0012714	CG4080
N1.HOG0012715	CG32170
N1.HOG0012716	Cdc27
N1.HOG0012717	CG14331
N1.HOG0012718	CG6125
N1.HOG0012719	Task6
N1.HOG0012720	CG14645
N1.HOG0012721	CG31431
N1.HOG0012722	Gprk2
N1.HOG0012723	Gdh
N1.HOG0012724	wda
N1.HOG0012725	Tango6
N1.HOG0012726	sim
N1.HOG0012727	Patr-1
N1.HOG0012728	Dfd
N1.HOG0012729	Mms19
N1.HOG0012730	CG11089
N1.HOG0012731	Nmnat
N1.HOG0012732	CG15561
N1.HOG0012733	Zwilch
N1.HOG0012734	gb
N1.HOG0012735	Nep5
N1.HOG0012736	Polr3C
N1.HOG0012737	CG10214
N1.HOG0012739	CG13842
N1.HOG0012740	AdamTS-A
N1.HOG0012741	CG14232
N1.HOG0012742	Ir92a
N1.HOG0012743	glo
N1.HOG0012744	dmrt93B
N1.HOG0012745	Tbc1d22
N1.HOG0012746	Orco
N1.HOG0012747	PGRP-LB
N1.HOG0012748	crb
N1.HOG0012749	tx
N1.HOG0012750	gro
N1.HOG0012751	E(spl)m4-BFM
N1.HOG0012752	E(spl)m2-BFM
N1.HOG0012757	mRpS33
N1.HOG0012759	PolZ2
N1.HOG0012760	Ada2a
N1.HOG0012761	r-l
N1.HOG0012762	Sys1
N1.HOG0012763	CG9590
N1.HOG0012764	Lnk
N1.HOG0012765	repo
N1.HOG0012766	CG8202
N1.HOG0012767	Cerk
N1.HOG0012768	Smyd5
N1.HOG0012769	CG5862
N1.HOG0012770	p23
N1.HOG0012771	Esyt2
N1.HOG0012772	CG2016
N1.HOG0012773	CG10407
N1.HOG0012774	GATAe
N1.HOG0012775	SIDL
N1.HOG0012776	CG34162
N1.HOG0012777	Ras85D
N1.HOG0012778	Rab23
N1.HOG0012779	ScsbetaA
N1.HOG0012780	CG4115
N1.HOG0012781	Polr2M
N1.HOG0012782	CG3817
N1.HOG0012783	dgo
N1.HOG0012784	CngB
N1.HOG0012785	CG30197
N1.HOG0012786	CG30076
N1.HOG0012787	CG13330
N1.HOG0012788	CG30389
N1.HOG0012789	edl
N1.HOG0012790	Ance-5
N1.HOG0012791	CG14762
N1.HOG0012793	VGAT
N1.HOG0012794	COX7C
N1.HOG0012795	Ak6
N1.HOG0012796	CG12182
N1.HOG0012797	aay
N1.HOG0012798	Fpgs
N1.HOG0012799	CG3434
N1.HOG0012800	S6k
N1.HOG0012801	CG42272
N1.HOG0012802	GC
N1.HOG0012803	CG31251
N1.HOG0012804	DIP-gamma
N1.HOG0012806	CG10053
N1.HOG0012807	Regnase-1
N1.HOG0012808	lic
N1.HOG0012809	Evi5
N1.HOG0012810	CG5937
N1.HOG0012811	mip130
N1.HOG0012812	eIF2Bepsilon
N1.HOG0012813	U2af38
N1.HOG0012814	CG17078
N1.HOG0012815	mbm
N1.HOG0012816	CG13950
N1.HOG0012817	AstCC
N1.HOG0012818	Ype
N1.HOG0012819	janA
N1.HOG0012820	CG10939
N1.HOG0012821	ana2
N1.HOG0012822	Pcf11
N1.HOG0012823	eIF3m
N1.HOG0012824	galla-1
N1.HOG0012825	CAH13
N1.HOG0012826	Ipk1
N1.HOG0012827	CG3732
N1.HOG0012828	Drat
N1.HOG0012829	CG5819
N1.HOG0012830	Hsepi
N1.HOG0012831	Sin1
N1.HOG0012832	Mgat1
N1.HOG0012833	LanB1
N1.HOG0012834	SmydA-5
N1.HOG0012836	Glo1
N1.HOG0012838	CG15120
N1.HOG0012839	Pu
N1.HOG0012840	CG30429
N1.HOG0012841	ena
N1.HOG0012842	Asph
N1.HOG0012843	CG3663
N1.HOG0012844	ix
N1.HOG0012845	CG5493
N1.HOG0012848	CG5323
N1.HOG0012850	CG30053
N1.HOG0012851	RIC-3
N1.HOG0012852	ND-B14.7
N1.HOG0012853	CG8405
N1.HOG0012854	exp
N1.HOG0012855	SCCRO3
N1.HOG0012856	Balat
N1.HOG0012857	ced-6
N1.HOG0012858	Wnt2
N1.HOG0012859	CG13365
N1.HOG0012860	Obp50a
N1.HOG0012861	LSm1
N1.HOG0012862	hng1
N1.HOG0012863	Hsf
N1.HOG0012864	uzip
N1.HOG0012865	tra2
N1.HOG0012866	cyp33
N1.HOG0012867	ste24b
N1.HOG0012868	trpl
N1.HOG0012869	CG1648
N1.HOG0012870	Cpr49Ac
N1.HOG0012871	CG13155
N1.HOG0012872	Cpr47Ee
N1.HOG0012873	Fs
N1.HOG0012874	Dnali1
N1.HOG0012875	CG1208
N1.HOG0012876	CG6325
N1.HOG0012877	CG34174
N1.HOG0012878	Arpc4
N1.HOG0012879	GluRIIA
N1.HOG0012880	CG31886
N1.HOG0012881	H2.0
N1.HOG0012882	CG42672
N1.HOG0012883	CG9485
N1.HOG0012884	CG18635
N1.HOG0012885	OstDelta
N1.HOG0012886	CG1418
N1.HOG0012887	CG12920
N1.HOG0012888	thr
N1.HOG0012889	RpL31
N1.HOG0012890	CG11044
N1.HOG0012891	CG10444
N1.HOG0012892	dpn
N1.HOG0012893	CG14760
N1.HOG0012894	Agps
N1.HOG0012895	CG13197
N1.HOG0012897	S2P
N1.HOG0012898	Twdlbeta
N1.HOG0012900	CG15615
N1.HOG0012901	CG8249
N1.HOG0012902	CG2790
N1.HOG0012903	Rab3
N1.HOG0012907	CG3589
N1.HOG0012908	CG32668
N1.HOG0012909	gwl
N1.HOG0012910	CG31010
N1.HOG0012911	beta-Spec
N1.HOG0012912	CG33120
N1.HOG0012913	ND-B14.5B
N1.HOG0012914	mRpS21
N1.HOG0012915	CG14395
N1.HOG0012916	eco
N1.HOG0012917	lark
N1.HOG0012918	Prp31
N1.HOG0012922	Rbbp5
N1.HOG0012923	Ent3
N1.HOG0012924	RecQ5
N1.HOG0012925	kto
N1.HOG0012926	CG2145
N1.HOG0012927	anox
N1.HOG0012928	w
N1.HOG0012929	CG14478
N1.HOG0012930	PlexA
N1.HOG0012931	Spn31A
N1.HOG0012932	Cog4
N1.HOG0012933	ClpP
N1.HOG0012934	Coq6
N1.HOG0012935	tank
N1.HOG0012936	Mon1
N1.HOG0012937	Col4a1
N1.HOG0012938	CG9663
N1.HOG0012939	CG6153
N1.HOG0012940	Arpc2
N1.HOG0012941	CG16798
N1.HOG0012942	CG14947
N1.HOG0012943	Ced-12
N1.HOG0012944	Drp1
N1.HOG0012945	Sirt1
N1.HOG0012946	Shark
N1.HOG0012947	pr
N1.HOG0012948	Herp
N1.HOG0012949	CG7149
N1.HOG0012950	Coq3
N1.HOG0012951	CG7179
N1.HOG0012952	IFT43
N1.HOG0012953	brat
N1.HOG0012954	Acn
N1.HOG0012955	Catsup
N1.HOG0012956	mib2
N1.HOG0012957	hook
N1.HOG0012958	mtDNA-helicase
N1.HOG0012959	CG42366
N1.HOG0012960	cort
N1.HOG0012961	nop5
N1.HOG0012963	Nhe2
N1.HOG0012964	CG6094
N1.HOG0012965	eIF3h
N1.HOG0012966	Hacd1
N1.HOG0012967	dpp
N1.HOG0012968	Psf2
N1.HOG0012969	Traf4
N1.HOG0012970	Gr2a
N1.HOG0012971	kmr
N1.HOG0012972	flfl
N1.HOG0012973	CG13293
N1.HOG0012974	CG9205
N1.HOG0012975	qm
N1.HOG0012976	foi
N1.HOG0012977	Pex2
N1.HOG0012978	GAPcenA
N1.HOG0012979	Pus7
N1.HOG0012980	ERR
N1.HOG0012981	Dscam4
N1.HOG0012982	CG2034
N1.HOG0012983	p24-1
N1.HOG0012984	Sce
N1.HOG0012985	CG12795
N1.HOG0012986	ast
N1.HOG0012987	MED6
N1.HOG0012988	Alg13
N1.HOG0012990	Vha100-1
N1.HOG0012991	sqd
N1.HOG0012992	nos
N1.HOG0012993	Nph
N1.HOG0012994	CG12259
N1.HOG0012995	mRpS24
N1.HOG0012996	mRpL11
N1.HOG0012997	Rox8
N1.HOG0012998	Zip99C
N1.HOG0012999	CG1750
N1.HOG0013000	CG14309
N1.HOG0013001	P5cr-2
N1.HOG0013002	SF1
N1.HOG0013003	CG8043
N1.HOG0013004	CG6171
N1.HOG0013005	aux
N1.HOG0013006	Pcd
N1.HOG0013007	Naa40
N1.HOG0013008	Kul
N1.HOG0013009	CG6695
N1.HOG0013010	Inx3
N1.HOG0013011	CG16800
N1.HOG0013012	Ac76E
N1.HOG0013013	Pop1
N1.HOG0013014	CG32091
N1.HOG0013015	P5CS
N1.HOG0013016	CG13924
N1.HOG0013017	CG14109
N1.HOG0013018	CG10713
N1.HOG0013019	flr
N1.HOG0013020	AstC-R1
N1.HOG0013021	CG8757
N1.HOG0013022	Cda5
N1.HOG0013023	CstF50
N1.HOG0013024	BCAS2
N1.HOG0013025	eIF3a
N1.HOG0013027	abs
N1.HOG0013028	Sar1
N1.HOG0013029	CG13841
N1.HOG0013030	Nha2
N1.HOG0013031	PolI
N1.HOG0013032	CG13606
N1.HOG0013033	sage
N1.HOG0013034	CG7084
N1.HOG0013035	dsd
N1.HOG0013037	natalisin
N1.HOG0013038	SerRS
N1.HOG0013039	CG17260
N1.HOG0013040	Tsp42Eh
N1.HOG0013041	CREG
N1.HOG0013042	Rab30
N1.HOG0013043	CG11035
N1.HOG0013044	CG10903
N1.HOG0013045	CG3744
N1.HOG0013046	CG15719
N1.HOG0013047	Prp18
N1.HOG0013048	Cortactin
N1.HOG0013049	tmod
N1.HOG0013050	CG31223
N1.HOG0013051	Atg13
N1.HOG0013052	Dph5
N1.HOG0013053	CSN6
N1.HOG0013054	Tti1
N1.HOG0013055	mahe
N1.HOG0013056	CG7872
N1.HOG0013057	inc
N1.HOG0013058	cv
N1.HOG0013059	CG8366
N1.HOG0013060	Pabp2
N1.HOG0013061	slv
N1.HOG0013062	CG4282
N1.HOG0013063	Psc
N1.HOG0013065	Pal2
N1.HOG0013066	CG5757
N1.HOG0013067	luna
N1.HOG0013068	ems
N1.HOG0013069	CG2556
N1.HOG0013070	pit
N1.HOG0013071	ND-42
N1.HOG0013072	Uba4
N1.HOG0013073	CG45105
N1.HOG0013074	GstD11
N1.HOG0013075	CG12817
N1.HOG0013076	CG11342
N1.HOG0013077	CG1434
N1.HOG0013078	B4
N1.HOG0013079	CG14892
N1.HOG0013080	Fas1
N1.HOG0013082	GABA-B-R3
N1.HOG0013083	Amacr
N1.HOG0013084	MED19
N1.HOG0013085	mfr
N1.HOG0013086	Tsp66E
N1.HOG0013087	CG7974
N1.HOG0013088	CG13992
N1.HOG0013089	mRpL4
N1.HOG0013090	l(2)k05911
N1.HOG0013091	ND-B17
N1.HOG0013092	noc
N1.HOG0013093	mol
N1.HOG0013094	CG6565
N1.HOG0013095	CG13085
N1.HOG0013096	CG15269
N1.HOG0013097	DIP-kappa
N1.HOG0013098	HemK1
N1.HOG0013099	Prx6005
N1.HOG0013100	CG1142
N1.HOG0013101	CG42369
N1.HOG0013102	CG8677
N1.HOG0013103	sicily
N1.HOG0013104	CG7685
N1.HOG0013105	wdn
N1.HOG0013106	snu
N1.HOG0013107	aus
N1.HOG0013110	BORCS5
N1.HOG0013111	Vps8
N1.HOG0013112	CG10616
N1.HOG0013113	wnd
N1.HOG0013114	Shal
N1.HOG0013115	CG5282
N1.HOG0013116	CG45049
N1.HOG0013117	CG43394
N1.HOG0013118	CG4049
N1.HOG0013119	Imp
N1.HOG0013120	Cpr11A
N1.HOG0013121	ChT
N1.HOG0013122	CG13850
N1.HOG0013123	CG2091
N1.HOG0013124	PSMG1
N1.HOG0013125	MBD-like
N1.HOG0013126	CG13016
N1.HOG0013127	CG4646
N1.HOG0013128	Sema1b
N1.HOG0013129	mRpL41
N1.HOG0013130	Mppe
N1.HOG0013132	cora
N1.HOG0013133	Impbeta11
N1.HOG0013134	CG43066
N1.HOG0013135	Gadd45
N1.HOG0013136	CG10959
N1.HOG0013137	CG14817
N1.HOG0013139	CG14435
N1.HOG0013142	CG6290
N1.HOG0013143	Sytalpha
N1.HOG0013144	mEFTs
N1.HOG0013145	l(1)sc
N1.HOG0013146	CG3040
N1.HOG0013147	CG2656
N1.HOG0013148	Gyc88E
N1.HOG0013149	Kpc1
N1.HOG0013150	Amt
N1.HOG0013151	CG16790
N1.HOG0013152	CG12213
N1.HOG0013153	SWIP
N1.HOG0013154	CG4768
N1.HOG0013155	Use1
N1.HOG0013156	Oatp74D
N1.HOG0013157	CG3091
N1.HOG0013158	Rh50
N1.HOG0013159	NC2beta
N1.HOG0013161	CG12826
N1.HOG0013162	CG10347
N1.HOG0013163	CG7231
N1.HOG0013164	CG11449
N1.HOG0013165	geko
N1.HOG0013166	CG11131
N1.HOG0013170	CG11378
N1.HOG0013171	GILT1
N1.HOG0013172	CG13733
N1.HOG0013173	CG7840
N1.HOG0013174	CG10359
N1.HOG0013175	MFS9
N1.HOG0013176	Ir7c
N1.HOG0013177	Mgstl
N1.HOG0013178	CG7992
N1.HOG0013179	MFS10
N1.HOG0013180	CG15044
N1.HOG0013181	CG3955
N1.HOG0013183	TpnC25D
N1.HOG0013185	Adhr
N1.HOG0013186	Rh2
N1.HOG0013187	Acbp5
N1.HOG0013188	Su(z)12
N1.HOG0013189	CG7607
N1.HOG0013190	laza
N1.HOG0013191	Csp
N1.HOG0013192	ImpL1
N1.HOG0013193	rols
N1.HOG0013194	MED11
N1.HOG0013195	Cyp305a1
N1.HOG0013196	nerfin-1
N1.HOG0013197	Aps
N1.HOG0013198	ND-30
N1.HOG0013199	rhea
N1.HOG0013200	CG43078
N1.HOG0013201	Rexo5
N1.HOG0013202	Cpr78Ca
N1.HOG0013203	Surf1
N1.HOG0013204	bin
N1.HOG0013205	Fdx1
N1.HOG0013206	Hsp67Bc
N1.HOG0013207	CG13310
N1.HOG0013208	CG33003
N1.HOG0013209	Cp19
N1.HOG0013210	Pex7
N1.HOG0013211	CG12099
N1.HOG0013212	Pex10
N1.HOG0013213	CG12003
N1.HOG0013214	CG18265
N1.HOG0013215	Gorab
N1.HOG0013216	CG7630
N1.HOG0013217	Mip
N1.HOG0013218	PolD2
N1.HOG0013219	CG13937
N1.HOG0013220	CG8492
N1.HOG0013221	CG7409
N1.HOG0013222	CG5068
N1.HOG0013223	dyl
N1.HOG0013224	JMJD5
N1.HOG0013225	INPP5E
N1.HOG0013226	Pbgs
N1.HOG0013227	FoxL1
N1.HOG0013228	ProRS-m
N1.HOG0013229	rogdi
N1.HOG0013230	Unr
N1.HOG0013231	CG10077
N1.HOG0013232	nwk
N1.HOG0013233	fmt
N1.HOG0013234	CG13297
N1.HOG0013235	IntS9
N1.HOG0013236	ltl
N1.HOG0013237	CG1146
N1.HOG0013238	yellow-g
N1.HOG0013239	CG14961
N1.HOG0013240	CG5026
N1.HOG0013241	AlaRS-m
N1.HOG0013242	Tcs5
N1.HOG0013243	Membrin
N1.HOG0013244	CG13285
N1.HOG0013245	CG4982
N1.HOG0013246	ringer
N1.HOG0013247	CG10681
N1.HOG0013248	msd1
N1.HOG0013249	Egfrap
N1.HOG0013250	ect
N1.HOG0013251	Teh4
N1.HOG0013252	CG11586
N1.HOG0013254	CG10116
N1.HOG0013255	CG14572
N1.HOG0013256	Ir76b
N1.HOG0013257	Gyc76C,CG42637
N1.HOG0013258	mRpL15
N1.HOG0013259	CG5955
N1.HOG0013260	Hr78
N1.HOG0013261	verm
N1.HOG0013262	serp
N1.HOG0013263	Raf
N1.HOG0013264	CNPYb
N1.HOG0013265	CG3808
N1.HOG0013266	Polr3D
N1.HOG0013267	CG13698
N1.HOG0013268	CG4613
N1.HOG0013269	mnd
N1.HOG0013270	comm
N1.HOG0013271	Ddx1
N1.HOG0013272	Dnai2
N1.HOG0013273	Cralbp
N1.HOG0013274	CG14960
N1.HOG0013275	E(bx)
N1.HOG0013276	TwdlE
N1.HOG0013277	per
N1.HOG0013279	Rad23
N1.HOG0013280	ci
N1.HOG0013281	CG14277
N1.HOG0013282	Der-2
N1.HOG0013283	CG33543
N1.HOG0013284	EMC5
N1.HOG0013285	Octbeta1R
N1.HOG0013286	CG4928
N1.HOG0013287	slf
N1.HOG0013288	dock
N1.HOG0013289	CG12470
N1.HOG0013291	CG2931
N1.HOG0013292	CG12321
N1.HOG0013294	tgo
N1.HOG0013295	MED28
N1.HOG0013296	Atu
N1.HOG0013297	Hs3st-B
N1.HOG0013298	CG10137
N1.HOG0013299	CG4619
N1.HOG0013300	Dyrk2
N1.HOG0013301	G6P
N1.HOG0013302	calypso
N1.HOG0013303	CG8814
N1.HOG0013304	vri
N1.HOG0013305	CG4935
N1.HOG0013306	cype
N1.HOG0013307	Tango14
N1.HOG0013308	CG4577
N1.HOG0013309	CG31869
N1.HOG0013310	CG9265
N1.HOG0013311	Mtp
N1.HOG0013312	CG9328
N1.HOG0013313	CG12773
N1.HOG0013314	CG9512
N1.HOG0013315	CG9948
N1.HOG0013316	CG3777
N1.HOG0013317	mRpL55
N1.HOG0013318	CG1607
N1.HOG0013319	CG13599
N1.HOG0013320	CG5854
N1.HOG0013321	CG4041
N1.HOG0013322	Ten-a
N1.HOG0013323	abd-A
N1.HOG0013324	ftz
N1.HOG0013325	Actn3
N1.HOG0013326	GluClalpha
N1.HOG0013327	krz
N1.HOG0013328	CG31121
N1.HOG0013329	CG1542
N1.HOG0013330	trp
N1.HOG0013331	CG31036
N1.HOG0013332	CG6066
N1.HOG0013333	mask
N1.HOG0013334	ato
N1.HOG0013335	CG11672
N1.HOG0013336	CG9626
N1.HOG0013337	tsl
N1.HOG0013338	CG6972
N1.HOG0013339	Bdbt
N1.HOG0013340	CG4338
N1.HOG0013341	plh
N1.HOG0013342	cdm
N1.HOG0013343	dpr4
N1.HOG0013344	DCTN3-p24
N1.HOG0013345	CG5762
N1.HOG0013346	Golgin84
N1.HOG0013347	osy
N1.HOG0013348	CG12290
N1.HOG0013349	E(spl)m8-HLH
N1.HOG0013350	CG4520
N1.HOG0013351	pxb
N1.HOG0013352	CG14882
N1.HOG0013353	AnxB9
N1.HOG0013354	Idh3g
N1.HOG0013355	CG5913
N1.HOG0013356	TMEM216
N1.HOG0013357	Cks85A
N1.HOG0013358	pros
N1.HOG0013359	COX5A
N1.HOG0013360	REPTOR
N1.HOG0013361	Archease
N1.HOG0013362	mRpS10
N1.HOG0013363	CG7131
N1.HOG0013364	CG8149
N1.HOG0013365	mRpL47
N1.HOG0013366	Wdr33
N1.HOG0013367	unc79
N1.HOG0013368	alt
N1.HOG0013369	Sulf1
N1.HOG0013370	hfp
N1.HOG0013372	Lis-1
N1.HOG0013373	CG42741
N1.HOG0013374	slbo
N1.HOG0013375	Fatp3
N1.HOG0013376	Vmat
N1.HOG0013377	SmydA-6
N1.HOG0013378	Fbxo42
N1.HOG0013379	EndoB
N1.HOG0013380	Daao2
N1.HOG0013381	Hey
N1.HOG0013382	Cyp301a1
N1.HOG0013383	Src64B
N1.HOG0013384	melt
N1.HOG0013385	CG13028
N1.HOG0013386	CG6983
N1.HOG0013387	Atg12
N1.HOG0013389	CG7655
N1.HOG0013390	MED7
N1.HOG0013391	CG1227
N1.HOG0013392	CG2157
N1.HOG0013393	CG2186
N1.HOG0013395	ND-15
N1.HOG0013396	CG3709
N1.HOG0013397	CG2614
N1.HOG0013398	CG13144
N1.HOG0013399	yrt
N1.HOG0013400	wash
N1.HOG0013401	Ciao1
N1.HOG0013402	DMAP1
N1.HOG0013403	CG13442
N1.HOG0013404	CG8777
N1.HOG0013405	CG12374
N1.HOG0013406	CG9436
N1.HOG0013407	Mob4
N1.HOG0013408	Rpp25
N1.HOG0013409	CG15908
N1.HOG0013410	Gr10a
N1.HOG0013411	Ehbp1
N1.HOG0013412	IFT54
N1.HOG0013413	pippin
N1.HOG0013414	pcs
N1.HOG0013415	CG16926
N1.HOG0013416	CG10257
N1.HOG0013417	CG8613
N1.HOG0013418	CG3548
N1.HOG0013419	san
N1.HOG0013420	CG10927
N1.HOG0013421	CG13148
N1.HOG0013422	CG12909
N1.HOG0013423	boca
N1.HOG0013424	CG3511
N1.HOG0013425	Start1
N1.HOG0013426	CG9646
N1.HOG0013427	NiPp1
N1.HOG0013428	Rgk3
N1.HOG0013429	reb
N1.HOG0013430	Rrp42
N1.HOG0013431	sug
N1.HOG0013433	CG6550
N1.HOG0013436	CG30291
N1.HOG0013438	mRpS16
N1.HOG0013439	eve
N1.HOG0013440	CG10914
N1.HOG0013441	CG34205
N1.HOG0013442	gom
N1.HOG0013443	eIF3b
N1.HOG0013444	Targ
N1.HOG0013445	hebe
N1.HOG0013446	CG12942
N1.HOG0013447	CG30373
N1.HOG0013448	Tmtc3
N1.HOG0013449	POSH
N1.HOG0013450	EbpIII
N1.HOG0013451	AIMP3
N1.HOG0013452	CG3906
N1.HOG0013453	CG13558
N1.HOG0013454	Trpm
N1.HOG0013455	CG13623
N1.HOG0013456	tara
N1.HOG0013457	sra
N1.HOG0013458	CG8925
N1.HOG0013459	CG17190
N1.HOG0013460	CG18473
N1.HOG0013461	PK1-R
N1.HOG0013462	Gclm
N1.HOG0013463	ncm
N1.HOG0013464	CG11030
N1.HOG0013465	HBS1
N1.HOG0013466	cbt
N1.HOG0013467	salr
N1.HOG0013468	spz4
N1.HOG0013469	CG17660
N1.HOG0013470	yellow-b
N1.HOG0013471	CG6739
N1.HOG0013472	Cyt-c-d
N1.HOG0013473	CG10336
N1.HOG0013474	betaggt-I
N1.HOG0013475	Cyp6u1
N1.HOG0013476	mim
N1.HOG0013477	Syn2
N1.HOG0013478	knon
N1.HOG0013479	CG11127
N1.HOG0013480	magu
N1.HOG0013481	MED9
N1.HOG0013482	Dgp-1
N1.HOG0013483	CG12926
N1.HOG0013484	Efhc1.2
N1.HOG0013485	CG12384
N1.HOG0013486	CG2121
N1.HOG0013487	CG12164
N1.HOG0013488	Poxn
N1.HOG0013489	CG2765
N1.HOG0013490	CG15861
N1.HOG0013491	Caf1-105
N1.HOG0013493	CG10428
N1.HOG0013494	Pdcd4
N1.HOG0013495	Cyp318a1
N1.HOG0013496	CG5966
N1.HOG0013497	EMC8-9
N1.HOG0013498	Socs16D
N1.HOG0013499	Dsk
N1.HOG0013500	Rad9
N1.HOG0013501	CG17233
N1.HOG0013502	CG13449
N1.HOG0013503	dop
N1.HOG0013505	Est-Q
N1.HOG0013506	Gbs-70E
N1.HOG0013507	TH1
N1.HOG0013508	Nep6
N1.HOG0013509	mRpL49
N1.HOG0013510	CG32945
N1.HOG0013511	CG14408
N1.HOG0013512	CG11581
N1.HOG0013513	CG1764
N1.HOG0013514	C901
N1.HOG0013515	CG43707
N1.HOG0013517	Hs2st
N1.HOG0013518	Snx17
N1.HOG0013519	CG13133
N1.HOG0013520	Grip75
N1.HOG0013521	Ppt2
N1.HOG0013522	Ns4
N1.HOG0013523	mRpS2
N1.HOG0013524	smog
N1.HOG0013525	Pex19
N1.HOG0013526	CG6712
N1.HOG0013527	CG31689
N1.HOG0013528	Cwc25
N1.HOG0013529	Mcr
N1.HOG0013530	CG9933
N1.HOG0013531	CG10333
N1.HOG0013532	gcm2
N1.HOG0013533	CG7239
N1.HOG0013534	Hakai
N1.HOG0013538	Mcm10
N1.HOG0013539	CG9008
N1.HOG0013540	CSN8
N1.HOG0013541	CG5885
N1.HOG0013542	Polr2I
N1.HOG0013543	CG5177
N1.HOG0013544	gek
N1.HOG0013547	snama
N1.HOG0013548	OtopLb
N1.HOG0013549	Rilpl
N1.HOG0013550	CG13361
N1.HOG0013551	CG15027
N1.HOG0013552	Dbct
N1.HOG0013553	AdamTS-B
N1.HOG0013554	PK2-R1
N1.HOG0013555	Top3beta
N1.HOG0013556	Osi20
N1.HOG0013557	Adgf-D
N1.HOG0013559	unk
N1.HOG0013560	Alg2
N1.HOG0013561	CG13026
N1.HOG0013562	CG13875
N1.HOG0013563	dpr20
N1.HOG0013564	CG7083
N1.HOG0013565	Culd
N1.HOG0013566	HP4
N1.HOG0013567	CG7201
N1.HOG0013568	RpS29
N1.HOG0013569	Nsun5
N1.HOG0013570	mRpL45
N1.HOG0013571	Ets96B
N1.HOG0013572	CG5805
N1.HOG0013573	CG8461
N1.HOG0013574	spas
N1.HOG0013576	euc
N1.HOG0013577	Mpc1
N1.HOG0013578	eIF4G2
N1.HOG0013579	CG15803
N1.HOG0013581	CG14245
N1.HOG0013582	CG12288
N1.HOG0013583	Ppox
N1.HOG0013584	CG33110
N1.HOG0013585	bond
N1.HOG0013586	CG13653
N1.HOG0013587	CG1273
N1.HOG0013588	Snx6
N1.HOG0013589	CG15531
N1.HOG0013590	CG13251
N1.HOG0013591	kni
N1.HOG0013593	cmb
N1.HOG0013594	CG31195
N1.HOG0013595	Lrrk
N1.HOG0013596	TfIIA-L
N1.HOG0013597	CG5938
N1.HOG0013598	Kaz
N1.HOG0013599	Saf-B
N1.HOG0013600	CG1074
N1.HOG0013601	Rassf
N1.HOG0013603	CG5382
N1.HOG0013604	Polr3F
N1.HOG0013605	Usp12-46
N1.HOG0013606	sro
N1.HOG0013607	l(3)L1231
N1.HOG0013608	Cad88C
N1.HOG0013609	pins
N1.HOG0013610	SPARC
N1.HOG0013611	Mitofilin
N1.HOG0013612	CG40160
N1.HOG0013613	CG3719
N1.HOG0013614	b6
N1.HOG0013616	Caper
N1.HOG0013617	b
N1.HOG0013618	mRpS23
N1.HOG0013619	CG15537
N1.HOG0013620	CG10435
N1.HOG0013621	Fbxl7
N1.HOG0013622	CG42808
N1.HOG0013623	CG15543
N1.HOG0013624	PH4alphaMP
N1.HOG0013625	spdo
N1.HOG0013626	CG15696
N1.HOG0013627	sosie
N1.HOG0013628	Nagk
N1.HOG0013629	Arl2
N1.HOG0013632	wap
N1.HOG0013634	Ykt6
N1.HOG0013635	CG14795
N1.HOG0013636	PGAP1
N1.HOG0013637	kermit
N1.HOG0013638	CG14752
N1.HOG0013639	CG3065
N1.HOG0013640	Drep2
N1.HOG0013641	stau
N1.HOG0013642	CG5084
N1.HOG0013643	tsu
N1.HOG0013644	CG8407
N1.HOG0013645	CG30269
N1.HOG0013647	Nmd3
N1.HOG0013648	CG15239
N1.HOG0013649	gd
N1.HOG0013650	Cyp311a1
N1.HOG0013651	GCC88
N1.HOG0013652	CG5973
N1.HOG0013653	CG13096
N1.HOG0013654	CG13097
N1.HOG0013655	Ser
N1.HOG0013656	CG10035
N1.HOG0013657	CG42795
N1.HOG0013658	Vps16B
N1.HOG0013659	Tat
N1.HOG0013660	bsh
N1.HOG0013661	Scp2
N1.HOG0013663	Bacc
N1.HOG0013664	Cln3
N1.HOG0013665	CG7906
N1.HOG0013666	htl
N1.HOG0013667	CG8630
N1.HOG0013668	GluProRS
N1.HOG0013670	CG3529
N1.HOG0013672	RpL7-like
N1.HOG0013673	JhI-21
N1.HOG0013674	CG10195
N1.HOG0013675	l(2)34Fd
N1.HOG0013676	GlcAT-S
N1.HOG0013677	DCTN5-p25
N1.HOG0013678	DIP-iota
N1.HOG0013679	Slmap
N1.HOG0013680	Tsp97E
N1.HOG0013681	beat-IV
N1.HOG0013682	CG3308
N1.HOG0013683	Idi
N1.HOG0013684	AP-2sigma
N1.HOG0013685	CG3337
N1.HOG0013686	CG13300
N1.HOG0013687	CG12713
N1.HOG0013688	lush
N1.HOG0013689	Toll-9
N1.HOG0013690	CG10984
N1.HOG0013691	Srp72
N1.HOG0013692	Pus1
N1.HOG0013693	fru
N1.HOG0013694	Mt2
N1.HOG0013695	Pph13
N1.HOG0013696	Ptth
N1.HOG0013697	CG7135
N1.HOG0013698	Mo25
N1.HOG0013699	CG13032
N1.HOG0013700	Lasp
N1.HOG0013704	Nipped-A
N1.HOG0013709	Fmo-1
N1.HOG0013710	zyd
N1.HOG0013711	CG13377
N1.HOG0013713	CG9673
N1.HOG0013714	tty
N1.HOG0013715	fz4
N1.HOG0013716	CG3009
N1.HOG0013717	Moca-cyp
N1.HOG0013718	CG13857
N1.HOG0013719	CG13856
N1.HOG0013720	Nop56
N1.HOG0013721	pinta
N1.HOG0013722	RASSF8
N1.HOG0013723	Pex13
N1.HOG0013724	CG15617
N1.HOG0013725	CG8303
N1.HOG0013726	CG34038
N1.HOG0013727	CG8298
N1.HOG0013728	Syngr
N1.HOG0013730	Cep89
N1.HOG0013731	CG13760
N1.HOG0013732	CG12496
N1.HOG0013733	GIIIspla2
N1.HOG0013734	CG4281
N1.HOG0013735	Mer
N1.HOG0013736	dpr14
N1.HOG0013737	CG17717
N1.HOG0013738	MAPk-Ak2
N1.HOG0013739	Npc1b
N1.HOG0013740	bif
N1.HOG0013741	CG6870
N1.HOG0013742	CG7556
N1.HOG0013743	CG8379
N1.HOG0013744	CG8369
N1.HOG0013745	msi
N1.HOG0013746	Mf
N1.HOG0013747	Manf
N1.HOG0013748	CG10311
N1.HOG0013749	Sbf
N1.HOG0013750	CG6791
N1.HOG0013751	CG14883
N1.HOG0013752	Sap30
N1.HOG0013753	jub
N1.HOG0013754	RhoGAP1A
N1.HOG0013755	Dhpr
N1.HOG0013756	CG6523
N1.HOG0013757	CG43737
N1.HOG0013758	CG12963
N1.HOG0013759	CG4116
N1.HOG0013760	CG9743
N1.HOG0013761	mRpL10
N1.HOG0013762	Shaw
N1.HOG0013763	ytr
N1.HOG0013764	CG14298
N1.HOG0013765	CG4882
N1.HOG0013766	rdo
N1.HOG0013767	COX5BL
N1.HOG0013768	Cluap1
N1.HOG0013769	dany
N1.HOG0013770	kuk
N1.HOG0013771	CG6891
N1.HOG0013772	CG13694
N1.HOG0013773	Send2,CG17234
N1.HOG0013774	CG11076
N1.HOG0013775	CG42809
N1.HOG0013776	Taf12L
N1.HOG0013777	CG13123
N1.HOG0013778	Mtr3
N1.HOG0013779	CG11437
N1.HOG0013780	CG14132
N1.HOG0013781	Nufip
N1.HOG0013782	cyc
N1.HOG0013783	Msr-110
N1.HOG0013784	Tasp1
N1.HOG0013785	CG5895
N1.HOG0013786	Notum
N1.HOG0013787	ergic53
N1.HOG0013788	CG12093
N1.HOG0013789	Gagr
N1.HOG0013790	fax
N1.HOG0013791	aos
N1.HOG0013792	vito
N1.HOG0013793	spz5
N1.HOG0013794	Prm
N1.HOG0013796	CG5989
N1.HOG0013797	CG9166
N1.HOG0013798	Mrtf
N1.HOG0013799	Non2
N1.HOG0013800	Ccz1
N1.HOG0013801	ida
N1.HOG0013802	Aprt
N1.HOG0013803	mthl9
N1.HOG0013804	smg
N1.HOG0013805	Fdx2
N1.HOG0013806	CG32100
N1.HOG0013807	scrt
N1.HOG0013808	Ist1
N1.HOG0013809	ple
N1.HOG0013810	CG6664
N1.HOG0013811	CG13074
N1.HOG0013812	mmm
N1.HOG0013813	CG15020
N1.HOG0013814	Pop5
N1.HOG0013815	scaf6
N1.HOG0013816	Srp68
N1.HOG0013818	ppl
N1.HOG0013819	CG12974
N1.HOG0013820	Gen
N1.HOG0013821	mRpS34
N1.HOG0013822	Trs20
N1.HOG0013823	ICA69
N1.HOG0013824	ru
N1.HOG0013825	cue
N1.HOG0013826	Teh2
N1.HOG0013827	tipE
N1.HOG0013828	CG15012
N1.HOG0013829	caup
N1.HOG0013830	CG10710
N1.HOG0013832	gdl
N1.HOG0013833	Toll-6
N1.HOG0013834	Gbeta76C
N1.HOG0013835	MESR6
N1.HOG0013836	CG14075
N1.HOG0013837	mRpL39
N1.HOG0013838	Dic61B
N1.HOG0013839	CG11658
N1.HOG0013840	Pex14
N1.HOG0013841	Six4
N1.HOG0013844	Klp31E
N1.HOG0013845	Rabex-5
N1.HOG0013846	CG10483
N1.HOG0013848	CG10357
N1.HOG0013849	Atg4a
N1.HOG0013850	CG11360
N1.HOG0013851	Zip89B
N1.HOG0013852	fd102C
N1.HOG0013853	anne
N1.HOG0013854	PlexB
N1.HOG0013855	PIP4K
N1.HOG0013858	kn
N1.HOG0013860	Patronin
N1.HOG0013861	strat
N1.HOG0013862	tkv
N1.HOG0013863	Atet
N1.HOG0013864	dbr
N1.HOG0013865	CG10431
N1.HOG0013866	Cpr11B
N1.HOG0013867	PGRP-LE
N1.HOG0013868	CG1572
N1.HOG0013869	sing
N1.HOG0013870	tup
N1.HOG0013871	Agpat1
N1.HOG0013872	CG1824
N1.HOG0013874	CG2147
N1.HOG0013875	CG12746
N1.HOG0013876	CG14314
N1.HOG0013877	Fur1
N1.HOG0013880	Gr8a
N1.HOG0013882	CG3156
N1.HOG0013883	CG13082
N1.HOG0013884	Datp
N1.HOG0013885	CG43333
N1.HOG0013886	zf30C
N1.HOG0013887	Taf11
N1.HOG0013888	Tsp29Fa
N1.HOG0013889	Cyp6t1
N1.HOG0013890	CG4891
N1.HOG0013891	Cyp303a1
N1.HOG0013892	GMF
N1.HOG0013893	Vps29
N1.HOG0013894	CG14339
N1.HOG0013895	CG6495
N1.HOG0013896	CG17124
N1.HOG0013897	ppk13
N1.HOG0013898	CG5001
N1.HOG0013899	Tsp2A
N1.HOG0013900	CG10075
N1.HOG0013901	CG14153
N1.HOG0013902	CG15544
N1.HOG0013903	Ccm3
N1.HOG0013904	CG9213
N1.HOG0013905	CG6656
N1.HOG0013906	CG31465
N1.HOG0013907	CG34347
N1.HOG0013908	CG8483
N1.HOG0013909	MED27
N1.HOG0013910	CG18622
N1.HOG0013911	Abd-B
N1.HOG0013912	CG1307
N1.HOG0013913	CG6195
N1.HOG0013914	MICU3
N1.HOG0013915	CG12173
N1.HOG0013916	ATPsynE
N1.HOG0013917	CG1544
N1.HOG0013918	stops
N1.HOG0013920	CG5880
N1.HOG0013921	CCAP
N1.HOG0013922	Trissin
N1.HOG0013923	Rh6
N1.HOG0013924	Ir7b
N1.HOG0013925	Sec15
N1.HOG0013926	Rab11
N1.HOG0013927	neur
N1.HOG0013928	CG14722
N1.HOG0013929	CG14866
N1.HOG0013930	Nab2
N1.HOG0013931	CG6142
N1.HOG0013932	E(spl)m3-HLH
N1.HOG0013933	E(spl)mbeta-HLH
N1.HOG0013934	by
N1.HOG0013935	CG14881
N1.HOG0013936	Ada
N1.HOG0013937	vilya
N1.HOG0013938	Smg6
N1.HOG0013939	IKKbeta
N1.HOG0013940	CG10264
N1.HOG0013941	CG14312
N1.HOG0013942	l(3)05822
N1.HOG0013943	RhoGAP92B
N1.HOG0013944	ninaE
N1.HOG0013945	Vha13
N1.HOG0013946	CG34138
N1.HOG0013947	Dl
N1.HOG0013948	CG10098
N1.HOG0013949	gbb
N1.HOG0013950	qkr58E-1
N1.HOG0013951	CG13575
N1.HOG0013952	dmpd
N1.HOG0013953	Mat1
N1.HOG0013956	CG7220
N1.HOG0013957	CG8726
N1.HOG0013958	CG8468
N1.HOG0013959	CG3776
N1.HOG0013960	Cpsf5
N1.HOG0013961	CNMaR
N1.HOG0013962	CG3552
N1.HOG0013963	CG7484
N1.HOG0013964	Obp73a
N1.HOG0013965	ND-SGDH
N1.HOG0013966	mv
N1.HOG0013967	myd
N1.HOG0013968	cry
N1.HOG0013969	prage
N1.HOG0013970	Ppt1
N1.HOG0013971	Reps
N1.HOG0013972	Rpp30
N1.HOG0013973	Lamtor3
N1.HOG0013974	CG5888
N1.HOG0013975	MFS18
N1.HOG0013976	Debcl
N1.HOG0013977	DCTN2-p50
N1.HOG0013978	Lrt
N1.HOG0013979	CG13437
N1.HOG0013980	Np
N1.HOG0013981	lms
N1.HOG0013982	qsm
N1.HOG0013983	cv-2
N1.HOG0013984	CG7848
N1.HOG0013985	Sdc
N1.HOG0013986	IntS8
N1.HOG0013987	phyl
N1.HOG0013989	CG30122
N1.HOG0013990	ND-19
N1.HOG0013991	SiaT
N1.HOG0013992	CG2063
N1.HOG0013993	CG11164
N1.HOG0013994	Sod3
N1.HOG0013995	T3dh
N1.HOG0013996	Vha36-2
N1.HOG0013997	CG11110
N1.HOG0013998	CG12848
N1.HOG0013999	spz6
N1.HOG0014001	fsd
N1.HOG0014002	Ugt317A1
N1.HOG0014003	ATPCL
N1.HOG0014006	Had2
N1.HOG0014007	ste24c
N1.HOG0014008	dila
N1.HOG0014009	CG17327
N1.HOG0014010	CG30398
N1.HOG0014011	MrgBP
N1.HOG0014012	CG8187
N1.HOG0014013	Cpr49Ah
N1.HOG0014014	Cpr49Af
N1.HOG0014015	sad
N1.HOG0014016	mthl5
N1.HOG0014017	Bin1
N1.HOG0014018	CG6006
N1.HOG0014019	Neurochondrin
N1.HOG0014020	PTPMT1
N1.HOG0014021	CG10365
N1.HOG0014022	CG15545
N1.HOG0014023	Cpr100A
N1.HOG0014024	CG5376
N1.HOG0014025	sac
N1.HOG0014026	CG4133
N1.HOG0014027	ChLD3
N1.HOG0014028	Tsen2
N1.HOG0014029	CG6299
N1.HOG0014031	CG8195
N1.HOG0014032	muskelin
N1.HOG0014033	MED23
N1.HOG0014034	Lst
N1.HOG0014035	CG30001
N1.HOG0014036	Cdc2rk
N1.HOG0014037	Dhit
N1.HOG0014038	CG12964
N1.HOG0014039	CG1902
N1.HOG0014040	CG30375
N1.HOG0014041	FANCI
N1.HOG0014042	CG4975
N1.HOG0014043	ETH
N1.HOG0014044	CG4607
N1.HOG0014046	CG9164
N1.HOG0014047	CG44325
N1.HOG0014048	CG3557
N1.HOG0014049	CG7857
N1.HOG0014050	CG9921
N1.HOG0014052	CG15347
N1.HOG0014053	CG6659
N1.HOG0014054	CG14327
N1.HOG0014055	CG9813
N1.HOG0014056	CG14100
N1.HOG0014057	CG17147
N1.HOG0014058	byn
N1.HOG0014059	CG34039
N1.HOG0014060	CG9628
N1.HOG0014061	Pex16
N1.HOG0014062	CG8128
N1.HOG0014063	CG34120
N1.HOG0014064	CG44774
N1.HOG0014065	CG32793
N1.HOG0014066	Arfrp1
N1.HOG0014067	Crag
N1.HOG0014068	sol
N1.HOG0014069	Art8
N1.HOG0014070	Nse4
N1.HOG0014071	lft
N1.HOG0014072	CG13282
N1.HOG0014073	CG31917
N1.HOG0014074	Snx1
N1.HOG0014075	Arpc5
N1.HOG0014076	Sfmbt
N1.HOG0014077	fok
N1.HOG0014078	CG7191
N1.HOG0014079	Polr1D
N1.HOG0014080	Sidpn
N1.HOG0014081	CG17294
N1.HOG0014084	CG13124
N1.HOG0014085	yip2
N1.HOG0014086	CG17855
N1.HOG0014087	snRNP-U1-70K
N1.HOG0014088	CG17652
N1.HOG0014089	CG31650
N1.HOG0014090	CG44001
N1.HOG0014091	senju
N1.HOG0014092	CG15429
N1.HOG0014093	CG32772
N1.HOG0014094	CG15773
N1.HOG0014095	CG10362
N1.HOG0014096	Osi24
N1.HOG0014097	Osi4
N1.HOG0014098	Osi17
N1.HOG0014099	ninaB
N1.HOG0014100	Ets98B
N1.HOG0014101	NitFhit
N1.HOG0014102	Srp19
N1.HOG0014103	CG12502
N1.HOG0014104	elg1
N1.HOG0014105	CG7182
N1.HOG0014106	MED24
N1.HOG0014107	tut
N1.HOG0014108	cert
N1.HOG0014109	insb
N1.HOG0014110	CG8611
N1.HOG0014111	Vha100-5
N1.HOG0014112	SMC1
N1.HOG0014113	CG7896
N1.HOG0014114	Whamy
N1.HOG0014115	CG11882
N1.HOG0014116	superdeath
N1.HOG0014117	Arl8
N1.HOG0014118	CG9986
N1.HOG0014119	side-IV
N1.HOG0014120	Phyhd1
N1.HOG0014121	CG7912
N1.HOG0014122	CG31064
N1.HOG0014123	dgt1
N1.HOG0014124	Smu1
N1.HOG0014125	Pli
N1.HOG0014126	CG34355
N1.HOG0014127	Vti1b
N1.HOG0014128	CG33331
N1.HOG0014129	CG3631
N1.HOG0014131	l(3)07882
N1.HOG0014132	Octbeta3R
N1.HOG0014133	Hug
N1.HOG0014134	CG11975
N1.HOG0014135	CIA30
N1.HOG0014136	Wdr24
N1.HOG0014137	CG31126
N1.HOG0014138	FBXO11
N1.HOG0014139	AdipoR
N1.HOG0014140	IntS3
N1.HOG0014141	CG12325
N1.HOG0014142	Mlc2
N1.HOG0014143	Bet5
N1.HOG0014144	CG6083
N1.HOG0014145	CG42322
N1.HOG0014146	Cpr92F
N1.HOG0014147	H
N1.HOG0014148	CG5808
N1.HOG0014149	CG34404
N1.HOG0014150	CG14650
N1.HOG0014151	Cow
N1.HOG0014152	flip
N1.HOG0014153	side
N1.HOG0014154	CG12885
N1.HOG0014155	Poxm
N1.HOG0014156	Rpt2
N1.HOG0014157	CG17121
N1.HOG0014158	Gr94a
N1.HOG0014159	CG5515
N1.HOG0014160	CG9636
N1.HOG0014161	IntS11
N1.HOG0014162	yata
N1.HOG0014163	CG10570
N1.HOG0014164	Wdr81
N1.HOG0014165	Aven
N1.HOG0014166	CG13392
N1.HOG0014167	ImpE3
N1.HOG0014168	Pbp95
N1.HOG0014169	Sap47
N1.HOG0014170	CG5455
N1.HOG0014171	CG15373
N1.HOG0014173	jdp
N1.HOG0014174	CG14853
N1.HOG0014175	PhKgamma
N1.HOG0014176	CG5541
N1.HOG0014177	Tmem63
N1.HOG0014178	Phm
N1.HOG0014179	wech
N1.HOG0014180	alc
N1.HOG0014181	ana
N1.HOG0014182	CG43326
N1.HOG0014183	O-fut2
N1.HOG0014184	CG13409
N1.HOG0014185	CG13603
N1.HOG0014186	Trs23
N1.HOG0014187	PIP82
N1.HOG0014188	mRpL51
N1.HOG0014189	slp2
N1.HOG0014190	CG12420
N1.HOG0014191	Timp
N1.HOG0014192	ca
N1.HOG0014193	CG42675
N1.HOG0014194	CG34149
N1.HOG0014195	Polr2J
N1.HOG0014196	Osi22
N1.HOG0014197	TrpA1
N1.HOG0014198	CG10211
N1.HOG0014201	Tektin-A
N1.HOG0014202	Edem2
N1.HOG0014203	CG15480
N1.HOG0014204	Pgant35A
N1.HOG0014205	Rab14
N1.HOG0014206	elB
N1.HOG0014207	CG9302
N1.HOG0014208	eya
N1.HOG0014209	Dpp10
N1.HOG0014210	CycK
N1.HOG0014211	Mco1
N1.HOG0014212	Art4
N1.HOG0014213	CG10301
N1.HOG0014214	lbe
N1.HOG0014215	Bulli
N1.HOG0014216	l(3)76BDm
N1.HOG0014217	PIG-F
N1.HOG0014218	CG9300
N1.HOG0014220	CG16953
N1.HOG0014221	CG4360
N1.HOG0014222	Galphaf
N1.HOG0014224	Sirt4
N1.HOG0014225	upd1
N1.HOG0014226	CG6106
N1.HOG0014227	Corp
N1.HOG0014228	CG8300
N1.HOG0014229	CG14442
N1.HOG0014230	CG14302
N1.HOG0014231	CG7714
N1.HOG0014232	VAChT
N1.HOG0014233	CG7706
N1.HOG0014234	CG2100
N1.HOG0014235	CG10208
N1.HOG0014236	kat-60L1
N1.HOG0014237	CG9393
N1.HOG0014238	CG5013
N1.HOG0014239	Bap170
N1.HOG0014240	Dp
N1.HOG0014242	CG8207
N1.HOG0014243	CG2841
N1.HOG0014244	Smox
N1.HOG0014245	CG7772
N1.HOG0014246	CG42237
N1.HOG0014247	CG15136
N1.HOG0014248	Rtc1
N1.HOG0014249	Fer1
N1.HOG0014250	prd1
N1.HOG0014252	CG14721
N1.HOG0014253	P58IPK
N1.HOG0014254	Vps45
N1.HOG0014255	mRpL22
N1.HOG0014256	CG5087
N1.HOG0014257	Vta1
N1.HOG0014258	CG13920
N1.HOG0014259	CG9815
N1.HOG0014260	CG14151
N1.HOG0014261	CG11617
N1.HOG0014262	CG17075
N1.HOG0014263	ec
N1.HOG0014264	CG18789
N1.HOG0014265	CG15525
N1.HOG0014266	Sox100B
N1.HOG0014267	peng
N1.HOG0014268	CG11356
N1.HOG0014269	Pdfr
N1.HOG0014270	CG3483
N1.HOG0014271	CG4949
N1.HOG0014272	nht
N1.HOG0014273	CG15170
N1.HOG0014274	ebd2
N1.HOG0014275	CG34462
N1.HOG0014276	Tim9a
N1.HOG0014277	kmg
N1.HOG0014278	CG3342
N1.HOG0014279	CG3294
N1.HOG0014280	CG15754
N1.HOG0014281	CG14457
N1.HOG0014282	CG34428
N1.HOG0014284	CG14107
N1.HOG0014285	Deaf1
N1.HOG0014286	S6kII
N1.HOG0014287	CG33229
N1.HOG0014288	Larp4B
N1.HOG0014289	CG32278
N1.HOG0014291	SH3PX1
N1.HOG0014292	st
N1.HOG0014293	croc
N1.HOG0014294	Syx7
N1.HOG0014295	CG12659
N1.HOG0014296	mRpS35
N1.HOG0014297	Zasp66
N1.HOG0014298	Tmhs
N1.HOG0014299	Srp9
N1.HOG0014300	CG1136
N1.HOG0014301	Smyd4-2
N1.HOG0014302	tow
N1.HOG0014303	Sh3beta
N1.HOG0014304	CG5644
N1.HOG0014306	Gdap1
N1.HOG0014307	Psf1
N1.HOG0014309	CG33060
N1.HOG0014310	Cpr72Ec
N1.HOG0014311	toe
N1.HOG0014312	Cpr62Bb
N1.HOG0014313	ens
N1.HOG0014314	Ctl1
N1.HOG0014315	CG4069
N1.HOG0014316	CG12355
N1.HOG0014317	CG32447
N1.HOG0014318	sNPF-R
N1.HOG0014320	CG6836
N1.HOG0014322	skl
N1.HOG0014323	Tsen34
N1.HOG0014324	spz3
N1.HOG0014325	CG15814
N1.HOG0014337	CaMKII
N1.HOG0014341	pho
N1.HOG0014343	tos
N1.HOG0014344	bdl
N1.HOG0014345	rho-6
N1.HOG0014346	CG15412
N1.HOG0014347	net
N1.HOG0014348	CG2750
N1.HOG0014350	CG3918
N1.HOG0014351	CG17321
N1.HOG0014352	CG3662
N1.HOG0014353	CG11885
N1.HOG0014354	dpr12
N1.HOG0014355	Lsm11
N1.HOG0014356	Hs3st-A
N1.HOG0014357	CG7747
N1.HOG0014358	pasi1
N1.HOG0014359	TyrR
N1.HOG0014360	ich
N1.HOG0014361	ksr
N1.HOG0014362	CG17270
N1.HOG0014363	MED17
N1.HOG0014364	CG7985
N1.HOG0014365	CG17163
N1.HOG0014366	CG8939
N1.HOG0014367	CG15043
N1.HOG0014373	CG5846
N1.HOG0014374	CG4709
N1.HOG0014375	CG5853
N1.HOG0014376	CG31710
N1.HOG0014377	heix
N1.HOG0014378	TBC1D23
N1.HOG0014379	IntS14
N1.HOG0014380	CG34136
N1.HOG0014382	Itgbn
N1.HOG0014383	CG42487
N1.HOG0014384	cindr
N1.HOG0014385	Ir93a
N1.HOG0014386	pHCl-2
N1.HOG0014387	Ace
N1.HOG0014388	CG2182
N1.HOG0014389	CG7432
N1.HOG0014390	Mrm2
N1.HOG0014391	CG11069
N1.HOG0014392	mah
N1.HOG0014393	tnc
N1.HOG0014394	RhoGAP100F
N1.HOG0014396	5-HT7
N1.HOG0014397	CG18766
N1.HOG0014398	CG5984
N1.HOG0014399	Lsd-1
N1.HOG0014400	CG31051
N1.HOG0014401	Ppn
N1.HOG0014402	mIF2
N1.HOG0014403	wge
N1.HOG0014404	HHEX
N1.HOG0014405	Tm2
N1.HOG0014406	CG8032
N1.HOG0014407	ninaG
N1.HOG0014408	CG14543
N1.HOG0014409	nAChRalpha2
N1.HOG0014410	CG18528
N1.HOG0014411	CG6154
N1.HOG0014412	Cipc
N1.HOG0014413	CG14551
N1.HOG0014414	E(spl)malpha-BFM
N1.HOG0014415	E(spl)mdelta-HLH
N1.HOG0014416	dpr9
N1.HOG0014417	p
N1.HOG0014418	mRpS18A
N1.HOG0014419	SppL
N1.HOG0014420	boss
N1.HOG0014421	thw
N1.HOG0014422	EMC6
N1.HOG0014424	CG11999
N1.HOG0014427	CG1161
N1.HOG0014428	hd
N1.HOG0014429	pnr
N1.HOG0014430	CG4770
N1.HOG0014432	CG14280
N1.HOG0014433	ave
N1.HOG0014434	mAChR-A
N1.HOG0014436	CG13332
N1.HOG0014437	Loxl2
N1.HOG0014438	CG6472
N1.HOG0014439	CG15614
N1.HOG0014440	mms4
N1.HOG0014442	Ih
N1.HOG0014444	CG13926
N1.HOG0014445	CG13928
N1.HOG0014446	CG13724
N1.HOG0014448	Blos2
N1.HOG0014449	CG6310
N1.HOG0014450	Dtwd2
N1.HOG0014451	vib
N1.HOG0014452	trem
N1.HOG0014453	OtopLa
N1.HOG0014454	CG9705
N1.HOG0014455	ninaA
N1.HOG0014456	CG5131
N1.HOG0014457	fws
N1.HOG0014458	CG12056
N1.HOG0014459	Snx3
N1.HOG0014460	CG13196
N1.HOG0014461	Opbp
N1.HOG0014462	CG11159
N1.HOG0014463	CG8170
N1.HOG0014464	flz
N1.HOG0014465	CG15236
N1.HOG0014466	CG3420
N1.HOG0014467	Obp50e
N1.HOG0014468	Dh44-R1
N1.HOG0014469	CG17994
N1.HOG0014470	Fen1
N1.HOG0014471	CG5532
N1.HOG0014472	CG11257
N1.HOG0014473	mrj
N1.HOG0014474	Ctf4
N1.HOG0014475	Ric
N1.HOG0014476	Or49b
N1.HOG0014477	CG13594
N1.HOG0014478	HLH54F
N1.HOG0014479	TpnC41C
N1.HOG0014480	blow
N1.HOG0014481	CG4612
N1.HOG0014482	so
N1.HOG0014483	CG8401
N1.HOG0014484	Zip48C
N1.HOG0014485	l(2)k01209
N1.HOG0014486	Vajk4
N1.HOG0014487	Pdk
N1.HOG0014488	RYBP
N1.HOG0014489	PIG-O
N1.HOG0014490	CG8736
N1.HOG0014491	Mpcp1
N1.HOG0014492	Magi
N1.HOG0014493	CG8243
N1.HOG0014494	mi
N1.HOG0014495	RabX1
N1.HOG0014496	CG13618
N1.HOG0014497	CG6607
N1.HOG0014498	Fer2
N1.HOG0014499	eIF3d2
N1.HOG0014500	CG4702
N1.HOG0014501	dpr11
N1.HOG0014502	CG13631
N1.HOG0014503	140up
N1.HOG0014504	Abi
N1.HOG0014505	cd
N1.HOG0014506	CG8034
N1.HOG0014507	grnd
N1.HOG0014508	CG10283
N1.HOG0014509	Snx21
N1.HOG0014510	CG13108
N1.HOG0014511	CG8679
N1.HOG0014512	CG13692
N1.HOG0014513	Osi21
N1.HOG0014514	Rim2
N1.HOG0014515	CG10376
N1.HOG0014516	CG4945
N1.HOG0014518	Xpac
N1.HOG0014520	CG30377
N1.HOG0014521	CG12159
N1.HOG0014522	Hil
N1.HOG0014523	Gnptab
N1.HOG0014524	Syx6
N1.HOG0014525	CG3257
N1.HOG0014526	olf186-M
N1.HOG0014527	TTLL12
N1.HOG0014528	CG9864
N1.HOG0014529	Obp56c
N1.HOG0014530	Sobp
N1.HOG0014531	CG34115
N1.HOG0014532	CG13531
N1.HOG0014533	CG11777
N1.HOG0014534	CG15651
N1.HOG0014535	mRpL28
N1.HOG0014536	CG15465
N1.HOG0014538	CG3823
N1.HOG0014539	CG3546
N1.HOG0014540	esc
N1.HOG0014541	CG5641
N1.HOG0014542	mTerf3
N1.HOG0014543	viaf
N1.HOG0014544	CG14105
N1.HOG0014545	Lk
N1.HOG0014547	shd
N1.HOG0014548	CG4042
N1.HOG0014549	S
N1.HOG0014550	CG4661
N1.HOG0014553	PIG-T
N1.HOG0014554	CG9386
N1.HOG0014555	crm
N1.HOG0014556	Inx7
N1.HOG0014557	CG8745
N1.HOG0014558	CG14223
N1.HOG0014559	Ripalpha
N1.HOG0014560	TBC1D16
N1.HOG0014561	holn1
N1.HOG0014562	CG12517
N1.HOG0014563	phr6-4
N1.HOG0014564	vari
N1.HOG0014565	prd
N1.HOG0014567	Bsg
N1.HOG0014568	CG3793
N1.HOG0014569	CG9175
N1.HOG0014570	Rab9
N1.HOG0014571	Kua
N1.HOG0014572	Pmvk
N1.HOG0014573	CG14921
N1.HOG0014574	hgo
N1.HOG0014575	kek1
N1.HOG0014576	tio
N1.HOG0014577	Oatp26F
N1.HOG0014578	Nlg2
N1.HOG0014579	Rh5
N1.HOG0014580	wg
N1.HOG0014581	CG5149
N1.HOG0014582	CG3038
N1.HOG0014583	Cyp4ae1
N1.HOG0014584	side-III
N1.HOG0014585	Osi3
N1.HOG0014588	SmD2
N1.HOG0014598	CG14367
N1.HOG0014599	CG14834
N1.HOG0014600	CG5157
N1.HOG0014601	CG11593
N1.HOG0014602	CG15747
N1.HOG0014603	CG42749
N1.HOG0014605	Mlc1
N1.HOG0014606	CG7903
N1.HOG0014607	Sas-6
N1.HOG0014608	Naa80
N1.HOG0014609	puc
N1.HOG0014610	CG9667
N1.HOG0014611	Root
N1.HOG0014613	danr
N1.HOG0014614	Bili
N1.HOG0014615	NP15.6
N1.HOG0014616	CG7675
N1.HOG0014617	CG14285
N1.HOG0014619	Spase12
N1.HOG0014620	Dr
N1.HOG0014621	CG15506
N1.HOG0014622	Wsck
N1.HOG0014623	tsg
N1.HOG0014624	Rbpn-5
N1.HOG0014625	Ocho
N1.HOG0014626	CG33263
N1.HOG0014627	CG1815
N1.HOG0014628	RabX4
N1.HOG0014629	Ublcp1
N1.HOG0014630	Vps24
N1.HOG0014631	CG3505
N1.HOG0014632	Prp39
N1.HOG0014633	kay
N1.HOG0014634	CG12054
N1.HOG0014635	CG5611
N1.HOG0014637	Cchl
N1.HOG0014638	Bka
N1.HOG0014639	CG32645
N1.HOG0014640	Tsp42Eg
N1.HOG0014641	up
N1.HOG0014642	CG14238
N1.HOG0014643	Pfrx
N1.HOG0014644	CG2246
N1.HOG0014645	CG9795
N1.HOG0014646	CG12948
N1.HOG0014647	CG14621
N1.HOG0014648	CG2680
N1.HOG0014649	CG8314
N1.HOG0014650	mRpS17
N1.HOG0014651	Vps28
N1.HOG0014652	CG8046
N1.HOG0014653	CG1620
N1.HOG0014654	CG10910
N1.HOG0014655	spab
N1.HOG0014656	E5
N1.HOG0014657	Uvrag
N1.HOG0014658	CG17187
N1.HOG0014659	CG2818
N1.HOG0014660	CG5958
N1.HOG0014661	gt
N1.HOG0014662	Dh31
N1.HOG0014663	slp1
N1.HOG0014664	Scgdelta
N1.HOG0014665	CG13721
N1.HOG0014666	Tie
N1.HOG0014667	CG10979
N1.HOG0014669	l(3)87Df
N1.HOG0014670	CarT
N1.HOG0014671	cass
N1.HOG0014672	mRpL40
N1.HOG0014673	mRpL12
N1.HOG0014674	Rab3-GAP
N1.HOG0014675	CG10026
N1.HOG0014676	Drep4
N1.HOG0014677	Tap42
N1.HOG0014678	CG7099
N1.HOG0014679	Pax
N1.HOG0014680	nau
N1.HOG0014681	tin
N1.HOG0014683	Best2
N1.HOG0014684	CG10657
N1.HOG0014685	GXIVsPLA2
N1.HOG0014686	CG9368
N1.HOG0014687	CG6216
N1.HOG0014688	Ptp69D
N1.HOG0014689	Csl4
N1.HOG0014690	zetaCOP
N1.HOG0014691	Galphas
N1.HOG0014695	brn
N1.HOG0014697	kairos
N1.HOG0014698	CrebB
N1.HOG0014699	m-cup
N1.HOG0014700	X11Lbeta
N1.HOG0014701	jagn
N1.HOG0014702	jigr1
N1.HOG0014703	CG18568
N1.HOG0014704	CysRS-m
N1.HOG0014705	CG11141
N1.HOG0014706	CG14591
N1.HOG0014707	Alk
N1.HOG0014708	CG12343
N1.HOG0014709	CG10936
N1.HOG0014710	CG12863
N1.HOG0014711	CG8963
N1.HOG0014712	CG18262
N1.HOG0014713	CG9095
N1.HOG0014714	CG4301
N1.HOG0014715	Cngl
N1.HOG0014716	Fcp3C
N1.HOG0014717	mAChR-C
N1.HOG0014718	Cht11
N1.HOG0014719	sbm
N1.HOG0014720	CG10055
N1.HOG0014727	CG10005
N1.HOG0014731	Lcch3
N1.HOG0014733	Rubicon
N1.HOG0014734	sog
N1.HOG0014735	v
N1.HOG0014736	Sf3b6
N1.HOG0014737	CG2918
N1.HOG0014738	wrapper
N1.HOG0014739	opm
N1.HOG0014741	SmydA-3
N1.HOG0014742	Acbp2
N1.HOG0014743	CG8245
N1.HOG0014744	CG13005
N1.HOG0014745	CG2129
N1.HOG0014746	CG7778
N1.HOG0014747	CG4502
N1.HOG0014748	CG14780
N1.HOG0014749	wuho
N1.HOG0014750	CG34188,CG30472
N1.HOG0014751	CG10405
N1.HOG0014752	mRpS18B
N1.HOG0014753	CG5968
N1.HOG0014754	CG12971
N1.HOG0014756	CG13428
N1.HOG0014757	AnxB11
N1.HOG0014758	CG31360
N1.HOG0014759	Tsp74F
N1.HOG0014761	CG34454
N1.HOG0014762	bc10
N1.HOG0014763	CG8641
N1.HOG0014764	Tsen54
N1.HOG0014765	CG11529
N1.HOG0014767	Cp18
N1.HOG0014768	Cpr66D
N1.HOG0014769	CG12229
N1.HOG0014770	mRpL46
N1.HOG0014772	dsb
N1.HOG0014773	Galk
N1.HOG0014774	Faa
N1.HOG0014775	Polr3E
N1.HOG0014776	Lmx1a
N1.HOG0014778	CG32280
N1.HOG0014779	CG10584
N1.HOG0014780	Urm1
N1.HOG0014783	Sbp2
N1.HOG0014784	Cpsf6
N1.HOG0014785	CG11350
N1.HOG0014786	Strip
N1.HOG0014787	CG13314
N1.HOG0014788	CG10508
N1.HOG0014789	CG10646
N1.HOG0014790	GV1
N1.HOG0014791	CG34382
N1.HOG0014793	mRpS6
N1.HOG0014794	Akh
N1.HOG0014795	Teh3
N1.HOG0014796	CG14569
N1.HOG0014797	CG14187
N1.HOG0014798	CG3698
N1.HOG0014799	CG4858
N1.HOG0014800	Zasp67
N1.HOG0014802	PolE2
N1.HOG0014803	bcn92
N1.HOG0014804	Actbeta
N1.HOG0014805	Cals
N1.HOG0014806	Slip1
N1.HOG0014807	tutl
N1.HOG0014810	CG7943
N1.HOG0014811	MFS14
N1.HOG0014812	Acbp1
N1.HOG0014813	TyrRII
N1.HOG0014814	CG31100
N1.HOG0014815	CG17159
N1.HOG0014816	Ilp7
N1.HOG0014817	ArgRS
N1.HOG0014818	COX6B
N1.HOG0014821	CG42558
N1.HOG0014822	CG12121
N1.HOG0014823	CG12994
N1.HOG0014824	CG10555
N1.HOG0014825	CG13126
N1.HOG0014826	CIAPIN1
N1.HOG0014827	CG8813
N1.HOG0014828	Mnn1
N1.HOG0014829	mRpL16
N1.HOG0014830	CG12398
N1.HOG0014831	Cpr65Au
N1.HOG0014832	Polr2L
N1.HOG0014833	CG31910
N1.HOG0014834	CG13639
N1.HOG0014836	org-1
N1.HOG0014837	CG4467
N1.HOG0014838	CG1113
N1.HOG0014839	ssh
N1.HOG0014840	CG15522
N1.HOG0014841	Capa
N1.HOG0014842	CG14257
N1.HOG0014843	CG31463
N1.HOG0014844	Dtg
N1.HOG0014845	Lk6
N1.HOG0014846	wkd
N1.HOG0014847	CG32119
N1.HOG0014848	CG5281
N1.HOG0014849	dpr5
N1.HOG0014850	Arc42
N1.HOG0014851	CG6005
N1.HOG0014852	beta4GalT7
N1.HOG0014853	Lgr1
N1.HOG0014854	E2f1
N1.HOG0014855	Rheb
N1.HOG0014856	Xe7
N1.HOG0014857	Surf6
N1.HOG0014859	CG7142
N1.HOG0014860	Leash
N1.HOG0014861	su(w[a])
N1.HOG0014862	Cht8
N1.HOG0014863	Opa1
N1.HOG0014864	Snrk
N1.HOG0014865	conv
N1.HOG0014866	PIP5K59B
N1.HOG0014867	BBS1
N1.HOG0014868	sty
N1.HOG0014869	Ids
N1.HOG0014870	Cyp6v1
N1.HOG0014871	run
N1.HOG0014872	CG11693
N1.HOG0014873	Pi3K21B
N1.HOG0014874	Idua
N1.HOG0014875	CG31678
N1.HOG0014876	Buffy
N1.HOG0014877	Cib2
N1.HOG0014878	Achl
N1.HOG0014879	CG5543
N1.HOG0014880	CG8441
N1.HOG0014881	Tcs1
N1.HOG0014882	CG13319
N1.HOG0014883	CG8320
N1.HOG0014884	CG9143
N1.HOG0014885	Blos1
N1.HOG0014886	ktub
N1.HOG0014887	CG7488
N1.HOG0014888	CG8192
N1.HOG0014889	eIF2Bgamma
N1.HOG0014890	CG13154
N1.HOG0014891	Hex-C
N1.HOG0014892	Sb
N1.HOG0014893	Glt
N1.HOG0014894	Cyp4c3
N1.HOG0014895	CG14356
N1.HOG0014896	CG4872
N1.HOG0014897	CG14275
N1.HOG0014898	CG12116
N1.HOG0014899	tai
N1.HOG0014900	BBS8
N1.HOG0014901	CG33695
N1.HOG0014902	jet
N1.HOG0014903	CG30158
N1.HOG0014904	jtb
N1.HOG0014905	CG42382
N1.HOG0014906	CG9084
N1.HOG0014907	en
N1.HOG0014908	mlt
N1.HOG0014909	CG30338
N1.HOG0014910	Kr
N1.HOG0014911	Tsp68C
N1.HOG0014912	Cyp49a1
N1.HOG0014913	trsn
N1.HOG0014914	CG3594
N1.HOG0014915	CG14644
N1.HOG0014917	BNIP3
N1.HOG0014918	SCCRO4
N1.HOG0014919	Cpr76Bd
N1.HOG0014920	sens
N1.HOG0014921	Gos28
N1.HOG0014922	CG10802
N1.HOG0014923	CG14423
N1.HOG0014924	tth
N1.HOG0014925	CG31496
N1.HOG0014926	CG31759
N1.HOG0014927	CG14194
N1.HOG0014928	CG11699
N1.HOG0014929	Kmn1
N1.HOG0014930	Reph
N1.HOG0014931	CG34159
N1.HOG0014932	obst-B
N1.HOG0014933	Wdfy2
N1.HOG0014934	CG15130
N1.HOG0014935	Mgat3
N1.HOG0014936	CG9932
N1.HOG0014937	Hydr2
N1.HOG0014938	CG15475
N1.HOG0014939	CG4751
N1.HOG0014941	CG10561
N1.HOG0014942	CG3104
N1.HOG0014943	CG42367
N1.HOG0014944	Galt
N1.HOG0014945	CG7461
N1.HOG0014946	qtc
N1.HOG0014947	CG8206
N1.HOG0014948	vnd
N1.HOG0014949	CG42353
N1.HOG0014950	Gasp
N1.HOG0014951	Osi7
N1.HOG0014952	CG9288
N1.HOG0014953	Cht5
N1.HOG0014954	hh
N1.HOG0014955	Invadolysin
N1.HOG0014956	l(3)72Dn
N1.HOG0014957	CG6683
N1.HOG0014958	CG8768
N1.HOG0014959	Ccdc85
N1.HOG0014960	CG7856
N1.HOG0014961	CG18428
N1.HOG0014962	PGS1
N1.HOG0014963	CG2310
N1.HOG0014965	CG31125
N1.HOG0014966	CG32750
N1.HOG0014967	CG8349
N1.HOG0014968	eg
N1.HOG0014969	Tom
N1.HOG0014970	Arl1
N1.HOG0014971	CG17672
N1.HOG0014972	btd
N1.HOG0014973	CG4374
N1.HOG0014974	CG34150
N1.HOG0014975	CG9804
N1.HOG0014976	CG17111
N1.HOG0014978	CG8675
N1.HOG0014979	Dad1
N1.HOG0014980	CG13398
N1.HOG0014981	CG10132
N1.HOG0014982	PolG2
N1.HOG0014983	CG6013
N1.HOG0014984	plum
N1.HOG0014985	PH4alphaNE1
N1.HOG0014986	Hex-A
N1.HOG0014987	elav
N1.HOG0014988	ND-B18
N1.HOG0014989	CG42449
N1.HOG0014990	IntS4
N1.HOG0014991	CG13739
N1.HOG0014993	GstE14
N1.HOG0014994	CG13743
N1.HOG0014995	CG30196
N1.HOG0014996	how
N1.HOG0014998	CG12814
N1.HOG0014999	CG13720
N1.HOG0015000	CG10345
N1.HOG0015001	Paip2
N1.HOG0015002	HemK2
N1.HOG0015003	CG13708
N1.HOG0015004	CG18094
N1.HOG0015005	CG9044
N1.HOG0015006	mira
N1.HOG0015007	Scgbeta
N1.HOG0015008	C15
N1.HOG0015009	Bet3
N1.HOG0015010	CG32095
N1.HOG0015011	Las
N1.HOG0015012	CRIF
N1.HOG0015013	CG6294
N1.HOG0015014	Su(P)
N1.HOG0015015	CG15209
N1.HOG0015016	Cdc7
N1.HOG0015017	CG3198
N1.HOG0015018	Ldsdh1
N1.HOG0015019	Septin4
N1.HOG0015020	spoon
N1.HOG0015021	CG14440
N1.HOG0015022	Muc91C
N1.HOG0015023	Mur89F
N1.HOG0015024	CG31418,CG31419
N1.HOG0015025	CG3857
N1.HOG0015026	CG1537
N1.HOG0015027	Vkor
N1.HOG0015028	CG9308
N1.HOG0015029	gsb
N1.HOG0015030	CG8888
N1.HOG0015031	Rgk2
N1.HOG0015032	CG1850
N1.HOG0015033	CG32708
N1.HOG0015034	FarO
N1.HOG0015035	Pvf1
N1.HOG0015037	CG8134
N1.HOG0015038	Alms1b,Alms1a
N1.HOG0015039	CG4582
N1.HOG0015040	cDIP
N1.HOG0015041	CG7991
N1.HOG0015042	CG13919
N1.HOG0015043	unc-119
N1.HOG0015044	ubl
N1.HOG0015045	CG13751
N1.HOG0015046	robl
N1.HOG0015047	Vlet
N1.HOG0015048	CG6431
N1.HOG0015049	CG13578
N1.HOG0015050	CG15554
N1.HOG0015051	B9d1
N1.HOG0015052	CG11382
N1.HOG0015053	pon
N1.HOG0015054	CG31712
N1.HOG0015056	CG12344
N1.HOG0015057	CG34125
N1.HOG0015058	Scox
N1.HOG0015059	CG3191
N1.HOG0015060	frma
N1.HOG0015061	fz3
N1.HOG0015062	CG7407
N1.HOG0015063	CG14102
N1.HOG0015064	CG5866
N1.HOG0015065	CG14300
N1.HOG0015066	CG17732
N1.HOG0015067	CG31848
N1.HOG0015068	CG12984
N1.HOG0015069	CG4783
N1.HOG0015070	CG4480
N1.HOG0015071	CG17839
N1.HOG0015072	Ccdc56
N1.HOG0015073	Cpr67Fb
N1.HOG0015074	Gr64b
N1.HOG0015075	Coq4
N1.HOG0015076	tap
N1.HOG0015077	Cip4
N1.HOG0015078	Cht2
N1.HOG0015079	Pdp1
N1.HOG0015080	CG14174
N1.HOG0015081	CG14949
N1.HOG0015082	mRpL14
N1.HOG0015083	Zn72D
N1.HOG0015084	CG8543
N1.HOG0015085	CG15021
N1.HOG0015086	Apc2
N1.HOG0015087	miple2
N1.HOG0015088	Hsc20
N1.HOG0015089	CG4962
N1.HOG0015090	eyg
N1.HOG0015091	CG10479
N1.HOG0015093	Chd64
N1.HOG0015095	CG11583
N1.HOG0015097	CG10738
N1.HOG0015098	CG14565
N1.HOG0015099	CG14568
N1.HOG0015100	Cpr78E
N1.HOG0015101	ORMDL
N1.HOG0015102	rpr
N1.HOG0015103	hid
N1.HOG0015104	CG13699
N1.HOG0015105	CG7330
N1.HOG0015106	Sytbeta
N1.HOG0015107	sstn
N1.HOG0015108	mRpL24
N1.HOG0015109	CG12025
N1.HOG0015110	mthl14
N1.HOG0015111	CG14411
N1.HOG0015112	hec
N1.HOG0015113	apolpp
N1.HOG0015114	CG4238
N1.HOG0015115	c-cup
N1.HOG0015116	CG14627
N1.HOG0015117	CG14770
N1.HOG0015118	CG17778
N1.HOG0015119	Dh44-R2
N1.HOG0015120	CG30100
N1.HOG0015121	CG6414
N1.HOG0015124	Sf3b5
N1.HOG0015125	Actn
N1.HOG0015126	pod1
N1.HOG0015127	CG8568
N1.HOG0015128	CG18095
N1.HOG0015129	Obp19a
N1.HOG0015130	Atx2
N1.HOG0015131	CG34148
N1.HOG0015132	CG14301
N1.HOG0015133	Pxd
N1.HOG0015134	Vps37B
N1.HOG0015135	Ir100a
N1.HOG0015136	NK7.1
N1.HOG0015137	Cpr97Ea
N1.HOG0015139	CG10375
N1.HOG0015140	CG32631
N1.HOG0015142	Zip88E
N1.HOG0015143	hng2
N1.HOG0015144	dysf
N1.HOG0015145	CG11760
N1.HOG0015147	CG10621
N1.HOG0015148	CG31344
N1.HOG0015149	Rlb1
N1.HOG0015150	Xport-A
N1.HOG0015151	CG11626
N1.HOG0015152	fd59A
N1.HOG0015153	CG13532
N1.HOG0015154	unc-5
N1.HOG0015155	CG42540
N1.HOG0015156	Gug
N1.HOG0015157	Amnionless
N1.HOG0015158	brun
N1.HOG0015159	CG3277
N1.HOG0015165	SpdS
N1.HOG0015168	Tsf3
N1.HOG0015169	Dek
N1.HOG0015170	ND-MWFE
N1.HOG0015171	Tsp47F
N1.HOG0015172	mRpS28
N1.HOG0015173	Corin
N1.HOG0015174	CG30120
N1.HOG0015175	cnk
N1.HOG0015176	Ufc1
N1.HOG0015178	Listericin
N1.HOG0015180	CG5697
N1.HOG0015181	ppk17
N1.HOG0015182	ac
N1.HOG0015183	fj
N1.HOG0015184	hig
N1.HOG0015185	mRpL42
N1.HOG0015186	CG34217
N1.HOG0015187	Fkbp14
N1.HOG0015188	CG9003
N1.HOG0015189	Tbce
N1.HOG0015190	Crys
N1.HOG0015191	CG13689
N1.HOG0015192	CG13458
N1.HOG0015193	CG6931
N1.HOG0015196	CG9279
N1.HOG0015197	CG17032
N1.HOG0015198	Pitslre
N1.HOG0015199	CG14424
N1.HOG0015200	Syx4
N1.HOG0015201	CG14427
N1.HOG0015202	CG32187
N1.HOG0015203	a6
N1.HOG0015205	Pur-alpha
N1.HOG0015208	Hacd2
N1.HOG0015210	STUB1
N1.HOG0015211	SmB
N1.HOG0015212	Nipped-B
N1.HOG0015213	CG5790
N1.HOG0015215	mon2
N1.HOG0015216	l(2)37Bb
N1.HOG0015217	CG13390
N1.HOG0015218	CG4496
N1.HOG0015219	CG5096
N1.HOG0015220	CG44000
N1.HOG0015221	CG18641
N1.HOG0015222	Stim
N1.HOG0015223	CG7884
N1.HOG0015224	CG7990
N1.HOG0015225	CG33178
N1.HOG0015226	CG15765
N1.HOG0015227	Obp83cd
N1.HOG0015228	Osi19
N1.HOG0015229	loj
N1.HOG0015230	Cht7
N1.HOG0015231	mus312
N1.HOG0015232	CG3630
N1.HOG0015233	CG11151
N1.HOG0015234	Mesh1
N1.HOG0015235	CG14511
N1.HOG0015239	CG42727
N1.HOG0015240	CG42726
N1.HOG0015241	CG18731
N1.HOG0015242	ps
N1.HOG0015243	bigmax
N1.HOG0015245	CG15536
N1.HOG0015246	CG31279
N1.HOG0015247	COX7A
N1.HOG0015249	chm
N1.HOG0015250	mus201
N1.HOG0015252	Atg14
N1.HOG0015253	CG33098
N1.HOG0015254	CG9263
N1.HOG0015255	Grd
N1.HOG0015256	ss
N1.HOG0015257	phol
N1.HOG0015258	psd
N1.HOG0015259	CG13243
N1.HOG0015260	Ku80
N1.HOG0015261	CG40191
N1.HOG0015262	Cp38
N1.HOG0015263	Cp36
N1.HOG0015264	Ythdf
N1.HOG0015266	Nf-YA
N1.HOG0015267	CG10907
N1.HOG0015268	trbl
N1.HOG0015269	CG15211
N1.HOG0015270	fend
N1.HOG0015271	CG2812
N1.HOG0015272	Fas2
N1.HOG0015273	shf
N1.HOG0015274	CG1632
N1.HOG0015275	Ass
N1.HOG0015277	CG15203
N1.HOG0015278	CG15605
N1.HOG0015279	CG13018
N1.HOG0015280	Nach
N1.HOG0015282	otk2
N1.HOG0015284	wcy
N1.HOG0015285	CG15202
N1.HOG0015286	Lamtor5
N1.HOG0015287	ase
N1.HOG0015288	Hr83
N1.HOG0015290	Sdhaf3
N1.HOG0015291	SmydA-1
N1.HOG0015292	CG1662
N1.HOG0015293	CCHa2
N1.HOG0015294	CG14711
N1.HOG0015295	CG14131
N1.HOG0015298	CG14715
N1.HOG0015299	CG12498
N1.HOG0015300	Cp15
N1.HOG0015301	hoe2
N1.HOG0015302	Marcal1
N1.HOG0015303	CG18269
N1.HOG0015305	CG13700
N1.HOG0015306	CG13810
N1.HOG0015307	Kaz1-ORFB
N1.HOG0015308	CG12674
N1.HOG0015309	CG17477
N1.HOG0015311	CG14963
N1.HOG0015312	CG13933
N1.HOG0015313	RabX5
N1.HOG0015314	CG3288
N1.HOG0015315	CG5280
N1.HOG0015316	Naa60
N1.HOG0015317	CG1143
N1.HOG0015318	CG1246
N1.HOG0015319	CG12607
N1.HOG0015320	BORCS7
N1.HOG0015321	CG4597
N1.HOG0015322	CG10654
N1.HOG0015323	CNMa
N1.HOG0015324	CG16959
N1.HOG0015325	Spt20
N1.HOG0015326	CG13455
N1.HOG0015327	CG14570
N1.HOG0015328	CG14185
N1.HOG0015329	tey
N1.HOG0015330	CG10591
N1.HOG0015331	grim
N1.HOG0015332	CG7341
N1.HOG0015333	Septin1
N1.HOG0015338	hui
N1.HOG0015339	Polr1B
N1.HOG0015340	List
N1.HOG0015341	CG14671
N1.HOG0015342	CG4553
N1.HOG0015343	CG31871
N1.HOG0015344	CG31676
N1.HOG0015345	CG15927
N1.HOG0015346	kud
N1.HOG0015347	CG10589
N1.HOG0015348	CG14304
N1.HOG0015349	CG14253
N1.HOG0015350	amon
N1.HOG0015351	CG31323
N1.HOG0015352	CG18599
N1.HOG0015353	CG5948
N1.HOG0015354	CG6959
N1.HOG0015355	CG18268
N1.HOG0015357	CG8547
N1.HOG0015358	Phk-3
N1.HOG0015359	CG3408
N1.HOG0015360	Cyp40
N1.HOG0015362	insc
N1.HOG0015363	sktl
N1.HOG0015365	CG8740
N1.HOG0015366	CG44251
N1.HOG0015367	Cbp53E
N1.HOG0015368	CG43324
N1.HOG0015369	RpL12
N1.HOG0015370	Mvk
N1.HOG0015371	CG6126
N1.HOG0015372	CG8927
N1.HOG0015373	CG3916
N1.HOG0015374	CG15547
N1.HOG0015375	CG15546
N1.HOG0015376	CG4610
N1.HOG0015377	CG10343
N1.HOG0015378	Sesn
N1.HOG0015380	CG33680
N1.HOG0015382	Tbh
N1.HOG0015383	CG9919
N1.HOG0015384	RSG7
N1.HOG0015385	obst-A
N1.HOG0015386	Rip11
N1.HOG0015387	escl
N1.HOG0015388	Cpr76Bc
N1.HOG0015389	Papss
N1.HOG0015390	bou
N1.HOG0015391	amos
N1.HOG0015392	CG9981
N1.HOG0015393	ihog
N1.HOG0015394	Rchy1
N1.HOG0015395	SamDC
N1.HOG0015396	CG33995
N1.HOG0015397	Wnt6
N1.HOG0015398	CG10280
N1.HOG0015399	Osi18
N1.HOG0015400	CG34353
N1.HOG0015401	Burs
N1.HOG0015402	ssp6
N1.HOG0015403	CG3032
N1.HOG0015404	CG5835
N1.HOG0015405	CG13634
N1.HOG0015406	Npc2f
N1.HOG0015407	wts
N1.HOG0015409	CG42633
N1.HOG0015410	SmE
N1.HOG0015411	knrl
N1.HOG0015412	cpx
N1.HOG0015413	Srp14
N1.HOG0015414	CG13840
N1.HOG0015415	Tusp
N1.HOG0015416	SmD1
N1.HOG0015417	Gabat
N1.HOG0015418	CG8028
N1.HOG0015419	CG15535
N1.HOG0015420	CG34290
N1.HOG0015421	CG6356
N1.HOG0015422	COX7AL
N1.HOG0015423	Cyp4aa1
N1.HOG0015424	CG34386
N1.HOG0015425	CG30195
N1.HOG0015426	CG3106
N1.HOG0015427	Spase22-23
N1.HOG0015428	grk
N1.HOG0015429	mRpS30
N1.HOG0015430	CG15152
N1.HOG0015431	Ankrd49
N1.HOG0015433	CG17549
N1.HOG0015434	spag4
N1.HOG0015435	Shawl
N1.HOG0015436	CG10163
N1.HOG0015437	Pka-C3
N1.HOG0015438	CG14052
N1.HOG0015439	CG3735
N1.HOG0015440	DCP1
N1.HOG0015441	CG14445
N1.HOG0015445	UbcE2H
N1.HOG0015446	CG32564
N1.HOG0015448	nAChRalpha3
N1.HOG0015450	Smug
N1.HOG0015451	CG15611
N1.HOG0015452	Vps25
N1.HOG0015453	CG6329
N1.HOG0015454	CG2120
N1.HOG0015455	Karl
N1.HOG0015456	CG4617
N1.HOG0015457	CG15771
N1.HOG0015458	pico
N1.HOG0015459	Tango10
N1.HOG0015460	Sil1
N1.HOG0015461	CG5516
N1.HOG0015462	CG17219
N1.HOG0015463	CG7839
N1.HOG0015464	Atg5
N1.HOG0015465	hoka
N1.HOG0015466	CG11436
N1.HOG0015467	CG12723
N1.HOG0015468	CG30411
N1.HOG0015469	CG2816
N1.HOG0015470	CG6115
N1.HOG0015471	CG32040
N1.HOG0015472	CG14044
N1.HOG0015473	CG11912
N1.HOG0015474	l(1)G0469
N1.HOG0015475	CG13004
N1.HOG0015476	CG15572
N1.HOG0015477	CG16772
N1.HOG0015478	CG32440
N1.HOG0015479	Cyp316a1
N1.HOG0015480	CG5623
N1.HOG0015481	CG15199
N1.HOG0015482	CG12239
N1.HOG0015483	CG11977
N1.HOG0015484	CG43691
N1.HOG0015485	Mob2
N1.HOG0015486	CG14110
N1.HOG0015487	prc
N1.HOG0015488	Ak1
N1.HOG0015489	Gr61a
N1.HOG0015490	Atac1
N1.HOG0015491	RpL23A
N1.HOG0015492	CG14984
N1.HOG0015494	CG18178
N1.HOG0015497	Grx5
N1.HOG0015498	Zip102B
N1.HOG0015499	nocte
N1.HOG0015500	s-cup
N1.HOG0015501	CG12730
N1.HOG0015502	SecS
N1.HOG0015503	CG7378
N1.HOG0015504	scw
N1.HOG0015505	CG34398
N1.HOG0015506	CG13258
N1.HOG0015507	fiz
N1.HOG0015508	CG33159
N1.HOG0015509	CG5412
N1.HOG0015510	Gr93a
N1.HOG0015511	mura
N1.HOG0015512	CG42812
N1.HOG0015513	Nmdmc
N1.HOG0015514	Rad1
N1.HOG0015515	CG14607
N1.HOG0015516	CG17816
N1.HOG0015517	CG3517
N1.HOG0015518	Mettl4
N1.HOG0015519	CG10324
N1.HOG0015521	CG13339
N1.HOG0015522	CG6280
N1.HOG0015523	SmydA-7
N1.HOG0015524	Shc
N1.HOG0015525	CG8531
N1.HOG0015526	CG16717
N1.HOG0015527	BBS9
N1.HOG0015528	enok
N1.HOG0015529	L
N1.HOG0015530	CG5327
N1.HOG0015531	nemy
N1.HOG0015532	ASPP
N1.HOG0015533	CG42380
N1.HOG0015534	dpr15
N1.HOG0015535	CG14739
N1.HOG0015536	CG32576
N1.HOG0015537	nrv3
N1.HOG0015538	CG30376
N1.HOG0015539	CG30423
N1.HOG0015541	CG7453
N1.HOG0015543	Pp2C1
N1.HOG0015544	NANS
N1.HOG0015545	CG3598
N1.HOG0015546	CG12991
N1.HOG0015547	CG2712
N1.HOG0015548	eas
N1.HOG0015549	CG34183
N1.HOG0015550	CG13113
N1.HOG0015551	ath
N1.HOG0015556	CG15482
N1.HOG0015557	Snx27
N1.HOG0015558	CG1738
N1.HOG0015559	Obp99d
N1.HOG0015560	CG13627
N1.HOG0015561	CG8360
N1.HOG0015562	Ntmt
N1.HOG0015563	CG14868
N1.HOG0015564	CG7031
N1.HOG0015565	CG17786
N1.HOG0015566	CG17325
N1.HOG0015567	Rph
N1.HOG0015568	CG11085
N1.HOG0015569	or
N1.HOG0015572	Gld2
N1.HOG0015573	CG13407
N1.HOG0015574	CG32536
N1.HOG0015576	Rhp
N1.HOG0015577	Spf45
N1.HOG0015578	CG17490
N1.HOG0015580	Arp8
N1.HOG0015581	SMC5
N1.HOG0015582	TfAP-2
N1.HOG0015585	CG32112
N1.HOG0015591	upd3
N1.HOG0015592	CG2256
N1.HOG0015593	CG7715
N1.HOG0015594	CG1218
N1.HOG0015595	CG13344
N1.HOG0015597	Grip163
N1.HOG0015598	inaF-C
N1.HOG0015599	CG43901
N1.HOG0015600	Klf15
N1.HOG0015601	Dhdds
N1.HOG0015602	CG9101
N1.HOG0015603	CG42560
N1.HOG0015604	Ctns
N1.HOG0015605	CG43127
N1.HOG0015606	Xport-B
N1.HOG0015607	CG32277
N1.HOG0015608	CG7215
N1.HOG0015609	CG11997
N1.HOG0015610	CG7548
N1.HOG0015611	CG10623
N1.HOG0015612	CG13065
N1.HOG0015613	CG15258
N1.HOG0015614	CG12316
N1.HOG0015615	CG4218
N1.HOG0015616	CG40198
N1.HOG0015617	Rbf2
N1.HOG0015618	CG14247
N1.HOG0015619	CG32053
N1.HOG0015620	CG13443
N1.HOG0015621	Trm7-34
N1.HOG0015622	ttm3
N1.HOG0015623	CG13217
N1.HOG0015624	CG32391
N1.HOG0015625	GILT2
N1.HOG0015626	CG15530
N1.HOG0015627	Spc25
N1.HOG0015628	CG42525
N1.HOG0015629	dlt
N1.HOG0015630	CG44195
N1.HOG0015631	mRpL17
N1.HOG0015632	Eip63F-1
N1.HOG0015633	CG14829
N1.HOG0015634	Ras64B
N1.HOG0015635	CG14564
N1.HOG0015637	l(3)04053
N1.HOG0015639	Zyx
N1.HOG0015640	CG4038
N1.HOG0015641	CG1909
N1.HOG0015642	Pgls
N1.HOG0015643	Nepl10
N1.HOG0015644	Tk
N1.HOG0015645	CG15370
N1.HOG0015648	Nepl9
N1.HOG0015649	CG9839
N1.HOG0015650	CG14598
N1.HOG0015651	Or85d
N1.HOG0015652	CG34316
N1.HOG0015653	CG6621
N1.HOG0015654	mei-W68
N1.HOG0015655	Or92a
N1.HOG0015656	CG13331
N1.HOG0015657	Yeti
N1.HOG0015658	Sox15
N1.HOG0015659	CG12012
N1.HOG0015660	Sk1
N1.HOG0015661	CG11555
N1.HOG0015662	CG13949
N1.HOG0015663	GCS2beta
N1.HOG0015664	otp
N1.HOG0015665	CG2906
N1.HOG0015666	Wnt5
N1.HOG0015667	Obp47b
N1.HOG0015668	CG9117
N1.HOG0015669	CG33127
N1.HOG0015670	CG30380
N1.HOG0015673	LRP1
N1.HOG0015675	CG3632
N1.HOG0015676	Pa1
N1.HOG0015677	BCL7-like
N1.HOG0015679	CG4291
N1.HOG0015680	CG1504
N1.HOG0015681	vkg
N1.HOG0015684	Mvd
N1.HOG0015688	CG13362
N1.HOG0015689	NPFR
N1.HOG0015690	CG15247
N1.HOG0015691	snky
N1.HOG0015692	CG14687
N1.HOG0015693	mRpL37
N1.HOG0015694	CG30010
N1.HOG0015696	PPP1R15
N1.HOG0015697	mr
N1.HOG0015698	Sox14
N1.HOG0015699	dpr13
N1.HOG0015700	CG15673
N1.HOG0015701	CG14903
N1.HOG0015702	CCDC53
N1.HOG0015704	CG18577
N1.HOG0015705	CG7173
N1.HOG0015706	CapaR
N1.HOG0015707	DNAlig1
N1.HOG0015708	CG4653
N1.HOG0015709	CG12995
N1.HOG0015710	prel
N1.HOG0015711	Amun
N1.HOG0015712	CG4660
N1.HOG0015713	CG9240
N1.HOG0015714	CG34029
N1.HOG0015715	sc
N1.HOG0015716	CG32647
N1.HOG0015717	CG14274
N1.HOG0015718	Cpr92A
N1.HOG0015719	CG15390
N1.HOG0015720	Tsp42Ec
N1.HOG0015721	CG4269
N1.HOG0015722	CG15570
N1.HOG0015723	CG2021
N1.HOG0015724	CG11906
N1.HOG0015725	Nep1
N1.HOG0015726	Srxn
N1.HOG0015727	CG34176
N1.HOG0015728	Cyp4ad1
N1.HOG0015729	CG14326
N1.HOG0015730	CG15534
N1.HOG0015731	CG3124
N1.HOG0015732	CG6044
N1.HOG0015733	CG14629
N1.HOG0015734	CG12219
N1.HOG0015735	Traf-like
N1.HOG0015736	CG9483
N1.HOG0015737	CG14932
N1.HOG0015738	CG43134
N1.HOG0015739	CG13423
N1.HOG0015740	BomT1
N1.HOG0015741	jv
N1.HOG0015742	GluRS-m
N1.HOG0015743	CG13033
N1.HOG0015744	CG14958
N1.HOG0015745	CG32537
N1.HOG0015746	CG10581
N1.HOG0015747	CG42245
N1.HOG0015748	CG13048
N1.HOG0015749	CG13062
N1.HOG0015750	Nplp3
N1.HOG0015751	hdm
N1.HOG0015752	Ilp4
N1.HOG0015753	CG1674
N1.HOG0015754	CG32006
N1.HOG0015755	CG11380
N1.HOG0015756	CG30095
N1.HOG0015757	CG2962
N1.HOG0015758	meng
N1.HOG0015759	Lmpt
N1.HOG0015760	mRpL50
N1.HOG0015761	CG31076
N1.HOG0015762	Non3
N1.HOG0015763	CG3982
N1.HOG0015764	CG13023
N1.HOG0015765	CG32069
N1.HOG0015766	Obp84a
N1.HOG0015767	Elk
N1.HOG0015768	CG34203
N1.HOG0015769	CG7573
N1.HOG0015770	CG42379
N1.HOG0015771	CG13622
N1.HOG0015772	CCHa1
N1.HOG0015773	CG13101
N1.HOG0015774	CG33506
N1.HOG0015775	CG12911
N1.HOG0015776	CG46319
N1.HOG0015777	Ir54a
N1.HOG0015778	CG4953
N1.HOG0015779	CG4627
N1.HOG0015780	CG34195
N1.HOG0015781	CG15365
N1.HOG0015782	AnxB10
N1.HOG0015783	CG32147
N1.HOG0015784	CG9782
N1.HOG0015785	CG12481
N1.HOG0015786	Cpr31A
N1.HOG0015787	Ir31a
N1.HOG0015788	CG7384
N1.HOG0015789	Ypel
N1.HOG0015790	Sclp
N1.HOG0015791	CG1468
N1.HOG0015792	CG15249
N1.HOG0015793	CG2321
N1.HOG0015794	CG34296
N1.HOG0015795	CG4586
N1.HOG0015796	CG13358
N1.HOG0015797	Pex11ab
N1.HOG0015798	CG41520
N1.HOG0015799	CG43386
N1.HOG0015800	CG7276
N1.HOG0015801	CG31437
N1.HOG0015803	alpha-Cat
N1.HOG0015804	EMC10
N1.HOG0015806	Vago
N1.HOG0015808	CG5928
N1.HOG0015809	beat-IIIc
N1.HOG0015810	CG13931
N1.HOG0015811	CG34228
N1.HOG0015812	Dbp80
N1.HOG0015813	CG17777
N1.HOG0015814	Ance-4
N1.HOG0015815	CG32846
N1.HOG0015816	CG13012
N1.HOG0015817	CG13014
N1.HOG0015818	CG10300
N1.HOG0015819	CG14537
N1.HOG0015820	CG7914
N1.HOG0015821	CG13742
N1.HOG0015822	OdsH
N1.HOG0015823	CSN1a
N1.HOG0015824	CG9269
N1.HOG0015825	CG32221
N1.HOG0015827	CG10164
N1.HOG0015828	Hf
N1.HOG0015829	Obp56b
N1.HOG0015830	Mur29B
N1.HOG0015831	CG9837
N1.HOG0015832	CG15549
N1.HOG0015833	CG31778
N1.HOG0015834	wuc
N1.HOG0015835	CG2652
N1.HOG0015836	CG11327
N1.HOG0015837	CG42365
N1.HOG0015838	CG13640
N1.HOG0015840	Pdf
N1.HOG0015841	CG34247
N1.HOG0015842	CG18675
N1.HOG0015843	Cpr64Ac
N1.HOG0015844	CG42374
N1.HOG0015845	NfI
N1.HOG0015846	CG7512
N1.HOG0015847	Dyrk3
N1.HOG0015850	CG10165
N1.HOG0015851	CG14401
N1.HOG0015852	CG32061
N1.HOG0015853	CG6118
N1.HOG0015854	CG31460
N1.HOG0015855	CG13847
N1.HOG0015856	TwdlT
N1.HOG0015857	Idgf4
N1.HOG0015858	PIG-P
N1.HOG0015859	CG9593
N1.HOG0015860	CG42306
N1.HOG0015861	Dark
N1.HOG0015862	nSyb
N1.HOG0015863	Paf-AHalpha
N1.HOG0015864	ox
N1.HOG0015865	CG1360
N1.HOG0015866	Obp59a
N1.HOG0015867	CG3748
N1.HOG0015868	CG3163
N1.HOG0015869	Cpr49Ad
N1.HOG0015870	ZAP3
N1.HOG0015871	CG13996
N1.HOG0015872	Plc21C
N1.HOG0015873	CG4409
N1.HOG0015874	CG6398
N1.HOG0015875	CG5906
N1.HOG0015876	CG14418
N1.HOG0015877	CG12531
N1.HOG0015878	Sirt6
N1.HOG0015879	CG5022
N1.HOG0015880	CG31800
N1.HOG0015881	Hmgcl
N1.HOG0015882	CG11752
N1.HOG0015883	CG3323
N1.HOG0015884	CG14515
N1.HOG0015885	Desi
N1.HOG0015886	Nepl11
N1.HOG0015887	CG45122
N1.HOG0015888	CG17258
N1.HOG0015889	CG42305
N1.HOG0015890	shps
N1.HOG0015891	CG12379
N1.HOG0015892	CG31777
N1.HOG0015893	CG5577
N1.HOG0015894	CG9147
N1.HOG0015895	CG3651
N1.HOG0015896	sphe
N1.HOG0015897	Lsm10
N1.HOG0015898	CG15142
N1.HOG0015899	Gr59f
N1.HOG0015900	Ir85a
N1.HOG0015901	CG13247
N1.HOG0015902	qvr
N1.HOG0015903	CG17167
N1.HOG0015904	CG14495
N1.HOG0015905	CG30379
N1.HOG0015906	TTLL1A
N1.HOG0015907	fs(1)K10
N1.HOG0015908	zen
N1.HOG0015909	CG14926
N1.HOG0015910	VhaAC39-2
N1.HOG0015911	CG14369
N1.HOG0015912	BomBc3
N1.HOG0015913	CG3457
N1.HOG0015914	CG14323
N1.HOG0015915	CG11816
N1.HOG0015916	GluRIIB
N1.HOG0015917	CG14631
N1.HOG0015918	CG14573
N1.HOG0015919	CG4229
N1.HOG0015920	CG43169
N1.HOG0015921	CG33493
N1.HOG0015922	CG32241
N1.HOG0015923	miple1
N1.HOG0015924	CG13545
N1.HOG0015925	CG15449
N1.HOG0015926	CG15760
N1.HOG0015927	mRpL44
N1.HOG0015928	slx1
N1.HOG0015929	CG8578
N1.HOG0015930	CG3119
N1.HOG0015932	fipi
N1.HOG0015933	kibra
N1.HOG0015934	Pstk
N1.HOG0015935	Dph4
N1.HOG0015936	Polr2F
N1.HOG0015937	Sdb
N1.HOG0015939	jing
N1.HOG0015940	CG14483
N1.HOG0015941	fog
N1.HOG0015942	PIG-X
N1.HOG0015943	Blos3
N1.HOG0015944	FRG1
N1.HOG0015945	Gr77a
N1.HOG0015946	CG8916
N1.HOG0015947	myo
N1.HOG0015948	CG5188
N1.HOG0015949	CG34367
N1.HOG0015950	Tfb5
N1.HOG0015951	RhoGAP16F
N1.HOG0015952	CG6340
N1.HOG0015953	CG11333
N1.HOG0015954	CG11755
N1.HOG0015955	CG6785
N1.HOG0015957	Nepl14
N1.HOG0015958	hrm
N1.HOG0015959	CG31371
N1.HOG0015960	ghi
N1.HOG0015961	a10
N1.HOG0015962	CG46309
N1.HOG0015963	Cp7Fc
N1.HOG0015964	Stoml2
N1.HOG0015965	dy
N1.HOG0015966	inaF-B
N1.HOG0015967	CG13707
N1.HOG0015968	CG30467
N1.HOG0015969	CG33986
N1.HOG0015970	CG5500
N1.HOG0015971	CG17776
N1.HOG0015972	yellow-e3
N1.HOG0015973	CG13170
N1.HOG0015974	CG15127
N1.HOG0015975	CG13786
N1.HOG0015976	CG32551
N1.HOG0015984	CG16956
N1.HOG0015985	Reg-2
N1.HOG0015986	CG15528
N1.HOG0015987	OS9
N1.HOG0015988	CG13117
N1.HOG0015989	CG13488
N1.HOG0015990	CG14072
N1.HOG0015991	CG13227
N1.HOG0015992	cona
N1.HOG0015993	CG13457
N1.HOG0015994	CG30383
N1.HOG0015995	mRpL36
N1.HOG0015996	CG13731
N1.HOG0015997	CG13047
N1.HOG0015998	ver
N1.HOG0016001	Eph
N1.HOG0016002	NimB1
N1.HOG0016003	l(3)neo43
N1.HOG0016004	CG30161
N1.HOG0016005	CG34231
N1.HOG0016006	CG11192
N1.HOG0016007	SmF
N1.HOG0016008	tctn
N1.HOG0016009	B9d2
N1.HOG0016010	CG8072
N1.HOG0016011	Gbeta13F
N1.HOG0016012	CG34141
N1.HOG0016013	CG4377
N1.HOG0016014	tun
N1.HOG0016015	Nipsnap
N1.HOG0016016	Mdh1
N1.HOG0016017	CG32532
N1.HOG0016018	CG8861
N1.HOG0016019	CG14431
N1.HOG0016020	Eh
N1.HOG0016021	Adgf-A2
N1.HOG0016022	CG13982
N1.HOG0016023	CG5359
N1.HOG0016024	CG10973
N1.HOG0016025	CG5339
N1.HOG0016026	CG9170
N1.HOG0016027	spidey
N1.HOG0016028	Gbp1
N1.HOG0016029	CG3108
N1.HOG0016030	CG13404
N1.HOG0016031	CG4942
N1.HOG0016032	Scsalpha2
N1.HOG0016033	Ir68b
N1.HOG0016034	Muc55B
N1.HOG0016035	CG15705
N1.HOG0016036	CG32302
N1.HOG0016037	CG2611
N1.HOG0016038	CG15047
N1.HOG0016039	CG31525
N1.HOG0016040	CG17648
N1.HOG0016041	CG34456
N1.HOG0016042	a5
N1.HOG0016043	GstT3
N1.HOG0016044	CG42455
N1.HOG0016045	CG34221
N1.HOG0016046	CG34005
N1.HOG0016048	mRpL33
N1.HOG0016049	CG13306
N1.HOG0016051	CG12017
N1.HOG0016052	Fbp2
N1.HOG0016053	CG15005
N1.HOG0016054	CG34253
N1.HOG0016055	CG42376
N1.HOG0016056	CG44433
N1.HOG0016057	dos
N1.HOG0016058	CG32099
N1.HOG0016059	Alas
N1.HOG0016061	CG7968
N1.HOG0016062	Ptip
N1.HOG0016063	CG17145
N1.HOG0016064	CG30094
N1.HOG0016065	PIG-H
N1.HOG0016066	CG32767
N1.HOG0016067	Reepl1
N1.HOG0016068	CG17768
N1.HOG0016069	Wnt10
N1.HOG0016070	CG34331
N1.HOG0016071	CG9686
N1.HOG0016073	CG31142
N1.HOG0016074	CG18788
N1.HOG0016075	CG16865
N1.HOG0016076	CG5421
N1.HOG0016077	beta3GalTII
N1.HOG0016078	CG7509
N1.HOG0016079	COX8
N1.HOG0016080	CG5039
N1.HOG0016082	CG42264
N1.HOG0016083	CG15312
N1.HOG0016084	CG6696
N1.HOG0016085	CG44243
N1.HOG0016086	Ilp6
N1.HOG0016087	CG32572
N1.HOG0016088	CG14273
N1.HOG0016089	CG31457
N1.HOG0016090	CG42323
N1.HOG0016091	CG12662
N1.HOG0016092	Him
N1.HOG0016093	CG11369
N1.HOG0016094	zen2
N1.HOG0016095	CG13305
N1.HOG0016096	CG7386
N1.HOG0016097	TTLL6A
N1.HOG0016098	CG10931
N1.HOG0016099	CG1806
N1.HOG0016100	CG9184
N1.HOG0016101	CG11381
N1.HOG0016102	CG34282
N1.HOG0016103	CG30096
N1.HOG0016104	CG42495
N1.HOG0016105	CG14965
N1.HOG0016106	Ugt305A1
N1.HOG0016107	CG46320
N1.HOG0016108	Cpr65Ay
N1.HOG0016109	CG32017
N1.HOG0016110	Rad17
N1.HOG0016111	agt
N1.HOG0016113	CG43446
N1.HOG0016114	Gyg
N1.HOG0016115	Not11
N1.HOG0016117	Bap111
N1.HOG0016118	CG12446
N1.HOG0016119	CG1368
N1.HOG0016120	CG14042
N1.HOG0016121	CG6136
N1.HOG0016122	CG8229
N1.HOG0016123	lmgA
N1.HOG0016124	CG10000
N1.HOG0016125	Arl6
N1.HOG0016126	CG4194
N1.HOG0016128	ppk11
N1.HOG0016129	Svip
N1.HOG0016130	CG17959
N1.HOG0016131	Proc
N1.HOG0016132	CG12986
N1.HOG0016133	wgn
N1.HOG0016134	CG43052
N1.HOG0016135	CG30385
N1.HOG0016136	CG13218
N1.HOG0016137	Su(Tpl)
N1.HOG0016138	CG13064
N1.HOG0016139	CrebA
N1.HOG0016140	CG11249
N1.HOG0016141	CG14321
N1.HOG0016142	Crk
N1.HOG0016143	CG8952
N1.HOG0016144	CG32270
N1.HOG0016145	CG31178
N1.HOG0016146	fit
N1.HOG0016147	CG17780
N1.HOG0016148	CG11703
N1.HOG0016149	p120ctn
N1.HOG0016150	CG11122
N1.HOG0016151	CG32152
N1.HOG0016152	Xrcc2
N1.HOG0016154	Rsph4a
N1.HOG0016155	yki
N1.HOG0016156	CG33306
N1.HOG0016157	CG5062
N1.HOG0016158	CG15890
N1.HOG0016159	CYLD
N1.HOG0016160	CG13843
N1.HOG0016161	Nepl16
N1.HOG0016162	eIF4EHP
N1.HOG0016163	CG13151
N1.HOG0016164	CG30273
N1.HOG0016165	CG15473
N1.HOG0016166	CG1986
N1.HOG0016167	CG34293
N1.HOG0016168	CG13965
N1.HOG0016169	mRpS25
N1.HOG0016170	CG31898
N1.HOG0016171	CG10486
N1.HOG0016172	CG30340
N1.HOG0016173	CG15201
N1.HOG0016174	CG4101
N1.HOG0016175	Ac13E
N1.HOG0016176	Cpr23B
N1.HOG0016177	CG14218
N1.HOG0016178	CG14420
N1.HOG0016179	CG12507
N1.HOG0016180	CG14417
N1.HOG0016181	CG5810
N1.HOG0016182	CG32379
N1.HOG0016183	BomT3
N1.HOG0016184	CG10680
N1.HOG0016185	CG31055
N1.HOG0016186	CG13454
N1.HOG0016187	CG15657
N1.HOG0016188	CG16894
N1.HOG0016189	Fibp
N1.HOG0016190	CG6576
N1.HOG0016191	mthl8
N1.HOG0016192	Obp69a
N1.HOG0016193	CG13046
N1.HOG0016194	Tango2
N1.HOG0016195	CG3635
N1.HOG0016202	Cox10
N1.HOG0016203	E(spl)m6-BFM
N1.HOG0016204	Mos
N1.HOG0016205	IFT20
N1.HOG0016206	CG30413
N1.HOG0016207	CG13868
N1.HOG0016208	CG18367
N1.HOG0016209	CG31287
N1.HOG0016210	CG18765
N1.HOG0016211	Tengl4
N1.HOG0016212	CG17202
N1.HOG0016213	CG4186
N1.HOG0016214	CG12617
N1.HOG0016215	Muc18B
N1.HOG0016216	CG13663
N1.HOG0016217	Fis1
N1.HOG0016218	schuy
N1.HOG0016219	CG31516
N1.HOG0016221	CG41099
N1.HOG0016223	CG5756
N1.HOG0016224	sob
N1.HOG0016225	CG33647,CG33644
N1.HOG0016226	CG15571
N1.HOG0016227	CG15210
N1.HOG0016228	CG42518
N1.HOG0016229	PIG-Q
N1.HOG0016230	CG14787
N1.HOG0016231	CG14490
N1.HOG0016232	CG13299
N1.HOG0016233	CG32052
N1.HOG0016234	TwdlS
N1.HOG0016235	CG14684
N1.HOG0016236	mex1
N1.HOG0016237	CG13712
N1.HOG0016238	obst-I
N1.HOG0016239	CG9863
N1.HOG0016240	CG34426
N1.HOG0016241	CG31626
N1.HOG0016242	CG34265
N1.HOG0016243	CG15740
N1.HOG0016244	CG2961
N1.HOG0016245	alpha-Est10
N1.HOG0016246	eEFSec
N1.HOG0016247	CG10465
N1.HOG0016248	SIFa
N1.HOG0016249	HSPC300
N1.HOG0016250	SdhD
N1.HOG0016251	CG13231
N1.HOG0016252	hubl
N1.HOG0016254	CG9114
N1.HOG0016255	CG14086
N1.HOG0016256	Mulk
N1.HOG0016257	CG42359
N1.HOG0016258	CG11790
N1.HOG0016259	CG43732
N1.HOG0016260	Osi23
N1.HOG0016262	CG15221
N1.HOG0016263	Arl4
N1.HOG0016264	fln
N1.HOG0016265	CG1896
N1.HOG0016266	Nedd8
N1.HOG0016267	CG13587
N1.HOG0016268	Ufm1
N1.HOG0016269	CheA7a
N1.HOG0016270	CG3699
N1.HOG0016271	peg
N1.HOG0016272	CG46311
N1.HOG0016273	CG34208
N1.HOG0016274	Obp18a
N1.HOG0016275	CG13539
N1.HOG0016276	CG15308
N1.HOG0016277	CG2113
N1.HOG0016278	CG34204
N1.HOG0016279	spartin
N1.HOG0016280	NimB2
N1.HOG0016281	CG31253,CG31131
N1.HOG0016282	CG17781
N1.HOG0016283	CG42488
N1.HOG0016284	mip120
N1.HOG0016285	CG7637
N1.HOG0016286	Klp59D
N1.HOG0016287	CG34199
N1.HOG0016295	me31B
N1.HOG0016298	CG10341
N1.HOG0016299	CG33932
N1.HOG0016300	CG15602
N1.HOG0016301	CG12480
N1.HOG0016302	CG4957
N1.HOG0016303	CG34313
N1.HOG0016304	CG17917
N1.HOG0016305	CG12426
N1.HOG0016306	CG7126
N1.HOG0016307	Spn43Ad
N1.HOG0016308	Atg101
N1.HOG0016309	CG42516
N1.HOG0016310	CG16786
N1.HOG0016311	CG11211
N1.HOG0016312	CG13725
N1.HOG0016313	Arv1
N1.HOG0016314	CG32295
N1.HOG0016316	CG12637
N1.HOG0016317	CG33557
N1.HOG0016318	CG8788
N1.HOG0016319	obst-G
N1.HOG0016320	CG9899
N1.HOG0016321	CG12590
N1.HOG0016322	RacGAP84C
N1.HOG0016323	CG12609
N1.HOG0016324	Eglp1
N1.HOG0016325	CG43149
N1.HOG0016326	CG13561
N1.HOG0016327	CG31407
N1.HOG0016328	Sry-beta
N1.HOG0016329	CG43068
N1.HOG0016330	CG14915
N1.HOG0016331	CG32202
N1.HOG0016332	CG34453
N1.HOG0016333	nab
N1.HOG0016334	mav
N1.HOG0016335	Hus1-like
N1.HOG0016336	CG17162
N1.HOG0016337	CG2225
N1.HOG0016338	Coa8
N1.HOG0016339	CG34201
N1.HOG0016340	CG10395
N1.HOG0016341	CG42239
N1.HOG0016342	Ufsp1
N1.HOG0016343	CG15712
N1.HOG0016344	dgt2
N1.HOG0016348	CG15198
N1.HOG0016351	Utx
N1.HOG0016352	GATAd
N1.HOG0016354	CG43902
N1.HOG0016357	CG11251
N1.HOG0016358	r-cup
N1.HOG0016359	CG15579
N1.HOG0016360	CG9411
N1.HOG0016361	CG32736
N1.HOG0016364	CG30466
N1.HOG0016365	CG34238
N1.HOG0016366	CG15418
N1.HOG0016367	CG1421
N1.HOG0016368	CG32686
N1.HOG0016369	Rab27
N1.HOG0016370	CG34045
N1.HOG0016371	nur
N1.HOG0016372	CG13445
N1.HOG0016373	CG32487
N1.HOG0016374	CG43183
N1.HOG0016375	CG8100
N1.HOG0016376	CG30355
N1.HOG0016377	glec
N1.HOG0016378	CG14563
N1.HOG0016379	Atx-1
N1.HOG0016380	laf
N1.HOG0016381	CG13071
N1.HOG0016382	CG6462
N1.HOG0016383	CG13239
N1.HOG0016384	CG17169
N1.HOG0016385	CG13230
N1.HOG0016386	Fer3HCH
N1.HOG0016387	Lhr
N1.HOG0016388	Roc2
N1.HOG0016389	CG7335
N1.HOG0016390	CG13737
N1.HOG0016391	Mob3
N1.HOG0016392	CG9021
N1.HOG0016393	Alp12
N1.HOG0016394	CG15322
N1.HOG0016395	CG43672
N1.HOG0016396	Gbp3
N1.HOG0016397	MED21
N1.HOG0016398	SLIRP2
N1.HOG0016399	CG42288
N1.HOG0016401	raptor
N1.HOG0016402	mRpL34
N1.HOG0016403	Dso2
N1.HOG0016404	CG31337
N1.HOG0016405	CG1722
N1.HOG0016406	CG34302
N1.HOG0016407	CG14106
N1.HOG0016409	CG15456
N1.HOG0016410	CG14111
N1.HOG0016411	CkIIalpha-i3
N1.HOG0016413	yellow-h
N1.HOG0016414	CG42371
N1.HOG0016415	CG32700
N1.HOG0016416	ppk27
N1.HOG0016417	CG6665
N1.HOG0016418	CG30059,CG18278
N1.HOG0016419	Cpn
N1.HOG0016420	COX7AL2
N1.HOG0016421	Atg10
N1.HOG0016422	CG17486
N1.HOG0016423	CG17684
N1.HOG0016424	CG13031
N1.HOG0016425	Ser7
N1.HOG0016426	CG32801
N1.HOG0016427	CG15725
N1.HOG0016428	CG14414
N1.HOG0016430	Boot
N1.HOG0016431	CheA46a,CheA56a,CheA29a
N1.HOG0016432	CG13728
N1.HOG0016433	CG33257
N1.HOG0016434	Cpr64Aa
N1.HOG0016435	Gr32a
N1.HOG0016436	Cht6
N1.HOG0016437	CG42361
N1.HOG0016438	CG3880
N1.HOG0016439	CG30062
N1.HOG0016440	CG6362
N1.HOG0016441	CG7164
N1.HOG0016442	RhoU
N1.HOG0016443	CG33177
N1.HOG0016461	CG13177
N1.HOG0016462	Atg2
N1.HOG0016463	Gas8
N1.HOG0016464	CG32276
N1.HOG0016465	VhaM9.7-d
N1.HOG0016466	CG33521
N1.HOG0016467	CG32856
N1.HOG0016468	dpr18
N1.HOG0016469	CG43050
N1.HOG0016470	CG14624
N1.HOG0016471	CG6980
N1.HOG0016472	CG3281
N1.HOG0016473	mat
N1.HOG0016474	CG13476
N1.HOG0016475	CG14000
N1.HOG0016476	CG15212
N1.HOG0016477	Z600
N1.HOG0016478	Acp53C14c
N1.HOG0016479	CG11279
N1.HOG0016480	CG12016
N1.HOG0016482	CG14626
N1.HOG0016483	CG14406
N1.HOG0016484	CG43709
N1.HOG0016485	Rap2l
N1.HOG0016486	CG33655
N1.HOG0016487	Rpp20
N1.HOG0016488	CG32808
N1.HOG0016489	Gr58c
N1.HOG0016490	CG34263
N1.HOG0016491	dmrt11E
N1.HOG0016492	Parp
N1.HOG0016493	veli
N1.HOG0016494	CG5070
N1.HOG0016495	CG1545
N1.HOG0016496	CG14410
N1.HOG0016497	Tsen15
N1.HOG0016498	CG14421
N1.HOG0016499	CG42246
N1.HOG0016500	CG14422
N1.HOG0016501	Obp46a
N1.HOG0016502	Or45b
N1.HOG0016503	CG42445
N1.HOG0016504	CG15375,CG14708
N1.HOG0016505	CG10332
N1.HOG0016507	CG34427
N1.HOG0016508	Snup
N1.HOG0016509	S1P
N1.HOG0016510	Coq9
N1.HOG0016511	CG10339
N1.HOG0016512	CG12998
N1.HOG0016513	CG42307
N1.HOG0016514	Alp13
N1.HOG0016515	srl
N1.HOG0016517	CG16700
N1.HOG0016518	CG14416
N1.HOG0016519	CG11379
N1.HOG0016520	wrm2
N1.HOG0016521	CG34251
N1.HOG0016522	Tsp66A
N1.HOG0016523	CG10853
N1.HOG0016524	CG11349
N1.HOG0016525	CG13049
N1.HOG0016526	mRpL27
N1.HOG0016527	conu
N1.HOG0016528	CG33228
N1.HOG0016531	CG14662
N1.HOG0016534	CG31102
N1.HOG0016535	CG14286
N1.HOG0016536	chico
N1.HOG0016537	CG42375
N1.HOG0016538	CG34446
N1.HOG0016539	CG14006
N1.HOG0016540	CG33169
N1.HOG0016541	CG31473
N1.HOG0016542	CG15040
N1.HOG0016543	CG9759
N1.HOG0016544	Nplp4
N1.HOG0016545	CG15022
N1.HOG0016546	CG7213
N1.HOG0016547	CG15909
N1.HOG0016548	CG32248
N1.HOG0016549	Gat
N1.HOG0016551	CG15731
N1.HOG0016553	Cpr60D
N1.HOG0016554	CG43341
N1.HOG0016555	Ranbp16
N1.HOG0016576	Dlip1
N1.HOG0016577	CG43191
N1.HOG0016578	Ldaf1
N1.HOG0016579	CG14183
N1.HOG0016580	sun,ATPsynepsilonL
N1.HOG0016581	CG42512
N1.HOG0016582	CG17570
N1.HOG0016583	CG15386
N1.HOG0016584	CG31459
N1.HOG0016585	Gr64e
N1.HOG0016586	CG13038
N1.HOG0016587	CG14397
N1.HOG0016588	CG4815
N1.HOG0016589	Mur2B
N1.HOG0016590	CG10041
N1.HOG0016591	stnA
N1.HOG0016592	plu
N1.HOG0016593	CG41242
N1.HOG0016594	CG34163
N1.HOG0016595	CG33303
N1.HOG0016596	REPTOR-BP
N1.HOG0016597	CG5151
N1.HOG0016598	CG12547
N1.HOG0016599	5PtaseI
N1.HOG0016600	CG17298
N1.HOG0016601	CG7646
N1.HOG0016602	Polr2K
N1.HOG0016603	CG12643
N1.HOG0016604	CG31826
N1.HOG0016605	CG12011
N1.HOG0016606	CG15317
N1.HOG0016607	CG7443
N1.HOG0016608	CG17931
N1.HOG0016609	CG34225
N1.HOG0016613	CG34194
N1.HOG0016614	CG34223
N1.HOG0016615	CG34281
N1.HOG0016616	CG18649
N1.HOG0016617	CG8838
N1.HOG0016618	Kif3C
N1.HOG0016619	RhoGAP102A
N1.HOG0016620	CG9377
N1.HOG0016621	CG11562
N1.HOG0016622	CG42383
N1.HOG0016623	Maf1
N1.HOG0016624	CG31659
N1.HOG0016625	CG31510
N1.HOG0016626	bbx
N1.HOG0016627	CG34409
N1.HOG0016628	Ppi1
N1.HOG0016629	Gpa2
N1.HOG0016630	l(3)80Fg
N1.HOG0016631	CG15213
N1.HOG0016632	CG13058
N1.HOG0016633	CG34155
N1.HOG0016634	CG32459
N1.HOG0016635	h-cup
N1.HOG0016636	Gr9a
N1.HOG0016637	COX7CL
N1.HOG0016638	fs(1)Yb
N1.HOG0016639	CG1603
N1.HOG0016640	CG15425
N1.HOG0016641	CG3597
N1.HOG0016642	DIP-lambda
N1.HOG0016643	Pten
N1.HOG0016644	CG14036
N1.HOG0016645	CG42557
N1.HOG0016646	CG4565
N1.HOG0016647	CG17691
N1.HOG0016648	CG3907
N1.HOG0016649	Tyler
N1.HOG0016650	CG15880
N1.HOG0016652	Pp1-Y1
N1.HOG0016653	CG14244
N1.HOG0016654	Edg91
N1.HOG0016655	CG15071
N1.HOG0016657	CG14380
N1.HOG0016658	CG33703
N1.HOG0016659	CG34250
N1.HOG0016660	CG1387
N1.HOG0016661	Syt7
N1.HOG0016662	CG44435
N1.HOG0016663	CG13175
N1.HOG0016664	aft
N1.HOG0016665	CG34229
N1.HOG0016666	CG17883
N1.HOG0016667	CG40498
N1.HOG0016668	CG30016
N1.HOG0016670	CG11400
N1.HOG0016671	CG34429
N1.HOG0016672	Dpm2
N1.HOG0016673	CG42372
N1.HOG0016675	Spec2
N1.HOG0016676	CG32109
N1.HOG0016677	CG30022
N1.HOG0016678	CG44245
N1.HOG0016679	Ntl
N1.HOG0016680	CG31808
N1.HOG0016681	dpr19
N1.HOG0016682	Snapin
N1.HOG0016683	CG34295,intr
N1.HOG0016684	CG17625
N1.HOG0016685	CG31806
N1.HOG0016686	CG11584
N1.HOG0016687	CG17193
N1.HOG0016688	CG15764
N1.HOG0016689	CG32643
N1.HOG0016690	CG15452
N1.HOG0016691	Tpt
N1.HOG0016692	CG13223
N1.HOG0016693	Ogg1
N1.HOG0016696	CG13002
N1.HOG0016697	GstT4
N1.HOG0016699	CG32590
N1.HOG0016700	CG2200
N1.HOG0016701	CG11791
N1.HOG0016702	GstE13
N1.HOG0016703	CG31922
N1.HOG0016704	CG17343
N1.HOG0016705	Pnn
N1.HOG0016706	CG31538
N1.HOG0016707	CG16825
N1.HOG0016708	CG32815
N1.HOG0016709	CG42357
N1.HOG0016710	Dso1
N1.HOG0016711	CG15471
N1.HOG0016712	PHDP
N1.HOG0016713	CG5386
N1.HOG0016714	CG30461
N1.HOG0016715	CG33189
N1.HOG0016716	Mocs2B
N1.HOG0016717	Dpm3
N1.HOG0016718	Atf6
N1.HOG0016725	sxc
N1.HOG0016727	Tengl1
N1.HOG0016728	CG12929
N1.HOG0016731	COX6CL
N1.HOG0016732	TTLL5
N1.HOG0016733	CG34305
N1.HOG0016741	RpL38
N1.HOG0016748	Gr89a
N1.HOG0016749	CG31741
N1.HOG0016750	meru
N1.HOG0016751	CG17059
N1.HOG0016752	CG34008
N1.HOG0016753	CG15167
N1.HOG0016754	CG3515
N1.HOG0016755	CG13010
N1.HOG0016757	CG42590
N1.HOG0016758	CG46466
N1.HOG0016759	CG33978
N1.HOG0016760	RYa
N1.HOG0016761	fuss
N1.HOG0016764	rl
N1.HOG0016765	Hmt4-20
N1.HOG0016767	CG43342
N1.HOG0016768	Lamtor1
N1.HOG0016769	CG32579
N1.HOG0016773	CG44532
N1.HOG0016774	CG43779
N1.HOG0016775	CG18558
N1.HOG0016776	Pk34A
N1.HOG0016777	CG15922
N1.HOG0016778	CG8509
N1.HOG0016780	side-VII
N1.HOG0016785	CG13775
N1.HOG0016786	nmdyn-D6
N1.HOG0016787	CG13500
N1.HOG0016788	CG14212
N1.HOG0016789	CG45066
N1.HOG0016790	CG5262
N1.HOG0016791	dpr7
N1.HOG0016792	CG33774
N1.HOG0016797	scro
N1.HOG0016798	CG42502
N1.HOG0016799	CG43954
N1.HOG0016800	CG34193
N1.HOG0016801	CG15172
N1.HOG0016802	MtnA
N1.HOG0016803	Andorra
N1.HOG0016804	CG43272
N1.HOG0016806	CG34232
N1.HOG0016807	CG33766
N1.HOG0016808	CG17764
N1.HOG0016809	CG11060
N1.HOG0016810	CG13045
N1.HOG0016811	zld
N1.HOG0016812	Xxylt
N1.HOG0016813	Polr3K
N1.HOG0016814	CG7227
N1.HOG0016815	CG3062
N1.HOG0016816	Ugt36F1
N1.HOG0016817	CG34011
N1.HOG0016818	CG13255
N1.HOG0016819	CG42714
N1.HOG0016821	GstE3
N1.HOG0016822	CG45084
N1.HOG0016824	CG32563
N1.HOG0016825	CG12990
N1.HOG0016826	Tsp42A
N1.HOG0016827	CG5342
N1.HOG0016828	CG9877
N1.HOG0016829	CG43295
N1.HOG0016830	CG31997
N1.HOG0016831	pkm
N1.HOG0016832	bsk
N1.HOG0016833	CG45062
N1.HOG0016834	CG8260
N1.HOG0016835	CG42381
N1.HOG0016836	CG13022
N1.HOG0016837	CG9550
N1.HOG0016838	CG11298
N1.HOG0016839	CG40472,ND-AGGG
N1.HOG0016840	CG34007
N1.HOG0016841	CG13871
N1.HOG0016842	Eo
N1.HOG0016843	CG14346
N1.HOG0016844	CG5367
N1.HOG0016845	Haspin
N1.HOG0016846	CG33155
N1.HOG0016847	CG14464
N1.HOG0016848	Npc1a
N1.HOG0016849	Spn47C
N1.HOG0016850	Kebab
N1.HOG0016851	CG31601
N1.HOG0016852	CG46434
N1.HOG0016853	CG13159
N1.HOG0016854	CG42504
N1.HOG0016855	Mkp
N1.HOG0016858	Muted
N1.HOG0016859	CG34298
N1.HOG0016860	Gprk1
N1.HOG0016861	CG5139
N1.HOG0016863	CG13566
N1.HOG0016864	CG9692
N1.HOG0016865	CG15023
N1.HOG0016866	CG15822
N1.HOG0016868	Rpp21
N1.HOG0016869	Cpr47Ed
N1.HOG0016873	trk
N1.HOG0016874	Ror
N1.HOG0016875	zye
N1.HOG0016876	fd19B
N1.HOG0016877	CG8012
N1.HOG0016878	CG30325
N1.HOG0016880	CG15728
N1.HOG0016881	CG31441
N1.HOG0016882	btl
N1.HOG0016883	CG43218
N1.HOG0016884	CG34289
N1.HOG0016885	Cyp6t3
N1.HOG0016886	Gr59e
N1.HOG0016887	CG34224
N1.HOG0016888	l(3)80Fj
N1.HOG0016889	CG15919
N1.HOG0016890	spn-D
N1.HOG0016891	mRpS7
N1.HOG0016892	CG44242
N1.HOG0016893	whip
N1.HOG0016894	CG43290
N1.HOG0016895	CG42238
N1.HOG0016896	CG34185
N1.HOG0016897	swif
N1.HOG0016898	CG12589
N1.HOG0016899	Bcs1
N1.HOG0016900	CG32681
N1.HOG0016901	CG41378
N1.HOG0016902	CG33199
N1.HOG0016903	CG31115
N1.HOG0016910	CG11836
N1.HOG0016911	CG34450
N1.HOG0016912	CG12523
N1.HOG0016913	CG31542
N1.HOG0016914	Naxd
N1.HOG0016924	Pif1B
N1.HOG0016925	CG30486
N1.HOG0016926	antr
N1.HOG0016927	BBIP1
N1.HOG0016928	CG33332
N1.HOG0016929	CG31157
N1.HOG0016930	CG41284,CG42598
N1.HOG0016931	Gr5a
N1.HOG0016932	CG30184
N1.HOG0016933	CG15800
N1.HOG0016934	CG3528
N1.HOG0016935	CG34444
N1.HOG0016936	CG30154
N1.HOG0016937	CG42489
N1.HOG0016938	lectin-33A
N1.HOG0016939	CG5693
N1.HOG0016940	CG42733,CG43397
N1.HOG0016941	CG15278
N1.HOG0016943	CG13050
N1.HOG0016944	p-cup
N1.HOG0016945	Dic3
N1.HOG0016946	CG31717
N1.HOG0016959	shams
N1.HOG0016961	ARY
N1.HOG0016962	Alg11
N1.HOG0016963	Boh1
N1.HOG0016964	CG14069
N1.HOG0016965	CG32812
N1.HOG0016966	CG33946
N1.HOG0016967	CG4972
N1.HOG0016968	CG43922
N1.HOG0016971	SLIRP1
N1.HOG0016972	CG15597
N1.HOG0016976	TpnC4
N1.HOG0016977	PQBP1
N1.HOG0016978	CG5402
N1.HOG0016979	CG16743
N1.HOG0016980	Obp85a
N1.HOG0016981	BomT2
N1.HOG0016982	t-Grip128
N1.HOG0016983	CG12521
N1.HOG0016984	prim
N1.HOG0016985	CG9312
N1.HOG0016986	CG42837
N1.HOG0016987	CG42729
N1.HOG0016989	ova
N1.HOG0016990	CG41561
N1.HOG0016994	CG46312
N1.HOG0016995	CG18258
N1.HOG0016996	fzo
N1.HOG0016997	CG9592
N1.HOG0016999	CG5235
N1.HOG0017000	PIG-M
N1.HOG0017001	CG30203
N1.HOG0017002	CG33672
N1.HOG0017004	CG12204
N1.HOG0017005	CG14835
N1.HOG0017006	CG30192
N1.HOG0017007	CG34206
N1.HOG0017008	CG11920
N1.HOG0017009	CG9083
N1.HOG0017010	CG32829
N1.HOG0017011	aspr
N1.HOG0017012	CG9689
N1.HOG0017013	CAH4
N1.HOG0017015	LSm-4
N1.HOG0017017	ND-MNLL
N1.HOG0017018	CG3253
N1.HOG0017021	CG11406
N1.HOG0017023	CG5708
N1.HOG0017024	CG46307
N1.HOG0017025	CG12693
N1.HOG0017026	CG43725
N1.HOG0017027	CG5773
N1.HOG0017028	CG43114
N1.HOG0017029	CG15548
N1.HOG0017030	CG14797
N1.HOG0017031	CG32712
N1.HOG0017032	CG13984
N1.HOG0017033	CG14864
N1.HOG0017034	gus
N1.HOG0017035	Cdk5alpha
N1.HOG0017037	CG32599
N1.HOG0017038	CG46399
N1.HOG0017039	CG45273
N1.HOG0017042	CG33772
N1.HOG0017043	CG4073
N1.HOG0017044	CG46441
N1.HOG0017045	CG30050
N1.HOG0017046	CG31093
N1.HOG0017047	CG33947
N1.HOG0017048	CG34242
N1.HOG0017049	Myo81F
N1.HOG0017057	CG42507
N1.HOG0017058	inaF-A
N1.HOG0017059	CG33293
N1.HOG0017060	CG9632
N1.HOG0017061	BomBc1
N1.HOG0017063	CG43181
N1.HOG0017064	Scp1
N1.HOG0017065	CG4995
N1.HOG0017066	CG34244
N1.HOG0017067	CG42806
N1.HOG0017070	CG18404
N1.HOG0017071	CG5727
N1.HOG0017072	CG42857
N1.HOG0017073	CG15036
N1.HOG0017074	CG10845
N1.HOG0017075	Kmn2
N1.HOG0017078	CG32603
N1.HOG0017080	CG17698
N1.HOG0017082	CG13198
N1.HOG0017089	CG11227
N1.HOG0017090	CG32161
N1.HOG0017091	CG10969
N1.HOG0017092	Obp93a
N1.HOG0017093	CG45092
N1.HOG0017094	CG32834,CG32833
N1.HOG0017095	Rrp47
N1.HOG0017096	CG14313
N1.HOG0017098	CG5381
N1.HOG0017099	CG34307
N1.HOG0017100	CG14113
N1.HOG0017101	CG33704
N1.HOG0017102	CG30156
N1.HOG0017103	CG5731
N1.HOG0017105	CG1503
N1.HOG0017106	l(2)SH0834
N1.HOG0017107	Iris
N1.HOG0017108	CG46398
N1.HOG0017109	CG43630
N1.HOG0017110	CG13989
N1.HOG0017111	Stlk
N1.HOG0017113	brk
N1.HOG0017115	CG10801
N1.HOG0017116	CG14252
N1.HOG0017117	CG43935
N1.HOG0017118	ND-B8
N1.HOG0017119	CG34216
N1.HOG0017120	CG13581
N1.HOG0017121	gny
N1.HOG0017122	CG14104
N1.HOG0017124	ovm
N1.HOG0017125	CG33914
N1.HOG0017126	CG13998
N1.HOG0017127	CG43057
N1.HOG0017128	CG34452
N1.HOG0017129	AlkB
N1.HOG0017132	Ugt307A1
N1.HOG0017133	CG33172
N1.HOG0017134	Acp32CD
N1.HOG0017135	CG11585
N1.HOG0017136	Gpb5
N1.HOG0017137	Spf30
N1.HOG0017142	Or2a
N1.HOG0017143	CG34330
N1.HOG0017144	CG34210
N1.HOG0017145	CG34312,CG30058
N1.HOG0017146	CG12860
N1.HOG0017147	CG12923
N1.HOG0017148	CG12689
N1.HOG0017149	tal-AA
N1.HOG0017150	ms(2)35Ci
N1.HOG0017151	CG43187
N1.HOG0017153	CG33262
N1.HOG0017154	CG10598
N1.HOG0017155	CG30479
N1.HOG0017157	CG17177
N1.HOG0017158	CG10887
N1.HOG0017161	CG42728
N1.HOG0017162	CG7058
N1.HOG0017164	eEF1delta
N1.HOG0017165	CG11839
N1.HOG0017166	GatC
N1.HOG0017167	CG9400
N1.HOG0017168	Vps11
N1.HOG0017169	CG30056
N1.HOG0017171	CG32695
N1.HOG0017172	CG46303
N1.HOG0017174	RpL39
N1.HOG0017175	CG13193
N1.HOG0017176	CG7695
N1.HOG0017177	CG12540
N1.HOG0017179	VepD
N1.HOG0017181	CG32117
N1.HOG0017182	CG31111
N1.HOG0017183	ND-MLRQ
N1.HOG0017184	P5CDh2
N1.HOG0017186	CG3306
N1.HOG0017187	aqrs
N1.HOG0017188	ppk8
N1.HOG0017189	Acp53C14a,Acp53C14b,Acp53Ea
N1.HOG0017190	CG43107
N1.HOG0017191	sud1
N1.HOG0017192	udd
N1.HOG0017193	CycD
N1.HOG0017194	CG31021
N1.HOG0017195	CG13039
N1.HOG0017196	CG11368
N1.HOG0017197	CG43207
N1.HOG0017198	moi
N1.HOG0017199	CG42497
N1.HOG0017201	CG33230
N1.HOG0017202	CG14913
N1.HOG0017204	CG13138
N1.HOG0017205	CG33285
N1.HOG0017206	CG8620
N1.HOG0017207	CG13482
N1.HOG0017208	CG14506
N1.HOG0017220	CG15332,CG15333
N1.HOG0017222	CG43208
N1.HOG0017223	CG46460
N1.HOG0017224	CG9106
N1.HOG0017225	cola
N1.HOG0017226	ddbt
N1.HOG0017228	CG33095
N1.HOG0017229	CG34337
N1.HOG0017231	CG15577,CG15578
N1.HOG0017232	Sgs5,Sgs5bis
N1.HOG0017234	CG12438
N1.HOG0017235	CG31600
N1.HOG0017237	CG43317
N1.HOG0017238	CG5250
N1.HOG0017239	CG46467
N1.HOG0017240	CG34279
N1.HOG0017241	srw
N1.HOG0017243	zormin
N1.HOG0017245	CG13562
N1.HOG0017246	Alp11
N1.HOG0017247	Obp50b
N1.HOG0017251	CG46463
N1.HOG0017254	Mgat4b
N1.HOG0017257	CG30334
N1.HOG0017258	CG42659
N1.HOG0017260	CG40439,CG46302
N1.HOG0017261	saturn
N1.HOG0017264	corto
N1.HOG0017265	CG8565
N1.HOG0017267	CG42556
N1.HOG0017268	CG43204
N1.HOG0017270	CG32986
N1.HOG0017271	BG642312
N1.HOG0017273	CG13869
N1.HOG0017275	CG44194
N1.HOG0017277	CG8840
N1.HOG0017278	CG13053
N1.HOG0017279	obst-J
N1.HOG0017280	CG8252
N1.HOG0017281	CG34256
N1.HOG0017282	Csas
N1.HOG0017283	CG17199
N1.HOG0017285	AGO3
N1.HOG0017289	CG42394
N1.HOG0017290	CG12783
N1.HOG0017294	CG30033
N1.HOG0017295	CG15185
N1.HOG0017296	MED31
N1.HOG0017297	Tcs6
N1.HOG0017300	CG12715
N1.HOG0017302	CG12861
N1.HOG0017303	CG14695
N1.HOG0017306	CG32236
N1.HOG0017308	CG43968
N1.HOG0017309	CG17744
N1.HOG0017310	CG5781
N1.HOG0017311	yip3
N1.HOG0017312	Nxf3
N1.HOG0017316	Muc4B
N1.HOG0017317	CG15446
N1.HOG0017318	CG11404
N1.HOG0017320	Or71a
N1.HOG0017321	ntc
N1.HOG0017323	CG34241
N1.HOG0017324	CG13884
N1.HOG0017326	CG32718
N1.HOG0017328	hale
N1.HOG0017329	CG40298
N1.HOG0017331	CG46430
N1.HOG0017332	CG32655
N1.HOG0017333	CG32163
N1.HOG0017334	CG10013
N1.HOG0017335	CG14860
N1.HOG0017337	tplus3a,tplus3b
N1.HOG0017339	CG42266
N1.HOG0017340	Mocs2A
N1.HOG0017345	CG34435
N1.HOG0017346	CG30172
N1.HOG0017349	CG42752
N1.HOG0017352	CG43088
N1.HOG0017357	CG3860
N1.HOG0017359	Sfp53D
N1.HOG0017360	CG13563
N1.HOG0017361	CG11459
N1.HOG0017363	CG34033
N1.HOG0017364	MFS17
N1.HOG0017365	mthl15
N1.HOG0017366	FoxP
N1.HOG0017367	CG15638
N1.HOG0017368	CG33217
N1.HOG0017369	CG12307
N1.HOG0017371	CG33339
N1.HOG0017373	CG9072
N1.HOG0017374	CG17658
N1.HOG0017375	MtnF
N1.HOG0017377	CG15576
N1.HOG0017382	Esp
N1.HOG0017384	CG45089
N1.HOG0017385	CG13557
N1.HOG0017386	CG46442
N1.HOG0017389	Or1a
N1.HOG0017392	CG14070
N1.HOG0017393	CG43182
N1.HOG0017394	CG13000
N1.HOG0017395	CG42655,CG42654
N1.HOG0017396	nvd
N1.HOG0017397	CG42308
N1.HOG0017398	CG5079
N1.HOG0017401	CNT1
N1.HOG0017403	CG11786
N1.HOG0017405	CG7320
N1.HOG0017407	CG14634
N1.HOG0017408	CG6893
N1.HOG0017411	CG34277
N1.HOG0017412	CG31897
N1.HOG0017413	CG1958
N1.HOG0017414	CG45101
N1.HOG0017415	CG42759
N1.HOG0017418	S6KL
N1.HOG0017424	CG31219,CG12133,CG16710,CG10232,CG18754,CG31220
N1.HOG0017429	CG40470
N1.HOG0017432	CG5172
N1.HOG0017433	Sfp24Ba,Sfp24Bd,Sfp24Bb,Sfp24Bc,CG42465
N1.HOG0017436	CG9029
N1.HOG0017439	CG34273,CG42568
N1.HOG0017440	CG1631
N1.HOG0017441	CG14877
N1.HOG0017442	CG12824,CG12825
N1.HOG0017443	CG34180
N1.HOG0017446	CG34222
N1.HOG0017449	CG10445
N1.HOG0017451	CG42781
N1.HOG0017453	CG34430
N1.HOG0017461	CG14929
N1.HOG0017468	CG45099
N1.HOG0017469	CG45075
N1.HOG0017470	mRpS5
N1.HOG0017471	CG32246
N1.HOG0017473	CG43138
N1.HOG0017474	CG15034
N1.HOG0017478	ppk29
N1.HOG0017479	CG32855
N1.HOG0017480	Hand
N1.HOG0017481	nod
N1.HOG0017485	CG12661
N1.HOG0017487	CG12506,CG13947,CG13946
N1.HOG0017490	CG3713
N1.HOG0017492	CG4730
N1.HOG0017493	CG42391
N1.HOG0017497	Dic4
N1.HOG0017500	CG1663
N1.HOG0017501	CkIIalpha-i1
N1.HOG0017502	CG42878
N1.HOG0017503	CG42662
N1.HOG0017504	CG8750
N1.HOG0017506	CG43111
N1.HOG0017508	CG17580
N1.HOG0017509	CG42392
N1.HOG0017510	CG42710
N1.HOG0017512	CG5478
N1.HOG0017523	Sws1
N1.HOG0017524	CG34196
N1.HOG0017525	CG3349
N1.HOG0017526	Fad2
N1.HOG0017527	Pif1A
N1.HOG0017535	CG43315
N1.HOG0017536	Sfp26Ac,Acp63F
N1.HOG0017539	Or43b
N1.HOG0017540	CG18808
N1.HOG0017544	CG42703
N1.HOG0017548	CG1394,CG15200,CG11106
N1.HOG0017550	CG31867
N1.HOG0017551	CG43850
N1.HOG0017552	CG8508
N1.HOG0017553	CG10934
N1.HOG0017554	CG42688
N1.HOG0017558	UBL3
N1.HOG0017559	CG18170
N1.HOG0017560	Sprn
N1.HOG0017565	CG34267,CG34268
N1.HOG0017566	CG34288
N1.HOG0017567	IM18
N1.HOG0017569	CG14053
N1.HOG0017571	CG43844
N1.HOG0017572	CG43203
N1.HOG0017573	CG34310
N1.HOG0017584	CG13073
N1.HOG0017585	CG34327
N1.HOG0017586	CG43139
N1.HOG0017588	CG33267,CG7377,CG33268
N1.HOG0017589	CG44329
N1.HOG0017591	CG43219
N1.HOG0017594	CG34160
N1.HOG0017595	CG46387
N1.HOG0017597	CG42287
N1.HOG0017600	CG30356
N1.HOG0017601	CG31244
N1.HOG0017602	CG42615
N1.HOG0017603	Obp57b,Obp57a
N1.HOG0017608	CG42711
N1.HOG0017609	CG34338
N1.HOG0017610	MICAL-like
N1.HOG0017611	CG43244
N1.HOG0017615	CG42855
N1.HOG0017616	CG43246,CG43919
N1.HOG0017620	CG15353
N1.HOG0017623	bnb
N1.HOG0017624	CG30284
N1.HOG0017628	CG43851
N1.HOG0017630	CG9445
N1.HOG0017636	CG45428
N1.HOG0017637	CG33309
N1.HOG0017639	CG43063
N1.HOG0017641	CG42526
N1.HOG0017642	CG34027
N1.HOG0017645	CG32450
N1.HOG0017648	CG15337
N1.HOG0017652	CG2291
N1.HOG0017656	CG12682
N1.HOG0017657	CG31785
N1.HOG0017658	CG46394
N1.HOG0017659	CG18213
N1.HOG0017662	Orcokinin
N1.HOG0017663	CG46281
N1.HOG0017667	CG43179,CG43291,CG9616
N1.HOG0017688	CG15734
N1.HOG0017690	CG42354
N1.HOG0017691	CG32719
N1.HOG0017693	CG8089
N1.HOG0017695	CG12347
N1.HOG0017696	djl,dj
N1.HOG0017699	CG6508
N1.HOG0017700	CG17134
N1.HOG0017706	Or13a
N1.HOG0017707	Hyls1
N1.HOG0017708	Sfp84E
N1.HOG0017713	CG4174
N1.HOG0017715	CG30099
N1.HOG0017716	CG12310,CG13461
N1.HOG0017717	CG44286
N1.HOG0017719	Gr68a
N1.HOG0017720	CG34299
N1.HOG0017721	CG42597
N1.HOG0017724	CG34286
N1.HOG0017725	CG14459
N1.HOG0017726	Obp47a
N1.HOG0017727	CG13723
N1.HOG0017728	CG34031
N1.HOG0017729	HP1e
N1.HOG0017731	CG43675
N1.HOG0017750	CG43318
N1.HOG0017759	CG30060
N1.HOG0017762	CG34436,CG34437
N1.HOG0017763	CG43125,CG43124
N1.HOG0017766	CG7304
N1.HOG0017769	CG15404
N1.HOG0017771	CG44261
N1.HOG0017773	Cyp308a1
N1.HOG0017776	Cpr62Ba
N1.HOG0017777	CG43168
N1.HOG0017785	CG13376
N1.HOG0017786	CG13070
N1.HOG0017789	CG44253
N1.HOG0017791	CG43659
N1.HOG0017793	Spn42De
N1.HOG0017794	Mipp2
N1.HOG0017796	Ir62a
N1.HOG0017798	CG31821
N1.HOG0017800	Or45a
N1.HOG0017801	CG15394
N1.HOG0017803	CG14330
N1.HOG0017805	Mst77Y-4,CG45764,CG45765,CG45766,Mst77Y-13,Mst77Y-7,Mst77Y-9,CG45770,Mst77F
N1.HOG0017806	CG34278,CG44040
N1.HOG0017807	mthl7,mthl12,mthl13
N1.HOG0017808	CG15563
N1.HOG0017813	CG42661,CG42660,CG43292
N1.HOG0017814	CG32454
N1.HOG0017815	CG42493
N1.HOG0017824	CG31698
N1.HOG0017826	CG31949
N1.HOG0017827	Hesr
N1.HOG0017833	Mtk
N1.HOG0017836	Obp8a
N1.HOG0017843	CG34451
N1.HOG0017845	Pos
N1.HOG0017850	CG44141,CG44140
N1.HOG0017858	PIG-S
N1.HOG0017860	solo
N1.HOG0017867	kl-2
N1.HOG0017871	CG45413
N1.HOG0017875	CG42792,CG44475
N1.HOG0017877	CG44438
N1.HOG0017881	CG43049
N1.HOG0017882	CG13813
N1.HOG0017883	CG32148
N1.HOG0017887	CG9570
N1.HOG0017889	CG32249
N1.HOG0017893	Acp76A
N1.HOG0017894	Spn75F
N1.HOG0017898	CG32573
N1.HOG0017902	CG14054
N1.HOG0017905	CG42833
N1.HOG0017907	CG17279
N1.HOG0017909	CG42470
N1.HOG0017910	CG42471
N1.HOG0017911	CG1288
N1.HOG0017915	CG4716
N1.HOG0017916	Ibf1
N1.HOG0017920	CG13962
N1.HOG0017921	CG33941
N1.HOG0017931	CG42393,CG43393,CG44163,CG32192
N1.HOG0017934	CG17129
N1.HOG0017941	CG43233
N1.HOG0017945	CG46321
N1.HOG0017946	CG43321
N1.HOG0017950	Obp51a
N1.HOG0017951	CG44088
N1.HOG0017952	dao
N1.HOG0017953	CG46426
N1.HOG0017957	CG32591
N1.HOG0017958	CG31050
N1.HOG0017959	CG42635
N1.HOG0017960	CG17738
N1.HOG0017961	CG31661
N1.HOG0017965	GstO1
N1.HOG0017966	CG31464
N1.HOG0017967	TotZ
N1.HOG0017968	CG42697
N1.HOG0017971	CG11170
N1.HOG0017972	CG42819
N1.HOG0017973	Pask
N1.HOG0017975	CG32395
N1.HOG0017978	CG32650
N1.HOG0017979	CG42691,CG43195,CG42690
N1.HOG0017980	CG33465,CG43742
N1.HOG0017990	CG16736
N1.HOG0017996	CG14400
N1.HOG0018001	CG6553
N1.HOG0018002	CG13837
N1.HOG0018006	CG6527
N1.HOG0018015	CG33125
N1.HOG0018023	Obp57e,Obp57d
N1.HOG0018028	CG7290
N1.HOG0018029	CG10286
N1.HOG0018031	CG34214
N1.HOG0018036	CG43371
N1.HOG0018041	CG13862
N1.HOG0018043	CG7299
N1.HOG0018051	PH4alphaSG1
N1.HOG0018053	CG12115
N1.HOG0018054	CG31817
N1.HOG0018062	CG31546
N1.HOG0018067	CG11373
N1.HOG0018068	Nepl3
N1.HOG0018069	CG4324
N1.HOG0018070	CG34213
N1.HOG0018071	CG11307
N1.HOG0018074	CG43235
N1.HOG0018078	CG34292
N1.HOG0018079	CG30484
N1.HOG0018080	CG33136
N1.HOG0018082	PGRP-SB2
N1.HOG0018083	CG2209
N1.HOG0018084	Gr47a
N1.HOG0018085	CG13250
N1.HOG0018086	CG43327
N1.HOG0018087	CG43396
N1.HOG0018088	CG32639
N1.HOG0018089	CG30065
N1.HOG0018091	CG6661
N1.HOG0018092	CG15059
N1.HOG0018093	CG44405
N1.HOG0018095	CG32243
N1.HOG0018096	w-cup
N1.HOG0018098	CG46428
N1.HOG0018105	CG12934
N1.HOG0018106	CG15107
N1.HOG0018110	Ibf2
N1.HOG0018111	CG30178
N1.HOG0018113	CG7829
N1.HOG0018114	CG11668
N1.HOG0018115	CG43316
N1.HOG0018116	CG13829
N1.HOG0018118	CG32228
N1.HOG0018119	CG15784
N1.HOG0018120	CG7653
N1.HOG0018121	CG10834
N1.HOG0018122	CG46395
N1.HOG0018126	CG17283
N1.HOG0018128	CG11695
N1.HOG0018129	CG43920
N1.HOG0018130	CG17186
N1.HOG0018131	TotB,TotA,TotC
N1.HOG0018132	CG12784
N1.HOG0018133	CG43071
N1.HOG0018137	CG13359
N1.HOG0018138	CG43135
N1.HOG0018139	CG13460
N1.HOG0018140	CG14324
N1.HOG0018141	Dro
N1.HOG0018142	robl37BC
N1.HOG0018145	Brd
N1.HOG0018147	CG13722
N1.HOG0018148	CG33310
N1.HOG0018149	CG46459
N1.HOG0018150	CG44569
N1.HOG0018153	Pgcl
N1.HOG0018154	CG34190
N1.HOG0018159	CG5388
N1.HOG0018163	CG14237
N1.HOG0018164	CG11741
N1.HOG0018169	CG9757
N1.HOG0018170	ccb
N1.HOG0018171	CG46443
N1.HOG0018173	CG14453
N1.HOG0018174	CG13471
N1.HOG0018175	CG33278
N1.HOG0018176	CG43221
N1.HOG0018183	tHMG2,tHMG1
N1.HOG0018184	CG17207
N1.HOG0018186	CG15115
N1.HOG0018187	CG13228
N1.HOG0018188	c(3)G
N1.HOG0018193	CG31493
N1.HOG0018194	CG30177
N1.HOG0018195	CG30485
N1.HOG0018197	Gr10b
N1.HOG0018203	CG34248
N1.HOG0018211	CG13244
N1.HOG0018213	CG42740
N1.HOG0018215	CG14017
N1.HOG0018217	CG3640
N1.HOG0018220	CG32263
N1.HOG0018221	CG13511
N1.HOG0018223	Or85a
N1.HOG0018227	CG14668
N1.HOG0018229	CG15721
N1.HOG0018231	CG14974
N1.HOG0018232	CG30480
N1.HOG0018233	CG34049
N1.HOG0018235	Schip1
N1.HOG0018236	Or7a
N1.HOG0018237	ng4
N1.HOG0018243	CG45063
N1.HOG0018244	CG14362
N1.HOG0018246	CG10651
N1.HOG0018254	CG6333
N1.HOG0018255	CG42820
N1.HOG0018257	CG15116
N1.HOG0018260	CG18581
N1.HOG0018261	CG42263
N1.HOG0018265	CG3199
N1.HOG0018267	CG34028
N1.HOG0018268	CG46462
N1.HOG0018269	CG34276
N1.HOG0018270	CG8746
N1.HOG0018271	CG43103
N1.HOG0018272	CG43668
N1.HOG0018278	CG34323,hog
N1.HOG0018282	CG43184
N1.HOG0018283	CG32106
N1.HOG0018286	gdrd
N1.HOG0018287	CG11635
N1.HOG0018307	CG13021
N1.HOG0018312	CG13891
N1.HOG0018313	Ebp
N1.HOG0018314	CG14664
N1.HOG0018324	CG34041
N1.HOG0018329	CG43666
N1.HOG0018339	CG45081
N1.HOG0018343	CG12483
N1.HOG0018344	CG12126
N1.HOG0018345	CG13066
N1.HOG0018346	CG34269
N1.HOG0018348	CG2533
N1.HOG0018350	CG13171
N1.HOG0018351	CG42559
N1.HOG0018352	CG31517
N1.HOG0018354	CG34043
N1.HOG0018358	CG31268
N1.HOG0018359	CG12620
N1.HOG0018361	CG3868
N1.HOG0018362	CG18748
N1.HOG0018363	CG34165
N1.HOG0018364	CG42634
N1.HOG0018365	CG17650
N1.HOG0018366	CG30091
N1.HOG0018368	CG42496
N1.HOG0018371	CG43054
N1.HOG0018372	CG32115
N1.HOG0018373	CG13738
N1.HOG0018375	CG13577
N1.HOG0018376	CG34434
N1.HOG0018377	CG32806
N1.HOG0018382	CG14089
N1.HOG0018383	Acp26Ab
N1.HOG0018384	CG42810
N1.HOG0018385	CG2854
N1.HOG0018386	CG11756
N1.HOG0018387	CG31551
N1.HOG0018388	CG44434
N1.HOG0018390	CG2861
N1.HOG0018391	CG45067
N1.HOG0018394	CG1314
N1.HOG0018395	Cul6
N1.HOG0018396	CG10943
N1.HOG0018397	CG32720
N1.HOG0018398	CG15225
N1.HOG0018399	CG14756
N1.HOG0018400	CG6790
N1.HOG0018401	CG15498
N1.HOG0018403	CG12828
N1.HOG0018410	Fst
N1.HOG0018411	CG14419
N1.HOG0018417	CG14635
N1.HOG0018418	CG9928
N1.HOG0018424	CG42751
N1.HOG0018425	Skadu
N1.HOG0018430	CG44476
N1.HOG0018431	CG43131
N1.HOG0018432	CG30416
N1.HOG0018442	CG34168
N1.HOG0018443	CG12538
N1.HOG0018444	IBIN,CG45045
N1.HOG0018449	CG15550
N1.HOG0018450	CG43091
N1.HOG0018451	CG32726
N1.HOG0018452	CG43190
N1.HOG0018454	SP,Dup99B
N1.HOG0018463	CG31560
N1.HOG0018467	CG46396
N1.HOG0018468	CG43095
N1.HOG0018477	CG45100
N1.HOG0018479	CG11663
N1.HOG0018480	Sgsf
N1.HOG0018482	CG31804
N1.HOG0018483	Met75Cb,Met75Ca
N1.HOG0018484	CG42846
N1.HOG0018485	CG46458
N1.HOG0018486	CG12158
N1.HOG0018487	CG18281,CG17637
N1.HOG0018489	CG6071
N1.HOG0018490	CG11664
N1.HOG0018491	CG34030
N1.HOG0018493	CG43117
N1.HOG0018494	CG42851
N1.HOG0018495	Mst33A
N1.HOG0018500	CG17287
N1.HOG0018503	tra
N1.HOG0018504	dob
N1.HOG0018505	CG43188
N1.HOG0018506	CG31875
N1.HOG0018507	Mst84B
N1.HOG0018517	CG43083
N1.HOG0018525	CG32452
N1.HOG0018526	CG43167
N1.HOG0018527	CG13426
N1.HOG0018532	CG34051
N1.HOG0018534	CG12729
N1.HOG0018535	CG46457
N1.HOG0018536	CG7606
N1.HOG0018537	CG14190
N1.HOG0018538	CG10799
N1.HOG0018539	CG42831
N1.HOG0018547	CG44437
N1.HOG0018548	CG44341
N1.HOG0018550	CG34170
N1.HOG0018551	CG15641
N1.HOG0018567	CG43121
N1.HOG0018568	CG43232
N1.HOG0018570	CG16978
N1.HOG0018571	CG31206
N1.HOG0018589	CG42758
N1.HOG0018591	CG43996
N1.HOG0018592	CG18666
N1.HOG0018593	CG9016
N1.HOG0018595	CG43277
N1.HOG0018596	CG43209
N1.HOG0018597	CG1324
N1.HOG0018599	CG2983
N1.HOG0018600	Sfp35C,CG43307
N1.HOG0018606	Tpl94D
N1.HOG0018610	CG31639
N1.HOG0018613	CG46448
N1.HOG0018614	CG31174
N1.HOG0018615	CG17944
N1.HOG0018616	CG6209
N1.HOG0018617	CG33460
N1.HOG0018618	CG11413
N1.HOG0018621	CG46304
N1.HOG0018622	CG14370
N1.HOG0018623	CG42764
N1.HOG0018631	CG42591
N1.HOG0018632	CG15196
N1.HOG0018633	CG18368
N1.HOG0018634	CG16741
N1.HOG0018635	spaw
N1.HOG0018639	CG14628,CG18823
N1.HOG0018642	CG9525
N1.HOG0018646	CG11666
N1.HOG0018647	CG11597
N1.HOG0018648	CG45095
N1.HOG0018651	CG7300
N1.HOG0018652	CG43108
N1.HOG0018653	CG14759
N1.HOG0018654	CG34025
N1.HOG0018667	CG43210
N1.HOG0018668	CG43439
N1.HOG0018669	CG43059
N1.HOG0018670	CG43072
N1.HOG0018671	CG34235
N1.HOG0018672	CG18449
N1.HOG0018674	CG10950
N1.HOG0018679	Acp29AB
N1.HOG0018697	CG17242
N1.HOG0018698	CG42656
N1.HOG0018700	CG46306
N1.HOG0018711	CG42718
N1.HOG0018712	CG43965
N1.HOG0018714	CG44044
N1.HOG0018715	CG30110
N1.HOG0018730	CG43923,CG43924
N1.HOG0018731	CG42587
N1.HOG0018732	CG46456
N1.HOG0018733	CG46429
N1.HOG0018734	CG14265
N1.HOG0018761	Eig71Ee
N1.HOG0018762	CG14852
N1.HOG0018763	CG43449
N1.HOG0018766	atlas
N1.HOG0018768	Sfp60F,EbpII
N1.HOG0018772	CG12546,CG14452
N1.HOG0018777	CG1979
N1.HOG0018778	CG32388
N1.HOG0018780	CG31606
N1.HOG0018796	CG7579
N1.HOG0018798	CG16888
N1.HOG0018801	CG17362
N1.HOG0018802	CG46397
N1.HOG0018804	CG42841
N1.HOG0018807	Pig1
N1.HOG0018818	CG18628
N1.HOG0018821	CG13385
N1.HOG0018826	CG42355
N1.HOG0018827	CG43750
N1.HOG0018836	CG2111
N1.HOG0018838	CG11458
N1.HOG0018841	CG42824
N1.HOG0018843	CG43109
N1.HOG0018862	CG9806
N1.HOG0018864	CG45116
N1.HOG0018865	CG17666
N1.HOG0018866	CG43845
N1.HOG0018867	CG46433
N1.HOG0018868	BG642167
N1.HOG0018869	CG30432
N1.HOG0018882	CG15330
N1.HOG0018886	CG43679
N1.HOG0018887	CG18810
N1.HOG0018888	CG44385
N1.HOG0018889	CG12912
N1.HOG0018892	CG14294
N1.HOG0018897	CG34328
N1.HOG0018913	CG43403
N1.HOG0018914	CG43249
N1.HOG0018915	Mst84Dd
N1.HOG0018916	CG31415
N1.HOG0018918	CG44314
N1.HOG0018943	CG15882
N1.HOG0018944	CG5011
N1.HOG0018946	CG30369
N1.HOG0018949	CG43638
N1.HOG0018950	Acp26Aa
N1.HOG0018964	CG43273
N1.HOG0018975	hemo
N1.HOG0018977	whe
N1.HOG0018980	CG31788
N1.HOG0018990	CG32651
N1.HOG0018997	CG44623
N1.HOG0018998	CG43070
N1.HOG0019004	CG43392
N1.HOG0019005	CG30430
N1.HOG0019006	CG43069
N1.HOG0019007	CG5681
N1.HOG0019014	CG46440
N1.HOG0019017	Sfp65A
N1.HOG0019023	CG43678
N1.HOG0019043	CG43647
N1.HOG0019045	Sfp78E
N1.HOG0019050	CG4271
N1.HOG0019068	Polr2D
N1.HOG0019069	Sfp23F,CG42460
N1.HOG0019071	CG43175
N1.HOG0019077	CG14357
N1.HOG0019091	CG9682
N1.HOG0019098	CG16964
N1.HOG0019113	CG44869
N1.HOG0019114	CG44622
N1.HOG0019116	CG4375
N1.HOG0019119	CG44625
N1.HOG0019120	CG15260
N1.HOG0019134	CG43098
N1.HOG0019144	Sfp26Ad
N1.HOG0019146	CG42649
N1.HOG0019147	CG44102
N1.HOG0019150	CG43405
N1.HOG0019151	CG30151
N1.HOG0019154	gdl-ORF39
N1.HOG0019174	CG1835
N1.HOG0019175	CG44198
N1.HOG0019192	CG42753
N1.HOG0019204	CG44257
N1.HOG0019205	CG42789
N1.HOG0019209	CG43760
N1.HOG0019227	CG43147,CG42481,Sfp70A4
N1.HOG0019236	CG44426
N1.HOG0019242	Sgs1
N1.HOG0019301	CG46059
N1.HOG0019314	CG43400
N1.HOG0019316	CG31286
N1.HOG0019317	CG31495
N1.HOG0019318	CG46026
N1.HOG0019319	CG43351
N1.HOG0019330	CG43137
N1.HOG0019355	ng1,ng2
N1.HOG0019356	CG43093
N1.HOG0019367	CG42876
N1.HOG0019374	CG6481
N1.HOG0019386	Sfp33A1
N1.HOG0019411	CG43056
N1.HOG0019412	CG11226
N1.HOG0019414	Mur82C
N1.HOG0019444	CG32373
N1.HOG0019462	CG46492
N1.HOG0019464	msopa
N1.HOG0019465	CG42762
N1.HOG0019466	CG45544
N1.HOG0019467	CG43376
N1.HOG0019468	CG46464
N1.HOG0019496	Obp22a
N1.HOG0019523	Spn53F
N1.HOG0019535	CG14137
N1.HOG0019540	CG8157
N1.HOG0019541	CG30039
N1.HOG0019564	CG45085
N1.HOG0019574	CG34431
N1.HOG0019575	CG31955
N1.HOG0019605	CG42867
N1.HOG0019632	CG42832
N1.HOG0019634	CG43677
N1.HOG0019635	Tango8
N1.HOG0019645	CG43084
N1.HOG0019646	CG43192
N1.HOG0019654	CG18518
N1.HOG0019656	sphinx2,sphinx1
N1.HOG0019665	CG43116
N1.HOG0019669	Muc30E
N1.HOG0019684	CG42818
N1.HOG0019706	Obp56i
N1.HOG0019713	CG34105,CG13560,CG12491
N1.HOG0019752	CG46412
N1.HOG0019753	Rdh
N1.HOG0019754	CG43123
N1.HOG0019756	CG43085
N1.HOG0019780	CG42521
N1.HOG0019782	CG43788
N1.HOG0019792	CG42680
N1.HOG0019793	CG44403
N1.HOG0019819	CG43938
N1.HOG0019822	CG45079
N1.HOG0019834	CG43993
N1.HOG0019836	Sfp77F
N1.HOG0019837	CG44139
N1.HOG0019899	CG43389
N1.HOG0019960	CG44428
N1.HOG0019961	hydra
N1.HOG0019962	CG43402
N1.HOG0019964	CG11113,CG1701
N1.HOG0019998	CG43245
N1.HOG0020001	CG13494
N1.HOG0020002	betaNACtes1,betaNACtes4,betaNACtes2,betaNACtes6,betaNACtes3
N1.HOG0020009	CG43185
N1.HOG0020055	CG42523
N1.HOG0020056	CG11300
N1.HOG0020057	CG42693
N1.HOG0020086	Mst84Da
N1.HOG0020090	Mtkl
N1.HOG0020093	CG32235
N1.HOG0020134	CG43702
N1.HOG0020137	CG43248
N1.HOG0020138	CG43680
N1.HOG0020142	CG43062
N1.HOG0020177	CG43829
N1.HOG0020231	CG30395
N1.HOG0020232	CG43237
N1.HOG0020234	Sfp24C1,CG43145
N1.HOG0020321	CG43267
N1.HOG0020327	CG43997
N1.HOG0020328	CG7133
N1.HOG0020329	CG10734
N1.HOG0020330	CG14610
N1.HOG0020331	Anp
N1.HOG0020333	Chd3
N1.HOG0020341	SclB
N1.HOG0020388	CG45546
N1.HOG0020471	CG6324
N1.HOG0020472	CG42847
N1.HOG0020473	CG42692
N1.HOG0020474	CG43271
N1.HOG0020475	CG43293
N1.HOG0020477	CG43915
N1.HOG0020478	CG43646
N1.HOG0020479	CG43982
N1.HOG0020480	CG31230
N1.HOG0020537	CG44174
N1.HOG0020605	CG42705
N1.HOG0020607	sala
N1.HOG0020608	CG43813
N1.HOG0020609	CG43886
N1.HOG0020610	CG11112
N1.HOG0020611	Mst57Db
N1.HOG0020614	CG44574
N1.HOG0020622	AANATL5,AANATL6
N1.HOG0020633	SclA
N1.HOG0020745	lawc
N1.HOG0020749	CG42704
N1.HOG0020752	CG12522,CG32071
N1.HOG0020757	Ref2
N1.HOG0020762	CG43797
N1.HOG0020789	CG32102
N1.HOG0020813	CG44355
N1.HOG0020814	CG44270
N1.HOG0020912	CG42682
N1.HOG0020913	CG43798
N1.HOG0020914	Sfp51E
N1.HOG0020915	CG8160
N1.HOG0020928	CG40813,CG41562,CG46504,CG46505,CG46506,CG46507,CG46508,CG46509,CG46510,CG46511,CG46512,CG46513,CG46514,CG46515,CG46516,CG46517,CG46518,CG46519,CG46520,CG46521,CG46522,CG10993
N1.HOG0021111	CG12640
N1.HOG0021112	CG43288
N1.HOG0021113	CG43814
N1.HOG0021114	CG30114
N1.HOG0021115	CG13559
N1.HOG0021116	CG42544
N1.HOG0021117	CG44037
N1.HOG0021118	CG44038
N1.HOG0021120	CG44362
N1.HOG0021124	CG31677
N1.HOG0021218	CG44954
N1.HOG0021334	He
N1.HOG0021336	CG9040
N1.HOG0021337	CG45207
N1.HOG0021338	CG43815
N1.HOG0021341	CG43694
N1.HOG0021342	CG43153
N1.HOG0021343	CG45691
N1.HOG0021344	CG44439
N1.HOG0021361	CG43075,CG32588,CG33252
N1.HOG0021538	Muc14A
N1.HOG0021628	CG43703
N1.HOG0021629	CG43401
N1.HOG0021631	Acp36DE
N1.HOG0021632	CG32313
N1.HOG0021641	CG43251
N1.HOG0021648	nol,CG14143,CG32074
N1.HOG0021649	CG30447
N1.HOG0021733	CG32457
N1.HOG0021904	CG45603
N1.HOG0021906	CG42681
N1.HOG0021907	CG31882
N1.HOG0021908	CG43355
N1.HOG0021923	Sfp87B
N1.HOG0022201	CG8870
N1.HOG0022211	CG45218
N1.HOG0022223	CG43447
N1.HOG0022252	jb
N1.HOG0022336	CG43445
N1.HOG0022549	CG17612
N1.HOG0022551	CG44406
N1.HOG0022552	CG43390,CG43391
N1.HOG0022555	CG43789
N1.HOG0022557	Mst57Da
N1.HOG0022576	CG32259
N1.HOG0022577	CG44815
N1.HOG0022897	CG45690
N1.HOG0022898	CG43407
N1.HOG0022899	CG42815
N1.HOG0022901	CG11362
N1.HOG0022902	CG45545
N1.HOG0022904	CG43060
N1.HOG0022933	CG43332
N1.HOG0022954	SteXh:CG42398,Ste12DOR,Ste:CG33247,Ste:CG33246,Ste:CG33245,Ste:CG33244,Ste:CG33243,Ste:CG33242,Ste:CG33241,Ste:CG33240,Ste:CG33239,Ste:CG33238,Ste:CG33237,Ste:CG33236
N1.HOG0023190	CG43438
N1.HOG0023259	CG33284
N1.HOG0023260	CG42852
N1.HOG0023261	Acp95EF
N1.HOG0023277	CG33062
N1.HOG0023292	CG43450
N1.HOG0023301	CG32507
N1.HOG0023662	Sgs4
N1.HOG0023663	CG43231
N1.HOG0023678	CG44227
N1.HOG0023684	CG32811
N1.HOG0023696	CG44521
N1.HOG0023699	CG42763
N1.HOG0024088	CG43133
N1.HOG0024090	Spn28Db
N1.HOG0024091	CG15870
N1.HOG0024092	CG44290
N1.HOG0024131	CG44388
N1.HOG0024248	alphaKap4
N1.HOG0024620	CG17108
N1.HOG0024622	CG44259
N1.HOG0024623	CG43254
N1.HOG0024624	CG33474
N1.HOG0024625	CG44812
N1.HOG0024626	CG30075
N1.HOG0024669	CG14810
N1.HOG0024670	CG14811
N1.HOG0024671	HP1D3csd
N1.HOG0024752	CG46314
N1.HOG0024970	CG5245
N1.HOG0025134	CG11313
N1.HOG0025136	Acp33A
N1.HOG0025137	CG43112
N1.HOG0025191	Spn77Bb,Spn77Bc
N1.HOG0025192	CG44303
N1.HOG0025291	CG45087
N1.HOG0025600	CG43895
N1.HOG0025603	CG34198
N1.HOG0025662	CG43931
N1.HOG0025689	CG45676
N1.HOG0025703	CG43448
N1.HOG0025704	Sfp96F
N1.HOG0025705	CG18545
N1.HOG0025706	CG7362
N1.HOG0025707	CG10862
N1.HOG0025708	CG31883
N1.HOG0025709	CG31709
N1.HOG0025710	CG43925
N1.HOG0025711	CG44477
N1.HOG0025712	CG13540
N1.HOG0025714	CG43077
N1.HOG0025715	CG12992
N1.HOG0025717	CG43156
N1.HOG0025732	CG45086
N1.HOG0025787	CG6999,CG32706
N1.HOG0026119	CG43051
N1.HOG0026416	CG33494
N1.HOG0026417	CG43094
N1.HOG0026418	CG7370
N1.HOG0026419	CG42467
N1.HOG0026420	CG43230
N1.HOG0026421	CG32971
N1.HOG0026422	Sfp33A4
N1.HOG0026423	CG32568
N1.HOG0026529	BG642163
N1.HOG0026530	CG12477
N1.HOG0026531	CG31406
N1.HOG0026533	CG15126
N1.HOG0027342	CG17991
N1.HOG0027344	CG32073
N1.HOG0027347	CG43645
N1.HOG0027348	amn
N1.HOG0027503	CG43362
N1.HOG0027504	Acp54A1
N1.HOG0027507	CG31088
N1.HOG0027508	Mst57Dc
N1.HOG0027510	CG42766
N1.HOG0027511	CG43076
N1.HOG0027512	CG15599
N1.HOG0027513	CG43841
N1.HOG0028517	CG45307
N1.HOG0028519	CG46270
N1.HOG0028522	CG43296
N1.HOG0028524	CG42524
N1.HOG0028525	CG2887
N1.HOG0028736	CG44624
N1.HOG0028738	RabX2,Rab9Db,Rab9D,Rab9E,Rab9Fa
N1.HOG0028740	CG33664,CG33669,CG33668,CG33667,CG33666,CG33665
N1.HOG0028741	CG42583,CG42577,CG42578,CG42579,CG42580
N1.HOG0029943	CG42782
N1.HOG0029964	Sfp79B
N1.HOG0030260	CG43800,CG31909
N1.HOG0030261	CG18563
N1.HOG0030262	CG43101
N1.HOG0030267	SkpC,SkpE
N1.HOG0030273	CG43843
N1.HOG0030274	CG18853
N1.HOG0030275	CG43220
N1.HOG0031980	CG32814
N1.HOG0032404	CG15635
N1.HOG0032406	Sfp33A2
N1.HOG0032408	Sfp36F
N1.HOG0032409	CG43354
N1.HOG0032414	CG43319
N1.HOG0032415	CG33235
N1.HOG0032416	CG5334
N1.HOG0032433	CG34332,CG42581,karr
N1.HOG0032434	MSAmiP
N1.HOG0032435	RpL41
N1.HOG0032438	CG32318
N1.HOG0035215	CG46523
N1.HOG0035803	CG33926
N1.HOG0035818	ng3
N1.HOG0035829	CG33939
N1.HOG0035831	CG46316
N1.HOG0035832	CG46313
N1.HOG0035833	CG46305
N1.HOG0035834	CG43200,CG43201,CG43171
N1.HOG0035835	CG43178
N1.HOG0035836	CG43799
N1.HOG0035837	CG46468
N1.HOG0035839	CG46308
N1.HOG0035840	CG46244
N1.HOG0035842	CG46525
